[1A: GraphicData_SlimeLayer2Body]
1B0000: 0100 12D0 03C0 7070 00E0 0008 0175 4770
1B0010: 7577 78DE 7090 0501 78FB A005 0377 77BF
1B0020: 7590 0501 7676 902A 083E 7677 7879 79B9
1B0030: 7879 8012 0058 8015 0A0C 7676 0375 751E
1B0040: 7474 7373 901E 02C7 7979 8014 0301 7643
1B0050: 77A0 1700 6690 1702 0C72 7290 1A06 F076
1B0060: 7370 70C7 7690 0505 C375 7576 76FF 901B
1B0070: 0674 7475 75D9 7272 8008 03C1 7171 72B0
1B0080: 8B03 A073 70F8 A026 00FF 9026 0073 8008
1B0090: 00FB 801F 0475 7573 71C1 8097 A0A0 00CF
1B00A0: 8008 0A78 7776 DB70 7076 7776 75FC 8006
1B00B0: 0375 7474 FF90 0503 7373 7272 80B7 8005
1B00C0: 0271 71F6 B006 00FF A0BD 800B 00FF 90C4
1B00D0: 0675 7472 71EF 7675 9006 0171 FEA0 2F03
1B00E0: 7171 FC73 A028 00F0 9004 0400 00F0 7374
1B00F0: 807B 0172 7380 E900 7580 0803 7172 7476
1B0100: 900A 00FF 80A0 0173 7480 0900 DFC0 0800
1B0110: CFB0 0702 C371 7180 FB01 7171 A0BC 01F0
1B0120: 7780 3203 FC78 7876 8042 01EF 7690 7680
1B0130: ED80 E400 7090 2C80 2D05 C370 7073 75C7
1B0140: 8004 0176 7490 C380 DE00 CF90 C302 7772
1B0150: DDA1 7201 72DF 800D 803D 0B71 FB70 7072
1B0160: 7878 7571 FF70 7280 0F01 7775 B05D 0301
1B0170: 7343 70A0 4301 7473 8043 0374 7573 CDA0
1B0180: 0502 F770 7480 9F02 7371 7F81 1380 E604
1B0190: 71EF 7475 7790 D603 EE74 7375 8006 00EC
1B01A0: F0DC 03A0 7271 0090 7780 F700 DFA0 8401
1B01B0: 7472 8143 0274 7674 8068 800E 8144 9008
1B01C0: 0074 9147 9008 0075 8020 9008 0273 7577
1B01D0: 8029 9008 0076 C008 0374 7777 75A0 0891
1B01E0: 1990 0891 1890 7B00 FF80 07F0 0801 7674
1B01F0: F008 0271 EF75 9007 0373 71EF 70A0 0702
1B0200: 72FF 7092 5D80 4F00 F790 4580 6900 FFA1
1B0210: 0AB0 0801 7576 8060 0174 DFA1 2302 7574
1B0220: CEA0 0791 3700 7592 8500 C0A0 C900 E6A0
1B0230: D700 F3B1 BB00 F9A1 F901 71F7 B201 0271
1B0240: DF76 B20B 017F 7492 4302 7573 E081 8F00
1B0250: F881 C881 9C02 7173 7780 0604 F671 7276
1B0260: 7791 DD00 7190 CA82 6281 9F01 7778 A010
1B0270: 0072 90C1 0170 FD80 0803 7678 7973 81ED
1B0280: 0074 82F1 91F5 0474 7779 7A7A 81C8 0176
1B0290: 78A0 0600 7480 0780 0600 7381 7CA2 0A80
1B02A0: A080 0602 7475 C390 0C00 E080 5301 F078
1B02B0: 8068 01F0 7A80 5502 F87A 7990 7A80 4680
1B02C0: 1602 DC78 7980 7900 EC80 6503 7070 FE74
1B02D0: B265 00F6 80D8 900E 803E 0077 9096 0072
1B02E0: 8233 0077 80B3 00FB 8233 0175 7690 10A0
1B02F0: 11A0 0880 11A0 A8E0 0880 8200 76C0 BA00
1B0300: 74D0 C382 0AB0 0800 76D0 0800 7790 8D90
1B0310: 3501 7877 8352 00FE 82B4 9107 00FE 8045
1B0320: 90FF 02FE 7373 A070 A0BC 00C7 A2AC 00CE
1B0330: 900A 0173 FDA0 0B01 7374 9039 908B 0076
1B0340: 8081 A152 0170 FC80 F280 3901 F875 93AB
1B0350: 00FC 8046 90E2 80C7 916A 0074 9063 00F0
1B0360: 8024 0070 83CD 83D3 00F8 818C 0471 7137
1B0370: 7476 8005 81DD 0071 9026 92FA 90BA 83D5
1B0380: 0174 4080 2400 C0A3 7C90 2183 3982 2182
1B0390: 8B90 1E00 7780 0B00 FFB0 29A3 F890 08A0
1B03A0: 2A80 3184 9303 7878 AF77 840A 0174 73C0
1B03B0: 1300 CB83 AC82 41A0 1200 7180 7E01 7170
1B03C0: C018 001F A040 9347 B010 B00F 0080 E011
1B03D0: 0303 7374 FEB0 6401 7807 803C 00FE C040
1B03E0: 0100 0084 9903 733F 7375 A313 92A8 9015
1B03F0: D01D 00F0 B022 F53D 9417 9341 0176 7590
1B0400: 5703 0171 4F70 9134 00FF A005 8059 01F3
1B0410: 77A5 5100 F6B5 5000 FC80 54C5 3884 820D
1B0420: 7677 7979 0C78 7818 7777 6076 76CC 901A
1B0430: 00C0 B01B 03CF 7979 7785 0701 CC78 8287
1B0440: 00C6 9040 00C1 80E3 00CC 953A C020 80E4
1B0450: 00FC 92EF 81DF 8058 A009 C068 01DB 7691
1B0460: 3F01 78CF B569 C5EB 04A0 7570 F877 91A6
1B0470: 00FC 81C8 0074 9013 0003 A0B5 8282 0078
1B0480: B487 0076 B381 804A 00AF B554 00AC 83AF
1B0490: 0072 941A A1FA 01EF 74A3 5E85 5095 48A3
1B04A0: EC90 06C5 5190 0700 FCB0 0601 F873 C475
1B04B0: 01FF 73A3 C702 7070 FDA2 D001 7674 B2BE
1B04C0: 8063 00FF B518 0275 76DF C008 C529 B283
1B04D0: D615 00F0 A25C 8437 8270 00EE C598 0075
1B04E0: C55F 00FD A61D 0276 70CD B647 8424 0143
1B04F0: 70B5 1A00 7695 4F81 9101 7371 9557 0277
1B0500: 7873 9557 0074 9007 94C1 0279 7876 94C1
1B0510: 8007 0177 74A5 BE04 0173 4170 7685 6100
1B0520: 7894 6802 7479 C791 0A00 7A81 1700 7381
1B0530: 4100 CD90 4001 74FF 86FC 0177 76A6 5300
1B0540: 79C0 0803 7A7A 7977 A64B 027A 7A78 92BB
1B0550: 00FE C00F 00FC 8188 800E 01FC 7694 FA81
1B0560: 0895 9080 8500 7292 3700 DB94 C800 72A0
1B0570: 9491 3D80 0700 7793 1E00 F790 6AB3 2001
1B0580: 7578 902F 8008 0177 77C0 0880 5CB0 0801
1B0590: 7974 B008 0275 7973 B008 0178 78C0 0801
1B05A0: 7978 A4FB 9008 0176 73A1 AF80 A495 05A0
1B05B0: 08B5 7201 7679 A319 806A 90C9 0176 F9A6
1B05C0: 6F01 77DE 9068 0178 7895 6602 7777 C7A2
1B05D0: BF91 4783 95B1 C101 FE76 B1CF E1E7 00FF
1B05E0: A265 A008 C009 00F7 9184 A612 0070 9186
1B05F0: 0174 7286 A602 7274 E094 0600 7381 A400
1B0600: ECA5 7C00 FE95 7C00 74A0 0700 7891 D100
1B0610: F780 0F01 7874 A496 856B 847F A58F 951F
1B0620: A4BA 919A C008 0179 78B4 DE85 8182 2800
1B0630: 7395 8200 DFC0 1095 8300 76B5 8300 74B5
1B0640: 83A3 1584 7801 A076 8583 8081 01F8 7993
1B0650: 1B01 F87A C79C 949B 01EC 7495 FEA3 F000
1B0660: 72A6 0D90 A400 FEA7 D090 0795 1DA6 14A0
1B0670: 07A7 FAB8 0C80 0800 77D0 11D5 7482 2BC0
1B0680: 0802 7379 75C0 0885 DC00 FFA5 3801 7879
1B0690: A5B3 802C 9008 8119 80CB 9008 0174 76A0
1B06A0: 08A4 7086 1CB2 EEC3 0300 76E3 14B0 5EA3
1B06B0: 26B0 0701 77FB 9662 8171 9622 81DA 815E
1B06C0: 0074 8004 00FB 98A2 8085 00E7 976B 0270
1B06D0: 70DE 93FB 8669 A6DA 00F8 A3E4 A587 01FC
1B06E0: 7197 BE98 5500 73A0 0800 DF95 4E83 D0A2
1B06F0: F000 7691 B1A4 4FB5 2184 52A2 9500 7494
1B0700: 1000 7593 5801 7140 D53C 0100 F794 CE80
1B0710: 15B4 1380 75A8 90D5 9801 00CF B487 00E0
1B0720: 8018 D012 00FC B027 0101 77C0 1001 FB74
1B0730: B042 C4B2 90A7 9005 A01D 000F 868D 0076
1B0740: B020 8044 A562 A1DE 0274 71BF 9005 80F6
1B0750: 00FE 8020 957B 02F8 7674 A262 0072 E586
1B0760: 0201 7347 88A7 94C1 8174 849F 8263 912F
1B0770: A0D8 0303 7376 F898 E804 7630 7575 3FBA
1B0780: 7F00 6693 2900 60B9 BE01 F877 9ADC 00E0
1B0790: 8165 00F0 9537 00F0 983B 00D9 A53A 01CC
1B07A0: 72B2 5401 00DF 9AE0 0076 B168 800A A58E
1B07B0: 00CC E02C 00DE F567 A565 0078 917F 918C
1B07C0: 8006 00F7 A591 821F B592 0077 B025 0103
1B07D0: 75B6 2F02 7878 FDC5 7201 F070 85F9 007C
1B07E0: A365 A9E9 00FF BAEB 83BC 9006 A951 A3C2
1B07F0: 9396 C007 00FC B006 00F0 91AE 0000 825B
1B0800: 0075 A061 9AB9 0075 906C 00FD A896 B561
1B0810: 0073 E561 0073 97EA 0072 916E 98AB B0AA
1B0820: 00FC C88D 9036 0370 70CF 74D8 7BA7 F983
1B0830: AD90 3702 7570 DBB0 0797 B700 4784 C100
1B0840: 72AA C2A4 D501 7677 A400 8444 0074 A4CE
1B0850: 8AD1 A4AA 80EE 8008 00EF 830C 9533 9BC6
1B0860: 0043 8477 80DE 0178 7A82 3702 7679 7AAB
1B0870: D002 7979 CE90 3200 7985 6B80 3000 DFB0
1B0880: F701 74FE 9167 0074 A560 0079 9056 00FC
1B0890: 9568 9006 8822 A566 0074 B566 9101 00F8
1B08A0: ABD6 00F0 900A 908D 8A88 955B 9AAA 92A7
1B08B0: 9A51 8A6C 9AD6 950A 0070 A00F 9008 0178
1B08C0: 75C6 DE00 78B6 CD95 6D00 74B5 8802 7877
1B08D0: 74C5 8801 7875 D008 0076 B008 0076 A0D4
1B08E0: 00FF A61F B5C5 0076 95C6 90B7 8093 A67A
1B08F0: 8B8E BBE0 A8EC 0074 C369 0077 BC06 C561
1B0900: 0000 A0AE B567 00DC A5C9 00EF BAC3 856D
1B0910: BAC4 AB81 800B 0172 72A7 A401 7372 AC40
1B0920: 0075 A95E 01F8 74B9 7D00 7697 0902 FC72
1B0930: 7792 9B01 EE72 A1C5 02FE 7176 A40C 01F7
1B0940: 7181 7F00 7294 A19D CE84 EE00 FB83 1195
1B0950: 7694 5300 759B B692 2099 FE00 DDA0 0701
1B0960: 74CD A1DF A21E 977F 0040 BC7C 8440 00F0
1B0970: B36B 93AB 0073 93AB 00EC 8216 A9FA 0175
1B0980: 75AA BBA0 8B00 F684 63AA 6992 3D98 9200
1B0990: 7192 3C00 74B0 0801 7476 CD52 911A C008
1B09A0: 0076 B008 9234 B008 9360 A09B 91FE B008
1B09B0: 8009 AD88 F008 8008 00FD AAF8 0178 7598
1B09C0: 5380 0794 3A02 0172 5990 BB00 F3B2 E100
1B09D0: E7BA BA00 FBB0 0601 75FE DAC1 A14D C543
1B09E0: 938A 8E60 9008 0076 958E 0074 A142 00FF
1B09F0: 9B6D 90AB 00FE A8F1 854A A005 00F8 9AF7
1B0A00: 0270 00E0 821B 007F AE92 0073 BACD 0074
1B0A10: 808D 00DF CAA3 00C3 9007 E545 00F0 9247
1B0A20: 01DF 78BA 8E00 F8AA 5DD0 28FA 8A00 FEB0
1B0A30: 1E00 718A CCF0 14F0 15F0 1200 F490 37FB
1B0A40: 0D95 9200 80FB 0901 78FD BABE B561 84EB
1B0A50: 00FD 918A 99CD 0076 9A6E 9ABF DB16 00FC
1B0A60: B006 00C7 96E0 0174 FBAC 4182 6F00 7392
1B0A70: A1F0 1D01 A074 9553 D5BF 9000 0C1B 7678
1B0A80: 7171 3B76 7A7A 7671 BB71 8782 0078 8006
1B0A90: A00D 019B 7190 1902 0000 6C90 0600 EEA0
1B0AA0: 1201 71EE A020 0571 EE77 7A7A 7790 1400
1B0AB0: 7793 B600 EE87 A283 B601 EE72 A67F F050
1B0AC0: F050 F050 801F F04F F04F F04F F04F C04F
1B0AD0: 016C 72D0 0401 000D 8039 009D A04B 82D5
1B0AE0: 9039 8006 900D 00CD 9DBF 0171 B6A0 5E00
1B0AF0: 77B0 5800 77B0 5800 77B0 5800 77B0 5800
1B0B00: 77B0 5800 77B0 5800 36A0 5301 003B C0A2
1B0B10: A029 80A9 9029 01BB 71A0 2901 BB71 A029
1B0B20: 019B 71B0 29F0 B9F0 B9C0 0DA0 19F0 F8F0
1B0B30: A5C0 A590 5C90 AC80 5C01 DD71 A05C 00DD
1B0B40: A6FB 0072 A397 0171 8D90 0402 8071 36F0
1B0B50: C0E0 C0B0 0DA0 19A0 FF01 8071 F105 F05F
1B0B60: F05F F05F A05F 91E9 F056 F056 F056 0671
1B0B70: 0014 7571 3673 901B 0273 787A 981C 0075
1B0B80: 901C 0375 73B7 71A0 0EA0 1A80 2207 1473
1B0B90: 7114 7471 1476 8010 0078 9841 89AE 8122
1B0BA0: 01B6 7190 0D80 1580 1B01 00F7 94E9 0772
1B0BB0: 7371 F772 7573 7285 5A00 F7A8 8891 7000
1B0BC0: 7595 5F00 77B0 0DE0 1DC0 2D03 8071 1472
1B0BD0: 9002 0236 7375 901C 902B 0072 9057 800D
1B0BE0: B018 0000

[08: GraphicData_MinotaurGorgonBull]
1B0BE4: 0401 0500 0740 0000 7FE0 40F8
1B0BF0: 50E8 00FB FF60 EF95 6F6E 820E F1D7 0000
1B0C00: 6070 8080 FFF3 F0FF FC7E 790F 0080 001F
1B0C10: 0301 0703 0FC0 0000 0000 1FF8 D8E6 B6C9
1B0C20: C000 000A 183E 9000 0111 0001 4000 007F
1B0C30: F745 6AE1 6F23 7DFF 5E38 2E90 47B9 7AE4
1B0C40: F300 00F7 F0FB F8FF FEFD 7E79 4700 FE01
1B0C50: C000 0010 0140 0000 007F F745 6AE1 6F23
1B0C60: 7DC0 0000 33F7 F0FB F8C0 0000 0000 007F
1B0C70: 0101 0200 0303 052F 0204 0A08 37F3 0000
1B0C80: 0101 0303 0F05 0108 00DF 0080 C0C0 E181
1B0C90: F2FF 429D 8D38 441E 2AD5 FF00 0080 80C0
1B0CA0: C0E1 E1FF E3E3 DFC3 EDE1 2A20 C100 0080
1B0CB0: E580 4000 8000 00CC 8080 0000 0401 0400
1B0CC0: 0000 7FF3 32ED 736C F06F FFB0 6908 3110
1B0CD0: C303 64FD 0000 7373 F3F3 F0FF F6F6 FEFE
1B0CE0: 3C3C 1B18 D700 C040 FD40 87FF 811F 3B9F
1B0CF0: 30D7 F304 FF00 0080 8000 00C0 38FD 8160
1B0D00: BB58 FB18 08DF 0060 D070 FC84 96FF BCBE
1B0D10: F0FE 609C C034 DF00 0020 7030 8468 FBBC
1B0D20: 40F8 00E0 C008 FD00 0401 0200 0107 F003
1B0D30: 0F0B 17F8 0003 0100 0020 08FF 1D6E 8273
1B0D40: C13C 19EA FF1A E908 E726 D395 E9FF 5F80
1B0D50: D30C C102 3D0C FF3E 0E29 1037 081D 02F0
1B0D60: 021E 0A16 970C 1716 040E E001 0009 AE0D
1B0D70: 0C0D 0105 FE21 7E1F 580C 7B04 FF36 81F7
1B0D80: 6D02 F466 F8FE BF00 9F20 BF00 87FF 7F7C
1B0D90: FFFC 9E9D 0665 D700 0301 0705 0BFB 0917
1B0DA0: 051F 0608 19E2 0100 0004 8B0C 0E08 06FF
1B0DB0: 152E 00F1 B0C8 B4DD FFA8 D9C8 F9EE FFD2
1B0DC0: DFFF 3FC0 110E 3807 3D02 EE39 0619 0F00
1B0DD0: 23D1 0001 0001 5703 0107 050B C000 00A2
1B0DE0: 0100 04FF 5E38 2E90 47B9 7AE4 FF15 2E00
1B0DF0: F1B0 C8B4 DDFF FEFD 7E79 4700 FE01 FF3F
1B0E00: C011 0E38 073D 02FF 0003 0307 060E 0E19
1B0E10: FC0B 3710 2800 304A 0001 06BC 0F18 0710
1B0E20: 0FFF 34CC F3FC 111E 04E7 FDC2 FB79 7D34
1B0E30: 3637 7A03 1700 E318 BEE4 7A80 35C8 36FF
1B0E40: 182B FC4C 7886 26DB FF0E CA23 E4AF E89D
1B0E50: F2FF 18C4 FC03 7801 3602 FFCF 3327 182F
1B0E60: 103F 00FD 0080 8040 00C0 407F C040 A080
1B0E70: F860 FCE3 0000 8000 806A 00C0 E0F8 8000
1B0E80: 4F01 0103 0206 C000 0002 01FF 1C7A 2855
1B0E90: 619A 46B1 FF00 FFC0 C000 3F0E CEFF 3C01
1B0EA0: 3902 7304 6608 EB00 003F C00E 31FF 7CB3
1B0EB0: 20E1 B071 31F0 FF0F FE63 7C1C 9F0D 6EFE
1B0EC0: FF00 A11E B10E 71EB 0F00 8360 1383 FF80
1B0ED0: 68E0 38D0 28C0 30D1 00C0 80C0 F280 10F0
1B0EE0: 00C0 8300 8080 CF0C 120E 1104 0BCF 020E
1B0EF0: 0006 0205 CA0D 000E 07CB 0601 0203 00FF
1B0F00: 4A76 253F 343C 78F7 FF3A 6D18 2F0B 3F0D
1B0F10: FBFF 8E03 C501 C403 0808 FF13 9014 D417
1B0F20: D7D7 17DF 000F 0E05 0A02 053D 0102 0001
1B0F30: 009E 0401 0500 02A8 0301 00FF 49F7 07FD
1B0F40: 033A 11EC FFC5 FE16 FD48 A715 79FF 0B40
1B0F50: 0F00 13C4 1102 FFD5 04D6 0649 101D 02FB
1B0F60: 0818 0F1F 050B 14F7 040B 030C 0401 06F0
1B0F70: 0807 0F00 A205 0301 FF4C CB3B F7D7 FF9F
1B0F80: BFFE 1F3F 079F 936F B0FB 3404 8F0F CF8F
1B0F90: 4FFF 0FCF 8F6F DF1F 9B1B FF01 0F1D 071C
1B0FA0: 0610 0ACF 1A0B 190F 020D EB04 001C 1D19
1B0FB0: 048E 1A1F 0007 FF94 FD92 F7C0 F108 39FF
1B0FC0: 0919 858D 7BFF 3877 FF3D 0237 0811 0ED9
1B0FD0: 06BF E975 0203 000C 8CE2 0030 1000 FF18
1B0FE0: 2804 1C02 1E07 1BC0 100F FF18 070C 0306
1B0FF0: 0107 00CF 2223 4061 2141 3FA0 C1E2 93B5
1B1000: CEEC 22DC 2361 9E3F E11E F30C FF00 FF59
1B1010: 6558 E40D B361 FEFE 70D9 30E8 68F4 78FE
1B1020: 9D02 1C03 4F00 01FC 2020 5050 5858 FFCC
1B1030: 4E0C DE08 EC80 F8D0 00E0 00DF CC34 2808
1B1040: 10C0 0080 00F0 0207 040E 3C03 0D02 05D0
1B1050: 0000 0130 0300 6F03 0205 0604 078F 0504
1B1060: 068D 8FCE 03FC 07F8 068F 0706 F98F 70FF
1B1070: 071F 8387 41C3 EE1F FFFF 00BE A140 6600
1B1080: C2FF 01E1 8179 C03C FE00 BFFF BE40 6598
1B1090: C13C FDC0 60A0 7040 B0F0 FDE0 B0C0 A080
1B10A0: E0C0 B3C0 E0E0 A0A0 C340 4000 00F4 0102
1B10B0: 0001 0000 A001 0000 FFEE 1D0F FF07 E730
1B10C0: F7FD 347B 0F70 001F 00FF EB0B 0404 5B03
1B10D0: 0800 A807 0F00 0000 0000 FF1A 2605 1D04
1B10E0: 0E03 0BFD 000F 0304 0003 00EF 1E03 0504
1B10F0: 0103 07E8 0000 0300 6303 0100 0110 0000
1B1100: 00FF 984F 54DB ADB2 CFF0 FD30 FF18 F800
1B1110: 1F00 FAB0 1027 004F 0FA8 0007 00DF 010E
1B1120: 0603 0400 0340 00A2 0703 0000 FF1F 306F
1B1130: 9018 FCF4 FBFB 4FF0 207F 1F00 1FFF 0FCF
1B1140: EF0F 0303 0400 A00F 00EF 093F 082B 5D31
1B1150: 4BFC 3805 0C03 0000 8703 2005 30F4 0238
1B1160: 000C 00FF 1BE4 60FF F9E7 C1F9 FD06 E718
1B1170: 9E00 7800 AAFF F0F8 E6A8 9860 00FF E8F4
1B1180: A0F8 E0B0 00E0 4000 FF58 5850 5040 4000
1B1190: 0000 0000 0000 F401 0200 0100 00A0 0100
1B11A0: 00FF 1EFC C33D 7F80 017F FF07 3B01 1708
1B11B0: 1900 0FFA FE01 FF00 7F01 AA07 0906 00FF
1B11C0: 0406 191D 817D C2CB FF04 3783 EC0F F03F
1B11D0: C0FF 05F8 1AE0 FA00 C430 FF28 C0D0 03C0
1B11E0: 0F00 3FE4 80C0 0080 3080 40C0 0000 1080
1B11F0: 4000 7F03 0304 0205 0304 C000 0020 03DF
1B1200: 0007 1F07 3F08 F8FF C838 08F8 B050 70B0
1B1210: EB00 0007 1F18 078E D8B0 0F70 D700 00C0
1B1220: E040 78FF 103C 081E 1C1F 717A CB00 0080
1B1230: 4080 DB00 C0E0 1075 80C0 0000 07C0 807F
1B1240: C000 0002 8090 0001 5500 0102 0140 0005
1B1250: 0100 7F97 010F 0779 7738 FF06 E101 3F77
1B1260: 4BAD D5FC 6060 F7F0 FFFC FF1F 1827 C07F
1B1270: 80ED 02C0 0000 0000 0000 0000 0000 0000
1B1280: 0000 0000 0000 0000 0000 0000 0000 0000
1B1290: 0007 0303 07FF 070F 011E 0214 0010 4300
1B12A0: 0303 F007 070F 0FFC 00E0 40E1 C0A1 FF80
1B12B0: 2100 5F15 F2E2 48FC 0000 4040 C0C0 3F80
1B12C0: 8017 0BEB D5FE 0080 80C0 C0A0 40FF 20D0
1B12D0: 8050 4010 0020 7C00 8080 C0C0 C3E0 E0C0
1B12E0: C0FF 0708 0E39 357B 2679 FF6F F043 FF0E
1B12F0: FA55 AFC0 0700 AF0F 1F1E 011F 40FF A060
1B1300: A1A1 FEFF 01FE FFE3 FDD5 DB1E 9A0E 4AFC
1B1310: E01F A15E FF00 3FDF 209E 614E B1FF B1FA
1B1320: 20EB 41CB 858E DF40 5554 8ABE 9ABF FFF5
1B1330: 00E5 10C5 3081 70DF 48E2 E3A2 C183 C0FF
1B1340: 7E81 C03F 80C7 1EBF 9F5E BD30 8700 4EFF
1B1350: 7E7E C606 B838 7E7E 0F78 7834 B0F6 0003
1B1360: 0307 0F01 BF16 1909 1808 1F0F C200 0004
1B1370: BF1E 1906 1807 1F00 FF18 E938 D9C8 F9EA
1B1380: FBFF 909F 4CCB 0BCF 9FF7 EB19 0639 190B
1B1390: 04FB 6000 3707 B7CF 0FC0 0000 0000 0000
1B13A0: 0000 0000 0000 0000 0000 0000 0000 0000
1B13B0: 0000 0001 01FD 0103 0307 000F 0C40 0003
1B13C0: 0403 FF01 0800 0C08 3711 EDFF E0FB 0710
1B13D0: 008F 81C6 FF07 0703 030C 0019 02FE 0204
1B13E0: E708 7000 B9FF 926D 1F21 31D2 6081 FF20
1B13F0: DDC4 5B05 8616 99FF FEE0 DFC0 330C E11E
1B1400: FF21 02DD 2005 789F 60DF 00C0 A020 10A0
1B1410: 30FD 60D0 40A8 8064 74FF 0000 8040 20C0
1B1420: A040 EA60 0050 D8E8 FF60 9F74 8F7B 877C
1B1430: 83F0 7F80 0000 F501 6000 7078 7C50 7F00
1B1440: FF06 2205 EB0E F180 9FFF 13FF 0F1F 030C
1B1450: 0003 FE26 D9EF 100F 0060 FF0F 0F00 0003
1B1460: 0300 00FF 137C 055F 04FC 21F1 FFE1 D0C1
1B1470: B099 6E0C 93EF 4380 2524 23C1 CEFF A1AE
1B1480: 514E 9F80 0F00 FF80 BCB8 5C30 ECB0 6CFF
1B1490: 88A4 80AC 4098 E010 FA88 40F8 0070 B0CF
1B14A0: C8D0 5020 E000 DF00 0F0E 050A 0205 3D01
1B14B0: 0200 0100 9E04 0105 0002 A803 0100 FF49
1B14C0: F703 FA01 3C15 EEFF 26DD 41BE 5AAB 097D
1B14D0: FF0B 4003 0411 C215 04FF B606 6100 5B04
1B14E0: 1902 FF13 6280 7DC9 3A08 FBFF 4F90 46BF
1B14F0: 6A9E A9DD FF53 8CE1 02ED 0C2E 0EFE 5F20
1B1500: 6F06 6A03 29FF C846 01BE 935C 10DF FFF2
1B1510: 0962 FD56 7995 BBFF CA31 8740 B730 7470
1B1520: FEFA 04F6 6056 C094 C000 0000 0000 0000
1B1530: 0000 0000 0000 0000 0000 6318 0804 0CEF
1B1540: 070F 0300 0702 05C3 0807 0403 C807 0003
1B1550: FF41 6242 5341 0960 24FF E0A4 60A2 51B3
1B1560: 6E9F FF5D 804C A046 B063 98FF E318 E11C
1B1570: F00C FE00 FF1E E1F7 084F B891 FEFF 92FD
1B1580: 85EE C1AE C273 CBFF 007F 3108 BF32 211C
1B1590: 615C D3CC FF70 BC88 B468 F480 3877 5800
1B15A0: E898 10B8 FFF0 00B8 40F8 2090 40FA C020
1B15B0: 1000 6050 8000 0000 0000 0000 00FE 061F
1B15C0: 030F 050B 04FD 0007 0205 0003 00AA 0F07
1B15D0: 0506 8802 00FF C070 00B0 4058 2028 F790
1B15E0: F880 C8F0 00C0 FFE0 00A0 4050 E020 F0F6
1B15F0: 9010 C030 0000 0000 0000 F107 3700 3F1F
1B1600: FF0B 1700 1F08 1400 0FB3 1710 0000 03DF
1B1610: 0807 000C 0300 00FF 447C 2837 333C 73FF
1B1620: FF34 6B19 2F08 3F0D FBFE 8C03 C800 C003
1B1630: 00FF 1490 13D0 14D4 D717 FF22 3E14 ECCC
1B1640: 3CCE FFFF 2CD6 98F4 10FC B0DF FE31 C013
1B1650: 0003 C000 FF28 09C8 0B28 2BEB E8C0 0000
1B1660: 0000 0000 0000 0000 0000 0000 0000 00F4
1B1670: 0102 0001 0050 0100 A001 0000 FEFE 0161
1B1680: 9F01 F979 BFF9 0EF1 031C 0007 E8FE 0078
1B1690: 062A 0F03 00FF 40FF 57FA 6FD2 BF7D FFE7
1B16A0: 9B03 FFF8 0700 FCF3 8080 BDBD C2C2 FA7C
1B16B0: 7CC0 00F8 00F5 30F8 00F0 E0C0 B480 0080
1B16C0: 00A8 3060 0000 0017 0102 0104 C000 0007
1B16D0: 0101 02C1 0000 787F D6A0 EA54 7E10 BFC0
1B16E0: 0000 7F28 A014 5480 1040 FF00 1F13 7C4A
1B16F0: BB43 BCFF 1FFE 20E7 07CF 04DE EF00 001F
1B1700: 7B04 4F00 BF3F 601B 4037 412C FF00 3010
1B1710: EC24 DBC7 38FF 59BE 9E7F 40BF 0F30 FF00
1B1720: 0030 30BC 3CC7 07F7 4101 0080 C0CF 0080
1B1730: 0005 0103 4000 0000 1FF0 B06C 1CFA C000
1B1740: 0005 F01C 4000 0501 0340 0000 0B03 0403
1B1750: FF3B 0732 CD7E BA48 CCC2 0000 03AF 0737
1B1760: 7E01 CC33 FF1C 00EE 10A1 6281 82FF 788B
1B1770: DCE7 203F 150B EF00 000C E21C 827C FFFB
1B1780: 04FF 0030 C01C ECC0 0000 AB80 C020 9080
1B1790: C000 000F C0C0 6060 C000 0000 0000 0000
1B17A0: 0000 0001 0340 0000 0007 E080 70C0 0000
1B17B0: 01E0 5F00 0704 0E01 1B7F 2A32 7104 7722
1B17C0: 5FCF 0000 0601 0304 7F14 320C 3408 3800
1B17D0: 8700 C0C0 70FF A058 20D8 102C 003C 4200
1B17E0: C0AE F030 D0C0 C0EA 0207 0003 017C 0E04
1B17F0: 1700 15C8 0200 03B8 010C 0C0E FFC2 F3EE
1B1800: 1360 9E24 DAFE F00C 00FC D8F4 18F8 C20C
1B1810: EE00 FCBC F008 08C8 C8FF 50CC 3069 106A
1B1820: 0236 FD01 3702 3503 140C FF43 3826 1004
1B1830: 110A 01C2 0B00 03FF 3FC0 4F70 2F30 6F70
1B1840: FCCF F01F E0FF 00BF 3F7F 803F C07F 80C0
1B1850: FF00 FC00 0702 050E 02FF 0B07 120D 2E1A
1B1860: 281C EC00 0002 0601 EF03 000F 1E01 1C03
1B1870: FBCE F514 1F18 0A0D 3F72 FD64 1A30 0CFF
1B1880: E00E 10E6 18E2 08F2 3FF8 0270 8430 C0FB
1B1890: 0205 0007 0203 05DD 0103 0200 0100 4102
1B18A0: 0344 0100 EB80 8486 0765 E6FF B87F C2FD
1B18B0: 9C62 00FC FF84 7B86 7987 7867 18F5 3C80
1B18C0: 00C2 FC00 FF0A 1522 0D47 A272 97FF F113
1B18D0: 390B 1807 0E01 7FEE 36C6 DF07 2B23 FF2D
1B18E0: 2115 1108 0801 00CC E8C0 64F0 BF48 B448
1B18F0: 0EF0 6668 CC30 3018 18FF 0000 B080 3C00
1B1900: 6C90 C000 0004 0140 0000 070F 0639 FE14
1B1910: 7B22 EFC6 4FC2 C100 0006 BC30 6016 C036
1B1920: FF00 0703 0F06 1E04 1C0F 0E16 0B17 EF03
1B1930: 0007 0E01 0C03 0F0E 010F 00FE 60B8 B0F8
1B1940: 187C 58AF 5040 0078 50A8 FC00 7080 3040
1B1950: 9807 90C0 10F0 122F 0217 0F00 1508 1BF0
1B1960: 1000 0808 0A0A 0DF1 0034 1036 326D FAD0
1B1970: 04EA F6C3 C8C8 CCCC CEC4 C414 04EC C000
1B1980: 153D 0411 001D 0FC0 0E0C 0E02 0004 D218
1B1990: F4F7 1BFF 10FC C038 D028 172F CAC8 C8C9
1B19A0: CBFB C0C3 C8C7 D8DF C0DF 0000 C0C0 2020
1B19B0: F02B A020 A070 CB00 00C0 8020 00C0 0000
1B19C0: 0000 00FF 741C 4C24 6A26 8D42 FFCC 0BC5
1B19D0: 0640 3F31 0FFF 3C03 2C13 2E11 0F30 FE4D
1B19E0: 3145 393C 000C FF08 3038 005C 201E 98FF
1B19F0: 8744 21D2 F13E 2CDF CF20 C058 9864 04FF
1B1A00: BA82 ECE0 F0F0 3D3C C000 002F F048 D0DC
1B1A10: E0C0 0000 0FD0 60D8 0080 0000 0000 EF05
1B1A20: 0307 0401 0502 E803 0001 009B 0302 0003
1B1A30: 00A0 0100 FB43 6493 B6A3 0B1C FE56 585C
1B1A40: E0E0 0000 F366 98B6 481C E8FC 58E0 E040
1B1A50: 0000 5F01 0303 1D1B 26FF 0D3A 1739 37F9
1B1A60: 63AD EA00 0001 031B 8307 5340 FFC2 0F62
1B1A70: A7D8 6FDA E5F3 ACB3 1619 2837 FCC0 36E0
1B1A80: 1AF8 02F3 BC40 1EE0 38C0 FE04 1B06 1F01
1B1A90: 1909 2F08 061F 0817 CC0F 0009 060E 0F00
1B1AA0: 0CFF A07C 808C 080C 1814 FF00 18B0 A840
1B1AB0: FC20 DCFF F000 8870 08F0 18E0 BE10 B040
1B1AC0: E800 28FF 081C 040C 020E 0106 FE06 0904
1B1AD0: 0A0A 160D FF08 0B04 0306 0103 00BB 0706
1B1AE0: 010E 0F00 FF44 7E40 7CB0 FCF0 3CFF 58BC
1B1AF0: 385C 082C C80C FC74 8470 80F8 003F 7880
1B1B00: 28D0 C830 FD03 0C01 0600 0100 00A8 0701
1B1B10: 0000 FF39 C6CC 3320 DF0E 31F4 010E 0001
1B1B20: 00AA 3FFC 3E0F A001 00FB A070 20F0 00A0
1B1B30: 503D 20D0 0078 1CE2 8020 0080 2400 0000
1B1B40: 0000 00FA 0D01 0400 0201 8000 FF02 0203
1B1B50: 0301 0100 0000 FFC4 FAF9 FFF5 3B04 3AFA
1B1B60: CA05 3700 0300 FF04 0501 00C7 C0F6 F1F8
1B1B70: 3330 0300 00FF 6264 8E8C 22E4 4C78 FF14
1B1B80: 180C F0F8 60F0 00FF 6498 8C7C E418 7880
1B1B90: FA18 F0F0 00E0 0000 0000 0000 0000 0000
1B1BA0: 0000 00FF 68AE 2DEB 062D 1337 F402 1F00
1B1BB0: 0E00 FF50 4911 0C10 0608 03F0 0606 0000
1B1BC0: FF50 68F0 8800 F080 E0D0 00C0 00FD 7080
1B1BD0: F000 0040 C040 00FD 0816 051E 041F 2F2E
1B1BE0: 1410 2B11 E309 0101 1111 0815 FD08 74A0
1B1BF0: 7800 D8D4 8E08 00DC 80EB 9880 80A0 A888
1B1C00: 00FF 0B14 0A15 0608 041A FB00 3E20 7F30
1B1C10: 70FF CC0F 0006 0195 000E 0703 F728 CC10
1B1C20: 2C0C 001C BD10 303C 20BC B8FC E810 38C0
1B1C30: 18E0 3638 C040 30FF 000F 0D36 385F 70AF
1B1C40: EC20 F808 50B0 D700 000F 3807 70FC 0867
1B1C50: 1847 104F D700 0080 C080 60F3 4020 2050
1B1C60: C0B8 C200 0080 E340 8060 C000 8000 0501
1B1C70: 0340 0000 070F 0639 FF34 4B42 BFB0 7FF8
1B1C80: 0FC1 0000 06BC 3078 02FC 0080 0077 0302
1B1C90: 051D 1966 C000 0022 031F 8100 F0FE 40CE
1B1CA0: 8483 8287 86C0 0000 F4C0 3084 787A C000
1B1CB0: 0000 0000 0001 3840 0000 0007 0101 03C0
1B1CC0: 0000 0201 8700 3F23 67FF 46CF 068F 0C97
1B1CD0: 24FE C300 0020 1BF7 4036 0076 6CE0 0CC0
1B1CE0: 0000 0000 0000 0000 00FF 122B 043F 033C
1B1CF0: 1639 F304 3B05 0A0F 13EA 1410 1013 17C2
1B1D00: 0700 0FEF 60FC 0060 DCF0 E8FF F8F4 04FA
1B1D10: 029D 008B CB08 08E8 F000 AFF8 FC0E 6002
1B1D20: 74FF 74FF 48DB C4D7 D0F7 FF84 A324 6B1C
1B1D30: 532C 33FE 0401 2804 2608 16FF 4618 2E10
1B1D40: 1E20 3E00 F120 F880 F0E0 1DC0 0080 00E2
1B1D50: 3080 2000 0400 FF4E BF26 590C 3302 1F53
1B1D60: 1E0E 0006 F41F 400F 2000 E20E 0106 02FF
1B1D70: 88F4 38FE 22E3 A061 FFE1 2052 3168 1464
1B1D80: 5AEF F800 FCE2 1CE1 1E3F 728C 7B80 6D8C
1B1D90: FF02 0500 0404 0C07 17FD 0828 0068 2F67
1B1DA0: 40FB 0300 0003 040F 00CD 1007 3F30 20FF
1B1DB0: 32CD 1A15 121D B6B9 FFD6 E9FC 839C 6230
1B1DC0: CCF3 FE00 1EE0 BE40 E2FE 00FC F0FE 0587
1B1DD0: 00BF 5BE7 19FF 1CE5 2AF9 3671 107F FF05
1B1DE0: 7800 4058 185C 1CF3 5E1E 0E0E 2120 FF0E
1B1DF0: 8F16 FB98 67C0 BFFF E8D6 302C 20D8 50AC
1B1E00: FF8C 723C 0298 8240 46FB 202C F030 3090
1B1E10: 50FF 003F 307F 255D 205F F206 7910 BF16
1B1E20: EF00 003F 3D02 2000 F006 0646 46FF 20DE
1B1E30: AA6D 44C7 12FD FF49 B794 EB86 D984 DAFF
1B1E40: 3800 EE10 C438 B803 BD58 1006 2026 24FF
1B1E50: 0206 000C 051C 001F 2F0B 083F 285F FF02
1B1E60: 0104 030D 0208 00CF 0303 0000 2020 FFC0
1B1E70: BEE0 7E8C 9204 8AFF 0ACD 58FF 04BB 00BC
1B1E80: CFE0 0C80 6C00 74FB 0832 1C00 4C50 10C0
1B1E90: 0000 1701 1F19 3EC0 0000 0219 8700 1C08
1B1EA0: 747F F460 FCC8 DC88 9CC1 0000 08AF 60E0
1B1EB0: C028 8068 F70C 1008 161B 010E D000 0300
1B1EC0: DF0C 0301 0A04 0300 8000 FF8E C742 3DA4
1B1ED0: DA00 FE50 8000 FE8E 3056 80E4 0000 00FF
1B1EE0: 1A05 0806 0C02 0004 4000 A21E 0C00 0000
1B1EF0: 0000 002E 0100 0101 2F03 0503 5F3F C001
1B1F00: 01CF 0303 0F0F FFFF C000 002F 8040 80F4
1B1F10: F8C0 0000 CF80 80E0 E0FE FEFE 2649 3057
1B1F20: 1F3F 09FF 0739 083F 1D2E 1827 EC37 2028
1B1F30: 0606 BA16 1800 1F18 EF00 F040 E0D0 C0E0
1B1F40: FFE0 90D0 20B0 60E0 F0F3 8000 2020 0000
1B1F50: AA60 F0B0 E0FF 3057 043B 102E 0A15 FF09
1B1F60: 1400 0C04 0202 05FF 2B20 1314 1611 050A
1B1F70: DF04 0B03 0205 0102 FFFC E2F8 F7C8 8F20
1B1F80: 075F 3FBE 00F8 8040 FFE0 7CF6 688A F002
1B1F90: F8FF 24C0 A840 4000 0080 FF56 BF40 AF47
1B1FA0: B80F F3FF 1CE0 187C 3557 2A59 FA46 4650
1B1FB0: 4047 4FEF 1C03 1835 082A 04D3 245A DAA4
1B1FC0: 5AFD 40BF A0DB 0058 98E2 A024 20A0 ED40
1B1FD0: 00A0 10A0 60FF 037C 2779 0E70 0C3E FB0A
1B1FE0: 1B15 2C03 183F EE23 2027 0E01 0CFF 0A04
1B1FF0: 1502 0310 1800 DF80 78F0 4078 5864 F590
1B2000: A200 F2FE C0FE 9010 8000 4080 58F4 904C
1B2010: 000C 00FF 113A 2152 3156 10FF BF08 097E
1B2020: 1D2E 3D4E F719 0431 0C08 3504 8F25 1110
1B2030: 3330 EF88 9E08 04CE C026 FF64 9A7C C23E
1B2040: A11E 91CF 8068 C034 E018 CFFC 00BE 409E
1B2050: 60FF 00FF F807 C53B BB7D FE87 7FD8 3820
1B2060: E0E0 E000 00FF 3CF8 07E0 1FFF 00E3 20DC
1B2070: 607F EFFF BF00 8BE4 4867 90FE FF00 00E3
1B2080: 0370 80E0 00BF C0DF 1F5F 9FC1 01FF 00F0
1B2090: B07F 2C1F 03F3 FF81 8E0B FC76 F995 7BFF
1B20A0: 0000 F0F0 FEFE 0C0C EC71 0003 F7F0 C100
1B20B0: 00FC FFF8 04F0 1A40 CE12 35C0 0000 9FF8
1B20C0: 04C4 3012 C8F8 0503 0301 01B8 0001 0000
1B20D0: F30F 0F03 0301 0103 0000 F840 8080 0000
1B20E0: 00F3 E0E0 8080 0000 00FD 0817 0609 0007
1B20F0: 0000 A80A 0600 007D F080 6000 8000 0028
1B2100: 8000 0050 0300 0000 0050 C000 0000 00FD
1B2110: 1679 083F 0018 0000 A836 1800 00F4 40F0
1B2120: 00C0 0000 A0C0 0000 501C 0000 0000 0000
1B2130: 0000 FF2D 5E08 3F10 2F00 1F55 0703 0100
1B2140: F333 301B 1801 0020 00FF CE4D E225 D83E
1B2150: E41A FF7C 8238 C620 FC00 F0FC CE30 E618
1B2160: FC00 2AF8 7000 FD32 F3E6 1D00 FE00 00F8
1B2170: F30C FE00 0000 FF8E 7F41 BF20 5106 31D4
1B2180: 000F 0100 AFC0 602E 0E0F 0FC0 0000 EB12
1B2190: FEF6 0206 8AF5 237D 00F3 0100 C306 01F6
1B21A0: F1F8 F3F0 0100 00FF 0A95 14DB 00EE 50B6
1B21B0: 7FBC 0874 38A4 00F8 FF8E 60D4 20A8 1050
1B21C0: 08FF 7000 0880 B840 0000 1F03 0205 070B
1B21D0: FF03 0F00 1F04 3C0F 3FC5 0000 0307 1F00
1B21E0: 1C03 1F07 FF00 F0F0 0F1E E1CF F0FF E7F8
1B21F0: 24FB 08F4 1068 D500 00F0 FEFF 1F3C C018
1B2200: 4090 EE1C FF3F BF7F 8FFF 30FF 5CBB 205F
1B2210: 0837 D000 FEFF 5D7F 7C01 3808 DE00 80C0
1B2220: 80E0 C0CB 00F8 E000 1854 0080 C03E 1000
1B2230: F0E0 10C7 0000 0101 02F4 0007 020D 0FC1
1B2240: 0000 01E2 0200 0607 FC1F 606F 9EDF 3E0F
1B2250: E11E 728D D400 1F7F FF01 7E41 0008 6F14
1B2260: 0810 2C08 54C0 0000 CF08 0818 1838 38C1
1B2270: 0000 106F 2810 0834 102A C000 00CF 1010
1B2280: 1818 1C1C DF00 0010 1028 0038 FF10 3400
1B2290: 5410 4400 C44C 0010 10F0 1818 3838 DF00
1B22A0: 0008 0814 001C FF08 2C00 2A08 2200 234C
1B22B0: 0008 08F0 1818 1C1C D500 0008 1828 0E10
1B22C0: 4820 C300 0010 100C 3030 D500 0010 1814
1B22D0: 0E08 1204 C300 0008 080C 0C0C C022 5700
1B22E0: C023 2300 C010 BC30 18B4 4018 00FF 001E
1B22F0: 122D 215E 0160 C940 8000 407C 001E 1E3F
1B2300: 3FC3 7F7F 3F3F DF00 00E0 6098 08BC FF24
1B2310: BE54 FF26 DD27 5DCB 0000 6020 48F7 3044
1B2320: 7004 06B0 87FF 001F 0F10 003F 0E40 FF02
1B2330: BC41 BE01 8000 7F6B 000F 003F 3FC3 7F7F
1B2340: 0000 F3E0 18F0 0820 D875 D000 3038 F8E2
1B2350: E000 F020 33E0 C000 00F9 061B 0718 0038
1B2360: 7F2C 1246 0256 007F EC07 000F 0807 F314
1B2370: 133A 3900 00FF 6090 00F0 80F8 00C6 FF2C
1B2380: 9142 BD0C B100 FFEB E000 C080 3838 C37E
1B2390: 7E00 00FF 050B 0E11 0C13 0814 F301 1802
1B23A0: 0900 07EB 0700 0F0C 0B03 C307 0700 007F
1B23B0: FE3C C2F8 0438 C4F3 8038 4088 00F0 EA80
1B23C0: 00FC F838 F3C0 C0F0 F000 00FF 18B4 60B8
1B23D0: 3068 60E8 FFC0 6870 0020 8000 70FC 7878
1B23E0: 7070 F0F0 0F70 7000 00FF 182D 061D 0C16
1B23F0: 0617 FF03 160E 0004 0100 0EFC 1E1E 0E0E
1B2400: 0F0F 0F0E 0E00 00FF 2084 10EC A844 F078
1B2410: 3D40 B000 7000 FC78 7870 70F8 F83C 7070
1B2420: 0000 FF04 2108 3715 220F 1E3D 020D 000E
1B2430: 00FC 1E1E 0E0E 1F1F 3C0E 0E00 007A 4810
1B2440: 8820 40AF 1030 40A8 00C8 F030 3070 7000
1B2450: FA00 1208 1104 02AF 080C 0215 0013 F00C
1B2460: 0C0E 0E00 C023 56DD 2054 5700 5060 C023
1B2470: 2333 2020 0000 C010 B435 00A4 241C C018
1B2480: 1803 0000 5140 2010 5508 0701 00F3 3F3F
1B2490: 1F1F 0F0F F007 0700 00FF 033D 132D 1729
1B24A0: 0F31 FF1E 6318 E73E C100 3FC3 D0C7 C0CF
1B24B0: F580 9F00 1F3E 005F 0103 0107 030F BE07
1B24C0: 041B 003F 07D5 0000 0103 070F 1800 1F03
1B24D0: FB0F F077 F8F7 EFF0 FFDC E370 8C00 F8A0
1B24E0: B8D0 007F FF57 FCF0 00B0 C0FA 3C43 639F
1B24F0: 6B6D FF74 8F30 4F08 3709 15D0 003F 7F17
1B2500: 3F08 010B FC40 A080 E0C0 F0FE E0F8 8078
1B2510: 00F8 E0C4 00C0 E047 F000 F0E0 DF00 0103
1B2520: 0102 021D 0F09 160C 13C5 0000 0103 8D08
1B2530: 0C01 00FB 807F 5EFF 5F9F 7FFF 609F 0FF0
1B2540: E01F 18E4 D000 F0FF 15CF E018 4300 0478
1B2550: FF0A 8456 0CA2 4C86 68C2 0000 04FC 7E7C
1B2560: FEFC F6F4 C300 0020 1EFF 5021 6A30 4532
1B2570: 6116 C200 0020 FC7E 3E7F 3F6F 2FC0 0000
1B2580: 5B01 0201 0205 C000 0033 0101 0303 C000
1B2590: 0015 8088 9840 0000 7BD8 50A8 7010 B8FB
1B25A0: 00D8 50A8 7010 B8C0 7070 00FB 001B 0A15
1B25B0: 0E08 1DFB 001B 0A15 0E08 1DC0 0E0E 00C5
1B25C0: 0001 1D25 0208 C300 0018 1800 D100 E020
1B25D0: 2CC2 042A 44F0 0000 C0C0 C0C4 C4DB 001E
1B25E0: 1106 001E 5FF1 8F32 8C04 F3FF 0000 0E0E
1B25F0: 0F0F 0101 FF00 0070 707F 7F0F 0FDF 0000
1B2600: E040 9E9A 7DFF 17EF 011E 00F1 D0EF CF00
1B2610: 00E0 E0FE FEFF 1F1F 0101 0000 F0F0 F302
1B2620: 1E00 0F04 10F7 0E20 015E 7E00 7FF3 0E01
1B2630: 0000 0F0F F31F 1F3F 3F00 00FF 2038 7088
1B2640: F008 50A8 CB08 7488 00FC FA20 C070 00F0
1B2650: 70C3 A888 0000 7C0C 0F10 1129 FD05 5D20
1B2660: 9D00 BFFF FC04 030F 0019 06FF 2D22 7572
1B2670: 7770 0000 FD20 38C0 3000 F8C4 FF28 9244
1B2680: B902 FD00 FFFB 30C0 C000 8038 38F3 7C7C
1B2690: 7E7E 0000 F50C 1308 3746 47FF 014C 0229
1B26A0: 041B 000F CF0F 003E 313C 30FF 3B33 1717
1B26B0: 0707 0000 FFE0 18F0 E830 2800 D0FC 8030
1B26C0: 4090 00F0 EFE0 00F0 30C0 0020 F3C0 C0E0
1B26D0: E000 00F7 702C 10D8 3800 1840 00FF F0F0
1B26E0: 3030 1010 0000 00F7 0E34 081B 1C00 1840
1B26F0: 00FF 0F0F 0C0C 0808 0000 00FF 070A 0C1F
1B2700: 0A3D 147A FC38 3210 0400 00FF 0707 0E0E
1B2710: 1E1E 3C3C 3C18 1800 0054 9828 38F5 3048
1B2720: 0088 1030 7000 1010 FF30 3070 70E0 E040
1B2730: 40FB 00D8 50A8 7010 B8FB 00D8 50A8 7010
1B2740: B8C0 7070 00FB 001B 0A15 0E08 1DFB 001B
1B2750: 0A15 0E08 1DC0 0E0E 00C3 0825 102D 00C0
1B2760: 1818 00C3 442A 846A 00C0 C4C4 00D7 000F
1B2770: 00F0 708F F40F F000 0F00 0370 70F0 0F0F
1B2780: 0000 FDBD 7E0B F700 0F00 7FF0 F00F 0CF3
1B2790: 000F FCFF FF0F 0F00 003F F0F0 0F0F 0000
1B27A0: 7F01 0102 0003 0205 9E03 1D01 1F00 5100
1B27B0: 0103 0C08 01FC 9F60 6FF0 F7F8 3FF6 F9DC
1B27C0: E220 DCC0 00FF 17FE FC10 E0F3 0102 0205
1B27D0: 030C FF09 160C 7302 9D42 9ED0 0001 03EF
1B27E0: 0900 0C6F 606E 61FF F708 43BC B27D 7AFD
1B27F0: EF7C FA74 08F4 0018 44FF FE5F FC7C 8008
1B2800: 10E0 FF01 0203 0402 0504 0BBF 0504 1B10
1B2810: 2F17 2ED1 0001 0307 0F18 031F 00EF A07F
1B2820: BE3D FE02 FDFD BCC3 C4FA E0FC 18D1 00E0
1B2830: FFFE 47FC F0E0 0083 0004 78FF 0A84 560C
1B2840: A24C 8668 C200 0004 FC7E 7CFE FCF6 F4C3
1B2850: 0000 201E FF50 216A 3045 3261 16C2 0000
1B2860: 20FC 7E3E 7F3F 6F2F C000 0010 0140 0000
1B2870: 0015 20B0 7040 0003 8080 FB00 D850 A870
1B2880: 10B8 FB00 D850 A830 1078 C070 7003 3030
1B2890: FB00 1B0A 150E 081D FB00 1B0A 150C 081E
1B28A0: C00E 0E03 0C0C C008 3D08 00C0 1818 00C8
1B28B0: 44EA 400D 00EC E8C0 C4C4 0CC0 C0FF 00E0
1B28C0: 20DE FAFD 16EF DF00 1FE1 20DE E2FD FF00
1B28D0: 00E0 E0FE FE1F 1FFF 0101 0000 E0E0 FEFE
1B28E0: C700 00E0 C018 F5D0 E400 FE00 E043 00E0
1B28F0: E0F0 F8F8 0000 FD07 1F02 0E00 0704 F303
1B2900: 0804 1300 1FFF 0F03 0601 0000 0303 F307
1B2910: 070F 0F00 00FF A0B8 203C 7886 102E FF90
1B2920: 0C50 8860 9800 F0EF B0C0 2078 00D0 C0CB
1B2930: F0E0 E000 00FF 14FA 2AED 0A8D 00FC FF23
1B2940: 5006 610C 2300 1FFF 5C41 2E10 0E70 7303
1B2950: F32F 0F1F 1F00 00F5 606C 0098 F060 FDC0
1B2960: 1020 C800 E8F8 FF68 F090 6000 0080 80F3
1B2970: E0E0 F0F0 0000 FF18 240C 1203 0F06 3EFF
1B2980: 057C 045D 0B54 003F FF1C 030E 0107 000F
1B2990: 017B 032F 232B 0000 F410 1800 0804 CD10
1B29A0: E400 7CF0 F610 E000 F0F8 F08F F880 8000
1B29B0: 00FF E02C 6028 70A8 00B8 7BD8 50A8 7010
1B29C0: B8CC F0F0 7070 00FF 0734 0614 0E15 001D
1B29D0: 7B1B 0A15 0E08 1DCC 0F0F 0E0E 00C6 0001
1B29E0: 0201 FF00 0303 0501 0702 0FCC 0000 0101
1B29F0: 3303 0307 07FC 8078 00B8 C0B4 EFD0 A490
1B2A00: 00C4 8048 FC90 90D0 D0D8 D80F B8B8 B0B0
1B2A10: F500 5810 6838 2895 0018 0800 CC30 3010
1B2A20: 1030 0000 751A 0816 1C14 9500 1810 00CC
1B2A30: 0C0C 0808 3000 00CB 102D 0008 2565 1400
1B2A40: 0C04 C018 18CC 0808 0000 CB80 6000 4020
1B2A50: 65A0 0060 20C0 C0C0 CC40 4000 00F5 1FEF
1B2A60: 001F 01F0 FDF0 FF03 FC00 0F00 FC1F 1F01
1B2A70: 0100 00FC F0F0 0F0F 0000 FD40 9C68 F200
1B2A80: FF00 15C0 E000 FCE0 E0FC FC00 0000 01FF
1B2A90: F76D 0000 B6FF 04EB C000 00CF FFFF 0000
1B2AA0: FFFF C100 00FF F7B6 0000 DBFF 0D60 C000
1B2AB0: 00CF FFFF 0000 FFFF C100 00E0 7F1E 7881
1B2AC0: 16C8 C03F C000 00FF E0E0 FEFE 3F3F C0C0
1B2AD0: C000 0015 FC08 F040 000F F0F0 0000 0000
1B2AE0: 0000 0000 0000 0000 0000 0000 0000 0000
1B2AF0: 0000 0000 0000 0000 0000 0000 0000 0000
1B2B00: 0000 0000 0000 0000 0000 0000 0000 FDDF
1B2B10: F6AC 0100 FF00 00CC FFFF 0000 00FD F5DB
1B2B20: 9324 00FF 0000 CCFF FF00 0000 F9F4 F89F
1B2B30: FF00 0000 CCFF FF00 0000 7D7F A0CE 00F0
1B2B40: 0000 FC80 80F0 F000 0000 0000 0000 0000
1B2B50: 0000 0000 0000 0000 0000 0000 0000 0000
1B2B60: 0000 0000 0000 0000 0000 0000 0000 0000
1B2B70: 0000 0000 0000 0000 0000

[11: GraphicData_Hexas (Dummied Out)]
[21: GraphicData_Hexas]
[19: GraphicData_Hexas (Dummied Out)]
1B2B7A: 0000 0000 7F07
1B2B80: 050C 030B 0213 FF0C 1615 3710 2E05 34EA
1B2B90: 0000 0304 0CFA 0801 0900 110B 8000 0000
1B2BA0: 0000 0000 002E 0102 0103 FF0B 070E 030D
1B2BB0: 0106 0088 0001 CF0D 0E0E 0F1F 1FFF 7C00
1B2BC0: 837C 088F 7AFF FF02 7B8D 8F73 FEFF FCEF
1B2BD0: 0000 7C8F 70FF 00FF 7B84 8E71 FD03 03FF
1B2BE0: CB00 0080 4080 FFB8 9864 38E8 70F0 0082
1B2BF0: 0080 FC78 F8FC FCFE FEC0 0000 0000 00FE
1B2C00: 6F1F 3111 3410 3CFF 0E7F 1D71 35F1 0ADB
1B2C10: FC0F 0011 0E10 0FFB 3F00 310E 715B 24F2
1B2C20: 01FE C2FC C0FF 04FE 88FB 14F7 28EE E2F0
1B2C30: 00F8 E0BF 9CFA 04F6 086C 109F 001F 050C
1B2C40: 010F FF0C 1C15 312B 6315 45CA 0000 0300
1B2C50: AA03 0E1C 3ADB 003F FF3F 3037 FF53 4FA0
1B2C60: 8C2E 1945 16C2 0000 C8BE B774 03E1 00E8
1B2C70: FF00 C0C0 E000 FF1B FBFF 09D9 0FCD 95C5
1B2C80: B666 C200 0004 ABA6 B23A 9901 FF00 00C0
1B2C90: 0262 0750 8AFF 1CAA 244A 80A4 04F8 CF00
1B2CA0: 00C0 C064 603F B430 5810 0000 AF1F 2D77
1B2CB0: 26EE 38FF AF79 BF40 ED66 A69A FF00 001E
1B2CC0: 1E19 3F53 7BBF 5262 621A 7E7D FFFF F800
1B2CD0: AE78 755E FBAE FFBB 0EDB 4E6D 9E82 3CFF
1B2CE0: 0000 7810 9EC8 4EE4 AFEE AE9E 807C 40EA
1B2CF0: 0000 0207 03A8 0201 000F 0202 0101 3000
1B2D00: 00FF 0B26 1032 8D1D EFB1 FFCE 6696 2FE5
1B2D10: 1BA1 1EEB 1900 0D22 0F8E FF9E DDDF DE5F
1B2D20: 4759 49FF 402E 5621 326D 0C53 BF28 2451
1B2D30: 2270 0120 F71F 150F 0F03 2704 7F06 2303
1B2D40: 0101 0000 FF02 746A 844C B630 CABF 1424
1B2D50: 8A44 0E80 04F7 F8A8 F0F0 C0E4 207F 60C4
1B2D60: C080 8000 00FF 1610 1B16 281F 3D16 EF2A
1B2D70: 0323 2F1F 100F CF0F 1F1F 0317 09CE 031C
1B2D80: 1F00 0FFF F611 AA07 5408 1800 FF42 4847
1B2D90: D018 F80F FF6F 5F1F BFBF FCFF FFB8 F7B0
1B2DA0: 6F98 077F 00FF 7080 20C0 6C8C BCD8 FF58
1B2DB0: 7050 6090 E020 C0FF FEFE FCFC F07C E038
1B2DC0: DE60 9080 E000 C080 0000 0000 FE04 DF10
1B2DD0: BF42 B70E FF0A D304 5308 1A00 0CFE 5E20
1B2DE0: 1140 0748 06CF 020C 0804 0400 FB54 DFCA
1B2DF0: FB0A 069B D500 0B0A 0400 FADE 20FA 048A
1B2E00: 0AA4 0200 00FF 62CB 0493 08B6 48D4 FD40
1B2E10: 5508 5D00 0C02 EA34 006C 4808 2000 FA65
1B2E20: 36C9 B249 09F5 1074 00A8 7000 A0C8 4CA8
1B2E30: 8810 00FF 9A32 5712 CB8A 7746 FFA5 254C
1B2E40: 3330 070F 00EA CD01 ED75 B9FF 5B02 0F0F
1B2E50: 0E08 0000 FF28 8034 C094 6832 C4FF 36C8
1B2E60: 4618 9278 FC00 FFF0 F0B8 B8E8 A8EC ACF7
1B2E70: ACA4 FCE4 C400 00FF FD01 29C1 4786 BE38
1B2E80: FF38 2060 40C0 8080 00CF FEFF F8FE C0F8
1B2E90: 7DE0 80C0 0080 00FE 3C20 E080 8000 0000
1B2EA0: F4C0 E000 8000 002F 0F16 080D 00FF 0301
1B2EB0: 0700 0905 0701 CF00 000F 0F03 03FF 0001
1B2EC0: 0303 0607 0001 4A00 C0A8 FFF4 887A 6C7E
1B2ED0: 081A 88C3 0000 C0C0 FC48 C884 ECF4 FCC2
1B2EE0: 0000 FBFF F602 8B70 11E0 6484 C000 00F2
1B2EF0: F9FB FFFF FBCB 0000 01FF 01FF 9664 08F0
1B2F00: F202 0707 C100 0001 FAF9 FDFF FFFD F8EF
1B2F10: E67C FE16 F44E 54FB AC10 B400 3468 40FF
1B2F20: 7C18 7804 F80C B8FC C3F8 F8B0 F0C0 0000
1B2F30: 0000 002B F0E8 16E0 FF3B C261 808A 093B
1B2F40: 38CF 0000 F0F0 F8F8 FAFC FEFF FFF7 C7C0
1B2F50: 0000 AFC0 B05F 9039 D9C0 0000 3FC0 C0E0
1B2F60: F0E6 FFC0 0000 2F06 0904 C502 C000 000F
1B2F70: 0606 0202 C000 0002 C080 0000 AFF0 6CCA
1B2F80: 3086 78FF FF02 8200 7A79 FAF9 FC00 00F0
1B2F90: F0FC FC7A FEFF FF87 07C0 0000 AB80 40A0
1B2FA0: 70A0 C000 003D 8080 C0C0 E0FF 3B02 1607
1B2FB0: 1B01 2C10 FA4F 2A6F 00D0 60FF 1517 090F
1B2FC0: 0C0D 1F1F FF35 3F30 3060 6000 00FB E890
1B2FD0: F080 90F8 E0F8 6810 9000 00EF 50C0 4060
1B2FE0: E010 F0F0 9090 0000 0F06 0409 0EFF 151E
1B2FF0: 140D 1109 170F C700 0004 0608 FF0E 100D
1B3000: 0209 060F 0080 0023 8040 80C0 0000 0280
1B3010: BF09 1708 1D04 1300 A80F 0100 3E08 080B
1B3020: 0F0F F001 0100 00FF 6EE8 D6D0 BEB0 7A60
1B3030: FF9C 80BA 045E 0C7A 3CEA 94FC 2C4C 9CFF
1B3040: 78F8 7C78 3438 0C34 FFDF 1FBF 3878 40C0
1B3050: 80C0 0000 FFE0 FFC0 F880 C000 8040 00F8
1B3060: 1F18 FF00 0000 F0E0 F800 0000 FFD8 D0D0
1B3070: 4070 2060 00A0 4000 DD20 F060 0020 0000
1B3080: 0000 0000 FEFC ECFF 0707 0000 00F4 03EF
1B3090: 0007 0000 FFEB 04A9 A6EE E1F8 39F8 3F07
1B30A0: 0700 00EF FFFF 5F1F FE07 3ED0 0007 00FF
1B30B0: 3740 9FF0 B7F9 64FC FE09 F8F6 023B 001C
1B30C0: FFC2 82F2 62FA 43FB 07EF F70F 0D1C 1C00
1B30D0: 00BF F83E 40A9 C077 78FE 9F10 FA50 F000
1B30E0: 00FF C0C0 D8D8 5EDE 8AFA FCE2 F2A0 F000
1B30F0: 00FF 3D0C 1F07 0600 0703 AF05 6DDA 09AF
1B3100: 68FD 030F 0007 0101 02CF 0300 656C 547C
1B3110: FF88 4064 0094 60F4 E0FB 24F8 28F0 E850
1B3120: E0F1 F0F0 F8F8 1866 C0F0 00E0 8000 0000
1B3130: 0000 0000 00FE 0E07 0806 0602 073E 0201
1B3140: 0300 029C 0701 0103 1001 EB40 00A0 E010
1B3150: 40BF 30C8 2058 A0A4 10F3 8080 C0C0 E0E0
1B3160: 33F0 F0F8 F8CA 0100 0001 BE03 0601 0700
1B3170: 0B80 00F3 0101 0303 0707 FF54 0094 80C6
1B3180: 44CA 08FF 4E88 DA10 9E04 B420 EFF8 F878
1B3190: 387C F4FC 3FE4 F4E0 E4C0 E0EE 0807 0B09
1B31A0: 050D FF0C 040B 070E 060C 04CC 0700 0502
1B31B0: FE04 0307 0001 0703 C380 0040 800B C040
1B31C0: 0082 0080 0E00 8080 FE04 000C 040A 000E
1B31D0: FB1A 0C13 041B 1F00 D803 0307 0760 0F0F
1B31E0: D0E0 C080 C040 00D0 00C0 8080 80C2 0000
1B31F0: 03AA 0E02 0141 8000 FC03 0301 0100 000B
1B3200: 040A 04FF 8E00 CE80 AAC0 B582 C300 0004
1B3210: 041F 8444 C46A EACB 0000 1F2D 11FF 1B00
1B3220: 0602 1F03 3D01 C300 001E 1FFB 0707 0103
1B3230: 001E 1FCA 0000 E070 FFF0 80D0 4070 2088
1B3240: 80C3 0000 E0E0 FB20 A0A0 E0C0 70F0 EF00
1B3250: 0078 B440 6E20 FF7B 08B7 05ED 21BB 48CF
1B3260: 0000 7878 1C3C FB06 0E7A 7F5E 474F C200
1B3270: 0080 AFC0 60FC C006 C4C0 0000 FB80 80C0
1B3280: C000 F8FC C200 0001 FB22 0152 215A 6D00
1B3290: 8000 FF01 0121 2131 3130 30CA 0000 E0D0
1B32A0: FF34 20FA 80DD 00F2 48C3 0000 E0E0 BFC0
1B32B0: 24A4 2E2E 1C5C FF3C 205B 4062 1CC1 3EFF
1B32C0: B840 FE1E 2E32 7B41 FC00 203C 7CFF FF2B
1B32D0: E1DD 0647 CA00 0080 40FF 7840 9660 4538
1B32E0: 320C C300 0080 807F C0F8 F8FE FEFF FFEB
1B32F0: 0B00 1228 5901 FF6B 13AB 12BB 02B7 06FF
1B3300: 0707 0F0F 1F1F 3E3F B23C 7C7E 78FF 6440
1B3310: 4000 C080 8000 2000 D980 C080 0000 008B
1B3320: 0A0F 0D02 FB0B 040E 000A 0C04 C007 0702
1B3330: 03CC A000 6080 3AE0 00A0 20C0 C0C0 00FF
1B3340: 1700 1A08 1800 3509 BF55 6519 B608 BE00
1B3350: EB0F 0F07 0F1E 1FCC 3E3F 7F7F F0C0 8080
1B3360: 0000 D000 8000 00FF A140 DE00 BB23 5C04
1B3370: FE33 0037 1017 0011 FF40 4061 615C 7F3B
1B3380: 3FE7 1F1F 0F0F 0E0E EF7F 507B D690 DC00
1B3390: AAA0 4080 00FF AAFA A6F6 6CFC E0E0 FCC0
1B33A0: C080 8000 00BE 6F93 4062 0103 FE0E 0014
1B33B0: 080F 0000 FE31 3161 6101 0100 BC01 0F0F
1B33C0: 0000 AFF4 DCAA 2026 28BF 66EA 2092 107C
1B33D0: 00FF F8F8 3838 5C7C DCFC 0F6C 7C00 00FE
1B33E0: DB04 6606 5D30 5EFF 5D11 3D00 0A04 0400
1B33F0: EC3F 3F39 2333 FF26 3706 0604 0400 00FF
1B3400: 4D30 3DC0 7200 8C80 E0F0 0000 CFFE FEFC
1B3410: FC70 F0C0 0000 FA5B 0137 000B 05F8 0301
1B3420: 0100 00FF 3C3D 0F0F 0707 0303 D000 0100
1B3430: FF44 505C 386A 2092 00FE BE18 EAA0 DC00
1B3440: 30FF B8F8 A0B8 9CBC 7C7C BF64 1CBC 3030
1B3450: 0000 FF5F 21BB 184D 30B3 70FF 7B08 3901
1B3460: 4F33 3F09 FF3C 3D46 5E3E 3E4E 7EDF 060E
1B3470: 073C 3F06 0FFF 8E80 F6F6 FA38 3401 FFEC
1B3480: 03F9 E638 30BE B0EF 7FFF 0907 3F0F 0FFF
1B3490: 1F1F DF3F 2FDF AF5F C000 000A 0286 8000
1B34A0: 0000 0000 00FA 1E03 1700 0C00 00FC 0D0E
1B34B0: 0C0C 0000 00F8 A3E0 FC00 0000 F0DC 3C00
1B34C0: 0000 AF01 0205 0107 00FF 0D01 0E02 0D04
1B34D0: 0701 FE00 0001 0102 0303 EB06 0705 0302
1B34E0: 03FF E000 9020 E080 2040 FFC4 00CA 84AA
1B34F0: 40F6 00BF 00E0 E000 80C0 C0FF 0000 0484
1B3500: C4C4 0C0C C000 0000 0000 0000 0000 0000
1B3510: 0000 0000 0000 0000 0000 0000 0000 0000
1B3520: 0000 0000 0000 0000 0000 0000 0000 FF7E
1B3530: 049A 984C 803C C8FF 6880 D810 3020 E000
1B3540: FE80 8464 FCF8 F8F0 6FF0 E0C0 E000 0000
1B3550: 0000 0000 0000 0000 0000 00BC 0704 0102
1B3560: 0088 0100 CC03 0301 01C0 0000 FF6A 60DC
1B3570: 103C D0AC 40FE 5C18 9890 F000 00F2 9CFC
1B3580: E8F8 F8BC E060 F000 0000 0000 0000 0000
1B3590: 0000 0000 0000 0000 0000 0000 0000 0000
1B35A0: 0000 0000 0000 0000 0000 0000 0000 0000
1B35B0: 00

[22: GraphicData_HexasSerpent]
[2A: GraphicData_HexasSerpent (Dummied Out)]
1B35B1: 002A 0107 0980 000F 0101 0700 ABC0 9F
1B35C0: 6F7F 20EA 3700 EFBF 90CF 403F 201F 1F00
1B35D0: FF10 0F00 1FD0 CFE0 0FFA 3307 E406 15F1
1B35E0: FB0B 03CB 028A 1A03 FF38 C009 F119 E1F9
1B35F0: 01C3 0DF1 1CE0 FB40 00A0 4060 1120 7F00
1B3600: 1A10 CB11 AFA9 C680 8000 C0FF E020 E1B0
1B3610: E0E0 5018 FF1F 007A 08AF 2879 31FF 9D0C
1B3620: 2E02 6640 9F81 FF00 001F 1F70 30FE 7EDF
1B3630: FFDF FEBF BF7F FFEF 8000 6088 90F8 0CFF
1B3640: 3C46 1021 8810 1418 EB00 0080 6010 10FD
1B3650: 8080 C0C0 E020 C0FF CF48 DA40 DF43 EC4F
1B3660: FF90 1EA5 3ECB 7AD6 72DF 3F19 123C 0C30
1B3670: 00AB 6141 050C 01FF 0400 787F 04FC 1218
1B3680: FAEC 0811 0013 43FB FF07 8000 03E6 01F3
1B3690: F403 18E7 08F7 FFF7 F000 FF17 1F2B 08EA
1B36A0: 9400 191B 93FB 0F0F 0000 E037 C0F0 1CE3
1B36B0: 18E7 FF7A 731B F3C7 F0D3 1FFA 680F 3407
1B36C0: 9417 FF8C 8C0C 0C0F 0FE0 00FC 7080 38C0
1B36D0: 18E0 FFAF 5F60 DF10 2F9F CEFF C2E8 56C8
1B36E0: 78DC 3FD8 FF80 8000 00C0 C021 20FE 1611
1B36F0: 3433 2320 20FF E5FC 0BFA 2AE0 DE84 FF64
1B3700: 0098 1070 40C0 00AB 0204 1C68 10FE A850
1B3710: A040 8000 0000 0201 8000 00AE 0C0F 1F08
1B3720: 1B6E 001F 6F10 98C3 0403 0700 C208 0768
1B3730: EB02 00C2 06E0 01EB 8600 E2C2 0301 4FFC
1B3740: 07F8 FE00 F207 F803 FC02 DE48 D0C0 2890
1B3750: CFFF DED0 DDD4 DB92 BA80 FD20 0030 3060
1B3760: 6040 C767 4766 7772 FF1B 0931 1053 3067
1B3770: 20FF A961 C646 C948 C742 F707 030F 0408
1B3780: 1F0F FF1E 0E39 0937 053F 1AEB D780 D3D7
1B3790: 073F FFC0 C090 00FF 5196 10F3 EF80 E08F
1B37A0: C0C0 F53F 0CFF 9151 1EFF E003 8D01 C200
1B37B0: E0F8 FF44 0789 01F6 1015 04FD FC00 0EF0
1B37C0: 03FC 04FF F8E0 FEDC FF18 FB1B FFB5 A86B
1B37D0: CCA6 E4F2 D0FF BEA8 0BE2 651C AA26 FF50
1B37E0: 1030 3039 212D 20FF 5514 1C18 E2E0 D9D9
1B37F0: FFE7 61A7 62FF 1CDF 00AF 2404 C1C1 E161
1B3800: DD1F 533F FFFE BA5F 4D25 3E24 1E1C FBEC
1B3810: 08D6 0466 A506 FF2D 0E4D 4E19 1E33 3EF5
1B3820: F070 F890 D868 EFF0 20B0 E0E0 C0C0 FB8C
1B3830: 6048 2041 5730 FE2D 1016 080F 0003 FE1E
1B3840: 011A 0513 0C03 FE09 0604 0303 0000 AA45
1B3850: 4863 34BF 46C3 0327 04FC 00CC 0CF3 07F8
1B3860: FFC7 38FC 0038 C000 00BF 902F 08D9 1F45
1B3870: 7CFE A6F6 D410 3500 0FFE 18E7 37C0 E000
1B3880: 83AF 092F 0D02 0000 AA30 CB25 99AA 1C9A
1B3890: 3BFC FF3F C0FB 04E1 1E81 7EFE FF00 837C
1B38A0: FC00 00FE B4E0 94F8 98F0 88FE 90E0 6080
1B38B0: 8000 00F0 1818 0000 0000 0000 00AF 070A
1B38C0: 1701 3A12 FD5F 304B 21A3 6260 FD01 0107
1B38D0: 030F 050F 750C 1F09 0A06 FAC7 9083 10C7
1B38E0: 80BF 68A7 3092 0878 5EF5 EFE0 E00F EF0F
1B38F0: FFE8 E7CF 80F6 31E1 E0FA E607 8901 C505
1B3900: AE0D F906 0082 BCF8 0EF0 06F8 FF0E F0FE
1B3910: 0007 F883 7CFF D5D0 5DC8 6ECA 2EAA EF2D
1B3920: 8B2C 5BC0 B0F1 FF2B 0B33 1131 3171 61CF
1B3930: 7060 3C3C 0E0E FF1F 007F 11F0 40BF 80FF
1B3940: E000 B880 FC70 5E58 FF00 000F 053F 1540
1B3950: 00BF 00E0 E0F8 F8FC DCFF C000 7040 D850
1B3960: 2C08 FFBE 149A 087E 0CAB 02FF 0000 8080
1B3970: E060 F0A0 FF78 387C 4C38 387C 1CFB 5230
1B3980: 9A78 EAAD 3CFB C61E C71F D3A9 0FE7 0F02
1B3990: 0703 4301 E261 0060 70FF 6241 EE0A F410
1B39A0: 3E00 FF17 0111 0091 80E9 E0FD FECE FD9C
1B39B0: FF98 914B 197F 1F1F FF00 FF34 0B7C 3B8B
1B39C0: 83FF F808 FF10 1000 1303 FF00 00F4 74C4
1B39D0: C4FC 8C92 FF18 FCFF 00FE 8825 4592 D49B
1B39E0: F75F 1B44 4400 BE36 FF01 01DA DA6D 6D64
1B39F0: 64B7 E4FF 44CC C9C8 FFAC CF13 E32C 4093
1B3A00: 68EE D16C F19B 0C9F EF10 000C B3B0 9594
1B3A10: C892 92F2 FF05 FC8B F873 700E 00AA F64C
1B3A20: F8E0 AA02 068E FCFE F408 48B0 E000 0008
1B3A30: 0182 0204 8000 8201 03AA 50BE 3F41 AABE
1B3A40: B883 7CFF 300F 601F FF00 C13E CF80 7F83
1B3A50: 7CFF 00FF 690F 220E 343C A93A FFB1 35B3
1B3A60: 3756 73D5 F2FF 7080 31C0 C301 C707 EBCE
1B3A70: 0CCC 8C0F 0FCB 4000 C0C3 80FF 8D00 F703
1B3A80: AE19 B508 D380 0080 0000 FD03 030F 0F7F
1B3A90: 7B19 CB00 007E A110 FE71 BE9F 40E9 0025
1B3AA0: 8300 7E7A D4FF FFE8 2CC2 0000 C0AB 60B0
1B3AB0: B80C 98C0 0000 FCC0 C0E0 A0F0 B0FF 2511
1B3AC0: 5904 7608 BA44 BFCB C740 E560 B070 F51E
1B3AD0: 143F 152A 364E 241F 040F EF80 003E FEDF
1B3AE0: 4F07 FB90 406F 906C 8800 FF80 7FFF 8020
1B3AF0: 60F8 58D5 FF50 9091 9BFF 5704 4D05 6A20
1B3B00: B030 FBF6 F63F FF07 E07F FFFE 56FF 5FDF
1B3B10: CFCF CCF0 0908 0000 FF7B 0AF3 12E3 C2A3
1B3B20: 02FE 8706 3536 FBFE F3D5 FCF8 FCF4 FCFC
1B3B30: F8D8 C8C8 0000 FE54 076A 0324 0033 AA14
1B3B40: 0D03 00FF 1820 2C10 0718 130C F80C 0303
1B3B50: 0000 FB76 F01F FF80 203F FACF 0F1C 00F1
1B3B60: 1FF2 0F0F 0000 C0BF F01F E011 0E00 00F6
1B3B70: 2820 FFF8 FF00 3E3F 3FFC 00FF FCDF 1F07
1B3B80: 0700 002A C0FF 00FF FE76 F3F0 F9F9 7FFF
1B3B90: 8F00 1F1F FF00 FF89 890F 0F06 0600 000A
1B3BA0: E000 FFFB 68E7 E2FD FEFA FCBF 0204 F838
1B3BB0: C0C0 00FC 9696 1C1C 0000 0000 0000 0080
1B3BC0: 05BF 040F 0217 0622 0AC0 0300 2F01 0904
1B3BD0: 1D0A EA71 00F9 7103 AAFE 017C 30C3 01FE
1B3BE0: 03FC FCFF 0001 FE00 FFF7 5373 7272 7050
1B3BF0: 75FF D3FB 5179 F971 BC38 FF8C 008D 018F
1B3C00: 038E 06E7 0C08 8E0C C707 EAF5 00C5 A484
1B3C10: FF83 0346 873F 40ED 0CD5 7F0D 4525 24FF
1B3C20: 7C14 3808 8080 1313 EF24 0020 5C1C 617F
1B3C30: FF9C F331 E1E2 00C4 F8DF FF24 67E3 C080
1B3C40: 00AF 000E 130C 0403 FB2C 98B2 0012 9E80
1B3C50: FF6F E2A5 E058 7182 21F6 F090 FC94 147C
1B3C60: AF1C 1E8E 0ADE 02FB 9C7C 4F3F 6238 1FFE
1B3C70: 2707 1B02 0E00 0370 0300 00AA 180D 0300
1B3C80: FA11 11FF FFA8 01FA E2E2 DC00 04FF F0EE
1B3C90: 0E00 00AF 1DFF 9C63 0000 FFB7 380B 775E
1B3CA0: B679 30FF 1488 6880 8000 3F3F EFC0 0080
1B3CB0: 4948 CFC8 D7FF 888C 87C0 00FF 7EB6 E8A0
1B3CC0: 0440 4703 FE1E 1C7F 7FFE FFF0 FE49 495F
1B3CD0: 4CFF 44FC FCE3 4380 8000 00FF B926 4401
1B3CE0: F6BC A0BF FF4F 7F92 F22D E055 C0FF D998
1B3CF0: FE4E 4343 4040 FB80 800D 001F 3708 EF34
1B3D00: 31F0 0091 4693 FF8C DF1E 752F 60F0 00FF
1B3D10: 4E8C CE08 2E4A 6C0C FF20 0088 0C90 1080
1B3D20: 0080 002A 8040 A080 000A 80C0 AA10 080C
1B3D30: 063C 0702 0500 8000 0802 AA60 6E6F 5FAA
1B3D40: 606C 6F57 C320 1F3F 00C3 201F 300F FB1B
1B3D50: 031A 0233 CC0F EF3A 030A 8A02 0D01 FF1C
1B3D60: E01D E13D C1F1 01F3 3DC1 0DF1 0EF0 C880
1B3D70: 0040 33E0 4030 008D 0080 8000 0780 E060
1B3D80: C000 0000 0000 0203 FF05 0207 000A 0409
1B3D90: 0080 00B6 0103 0103 07CB 0000 FF20 44FF
1B3DA0: 4EF2 F240 4AF0 0CC0 C300 00FB F2F5 FDFD
1B3DB0: FF46 FAFF FF9A 08B4 148A 28D5 01FF C602
1B3DC0: AC00 C049 C940 FF76 316B 2877 337E 76FD
1B3DD0: 7D64 7F6C 3F2D 0FFF 4402 F004 FEF6 7121
1B3DE0: FFF2 4205 A422 001E 03FF 05F9 FB03 0908
1B3DF0: DE50 FFBD B1FB B3FF 3FFC 1CFF 9300 2DA1
1B3E00: 3DBF B33F FFC8 7814 7034 E053 C0FC FF9F
1B3E10: DE9E C0C0 FE87 808C 8310 0F30 FF1D 7F42
1B3E20: C267 0298 002B C802 C070 FF80 803D 00E5
1B3E30: 1882 7D3F C23D 6699 8F00 EBFE FFC0 0FF0
1B3E40: F0FF 1410 F900 9301 FF00 8200 0FFF EC03
1B3E50: FF00 F20C 0000 FF02 FE13 F0C8 C02A 20FF
1B3E60: 6D00 1E0F 9A9B FF00 AE01 0F38 07D8 FE7D
1B3E70: 8210 E064 0000 AB2C 958A FC48 FFBB F27E
1B3E80: FCAC 80F0 00FF E619 C639 CE31 B502 EA0C
1B3E90: 0000 7000 A8C0 4080 8000 8880 0000 AF50
1B3EA0: 6CAB C0CD 92FF 7760 60E0 EF1F 1F00 BFE0
1B3EB0: F020 7C4C 7F57 FC9F 941F 1C00 00FF 0F04
1B3EC0: 1908 E500 7B02 FFC5 0632 3C0C F0F0 00BF
1B3ED0: 0206 041E 12FC 48FC F868 C040 0000 F86F
1B3EE0: 2038 0033 BF6B 7320 7428 C540 FC1F 0018
1B3EF0: 0710 0FFF 1807 0F00 0403 3C13 FAE2 0307
1B3F00: 0103 E3BB 8DF0 0002 E201 FCFC 0006 F802
1B3F10: FCFE 0EF0 FF00 03FC 02FF 8F80 B385 A487
1B3F20: 83A7 FFE1 D893 F036 E040 D0F5 7000 7818
1B3F30: 3020 FF27 230F 081F 103F 11FF 8100 FF80
1B3F40: 8303 1000 FFB7 08BB 4441 00C3 7FCF 0000
1B3F50: 7C70 FF18 5788 4447 8080 FFF2 01A0 8FFB
1B3F60: 046D 40FF 9500 9D54 AE0A E7E3 FF0F 077F
1B3F70: FF3F 0F9F 87FF EF47 E363 F1C1 1808 FFB4
1B3F80: C015 8193 435A 0AEF 6B2B 2BA6 A73C 3FFB
1B3F90: FFFD FEFC FCF5 F5CF D454 5858 C0C0 FEC6
1B3FA0: 40E0 607F 3F60 FA38 1F18 0007 00FC 3F07
1B3FB0: 1F02 0000 2807 00FF 181F 637F CDFC 12F0
1B3FC0: FAC1 C01A 00E2 FFAB E080 030E 01FF 3F00
1B3FD0: F807 E31C 0000 FFD9 C072 0305 07D9 0DFE
1B3FE0: 9218 5620 FF00 00FF 3906 FC00 00F8 12E0
1B3FF0: FCE7 004F 8000 00FE AEE0 8980 6600 C8AA
1B4000: AD6E F000 FF1E 0178 07FE 018F 70B8 8EF0
1B4010: 0000 FEDF F51B 1911 06CD AF6D 4D31 02C3
1B4020: 00FF 0808 E404 18E0 08F0 0F3C C0FC 00FF
1B4030: 797F F3FE 05FC 7EF0 FE64 0058 10B0 00C0
1B4040: FA80 8000 0002 0CF6 F008 C020 0000 AFF0
1B4050: ACE6 0895 80FF B172 CAA8 A2D8 7248 FF00
1B4060: 00F0 A0FC 5C7E 70FF 0E26 1708 0707 8780
1B4070: C000 0020 8080 0000 0701 0102 FF02 0404
1B4080: 0808 1010 20C5 0000 0103 5507 0E1C 387F
1B4090: 0F0F 7070 8080 00BF 000F 0F30 3FCF F0D5
1B40A0: 000F 7FFF F07F 800F 0F3F 3FFF FFC0 0000
1B40B0: 0101 4000 0301 01CF 0000 0103 070F FF1F
1B40C0: 3C3C 7073 E3EC CCCF 0000 0303 0F0F FF3F
1B40D0: 3F7F 7FFC FFF0 FCFF 070F 7FFF FFE0 F000
1B40E0: FC0F 0FF0 F000 00F0 0F0F FFFF B4F0 00F0
1B40F0: 00FF E0F0 FEFF FF07 0F00 FCF0 F00F 0F00
1B4100: 00F0 F0F0 FFFF B40F 000F 0003 0103 E300
1B4110: 0408 0400 8300 0303 F304 040C 0C07 07C1
1B4120: 0000 4045 0010 0001 4045 0010 0005 0800
1B4130: 0F22 0105 03C5 0000 0800 4701 2301 07D2
1B4140: 0001 0008 BF60 2030 60B0 A0D0 D100 0100
1B4150: 08FA E0E0 F0F0 3090 FF00 0710 1820 2000
1B4160: 40FF 0641 0D03 0B01 1309 FF00 0710 1820
1B4170: 2000 40F1 0147 070F 1FDF 0000 0804 0400
1B4180: 02F3 6080 F0E0 E8F0 DF00 0008 0404 0002
1B4190: F180 E0E0 F0F8 FB1A 04E4 0028 3040 E0C0
1B41A0: 0000 CF08 F030 C080 0080 0000 0000 00CF
1B41B0: 2B41 AFC0 2980 FA4B 8445 0086 81DF 8686
1B41C0: 8106 0646 00FA 0202 8200 0100 8880 000A
1B41D0: 80E0 8000 00FC 1121 2141 2243 C045 86DC
1B41E0: 0139 7103 73C0 07E7 F870 80C0 0080 8000
1B41F0: FFFF FFF8 F8E0 E0C0 C030 8080 FF01 0303
1B4200: 0707 0E0E 0C77 181D 1931 3A32 FC03 0307
1B4210: 070F 0FEF 1F1F 1E3E 3F3C 3EFF D090 A020
1B4220: 4040 8080 3000 00FF E0F0 C0E0 80C0 0181
1B4230: FF02 8204 0408 0810 10C0 0000 003F 0F0F
1B4240: 7070 8080 C000 0000 003F F0F0 0E0E 0101
1B4250: C000 0014 1000 5004 0014 1000 5004 00B2
1B4260: 2010 2000 F080 C000 00F3 E0E0 3030 2020
1B4270: F0C0 C000 00FF 050B 060D 040C 0600 D400
1B4280: 8008 00EB 090F 0C0F 0707 D400 8008 00FC
1B4290: B0C0 4084 0000 A010 00F4 80F0 00C4 8050
1B42A0: 1000 F317 0F0F 0706 41FD 4040 2020 0018
1B42B0: 00D3 071F 0F01 47FD 4040 2020 0018 00FF
1B42C0: C890 D081 B0C1 6082 FD02 0204 0400 1800
1B42D0: D3E0 F8F1 80E2 FD02 0204 0400 1800 A580
1B42E0: 0020 007F 0804 0402 0201 00D5 0080 0020
1B42F0: 007F 0804 0402 0200 0140 002B 1860 0080
1B4300: 4000 1518 6080 4000 0000 0000 0000 0000
1B4310: 0000 0000 0707 1018 C000 0007 0710 18EB
1B4320: 0080 8000 8000 2700 E008 18E8 0080 8000
1B4330: 07E0 0818 C000 0000 0000 0000 0000 003F
1B4340: 070F 3C18 0060 4000 3F07 0F18 3C00 60F1
1B4350: 3A62 7464 4470 C4E8 C8F0 7C7E 787C F0F8
1B4360: FCF0 F8C0 0000 00F0 1010 2020 C040 40C0
1B4370: 0000 0F02 0204 0080 0007 0204 04FF 0000
1B4380: 0705 0810 6040 FC80 8002 0200 003F 0207
1B4390: 1818 2060 D400 8002 0000 0000 0000 0000
1B43A0: 0072 0102 0004 2000 5101 0204 1000 AA80
1B43B0: 4000 03FB 0B07 050F 1B07 1BD5 0080 4020
1B43C0: 17F8 030F 071F 0FFF 0001 0202 0004 C000
1B43D0: FFD0 E080 B0C8 90E0 98FD 0001 0202 0004
1B43E0: E8F8 C0F0 E0F8 F0C0 0000 0000 0003 0101
1B43F0: 9300 0258 E2C3 0000 0101 9300 0240 FEF3
1B4400: 6060 8080 0700 FF0B 0616 0D1D 0F0D 1FF3
1B4410: 6060 8080 0007 F803 0F07 1F0F F306 0601
1B4420: 01E0 00B7 D0E8 C0E0 F0F8 F306 0601 0100
1B4430: E0F0 E0F0 F0F8 C300 0080 8090 0040 4300
1B4440: 8080 9000 405F 0001 0300 0002 C806 0004
1B4450: 9500 0103 0244 0604 FA40 8080 0000 03FC
1B4460: 0403 0B07 170F D700 C080 0007 07F0 0F0F
1B4470: 1F1F C3E8 C874 C453 4464 3A62 C3F0 F8F8
1B4480: FCC3 787C 7C7E C000 0000 C040 40C3 2020
1B4490: 1010 C000 00F3 2020 4000 4444 C000 0073
1B44A0: 2040 4000 4440 0000 0000 0000 0000 0000
1B44B0: 0000

[15: GraphicData_VampireBuffy]
1B44B2: 3F03 0405 0F04 17FF 0F10 1102 0306
1B44C0: 0104 DF00 0004 030C 091E F600 1001 0206
1B44D0: 02EF 0000 E0FC C0FA E4EF F070 B0D0 30F0
1B44E0: 10CA 0000 C0EC AAF0 7030 10FF B140 1EE1
1B44F0: FBFC FEFF FFEF DFDB E7DD E3F2 CDEA 6000
1B4500: F0FC FF0B F3E1 0CFF F000 E8F0 8748 DE2B
1B4510: FF69 973C C638 CA31 CBCB 0000 3080 10EE
1B4520: C008 E1E5 00E4 FFB8 27E0 1F31 0F0B 07F3
1B4530: 0503 0201 0100 F540 6700 1F0F 0751 0301
1B4540: 00EC 01FE F1FC FFBF FEFF FEFA F9F4 F3C4
1B4550: 00FE FF1F FE04 FD08 FBC0 0000 BF30 2810
1B4560: 3C08 1604 C000 002B 1018 0408 C000 0023
1B4570: 0132 01C0 0000 0201 FFCC 7067 B862 BDB7
1B4580: D9FF 355A DF68 AD36 4F12 FF03 7300 3801
1B4590: 3C03 18BF 8200 8840 86A0 42FF 34C1 FD43
1B45A0: EFC1 FEE0 FFD6 5A98 F3EF 93BF 4BF7 659A
1B45B0: E318 10F0 01FB DE21 F007 B018 43EC C0FF
1B45C0: F0F9 FE87 FD7E FB7C C400 FFFE 077E 017D
1B45D0: FF7F 80E7 188B 4C4D CEFF FB04 C738 BD7E
1B45E0: 7EFF FE00 807D 00CE 30CF FF87 0079 78FE
1B45F0: FEFF FF7F 0081 7E7D FEE6 7FFC 976F AF5F
1B4600: DF3F E01E 00FF 087F FB03 FF8F 7F9F DF3F
1B4610: B6FF 7FBF BE5F D300 FF7F 803F 043E F324
1B4620: 1828 1030 00A0 2000 5118 1000 00DA FF40
1B4630: 007F 0102 00FC 6161 4040 0000 00F9 0304
1B4640: 0400 0003 E001 0000 5104 0003 4000 CBE0
1B4650: 1060 00F0 FE20 30F0 6070 0010 0330 C0FC
1B4660: D0E0 1060 0000 FFA2 DDE1 1EC0 3F00 FFFF
1B4670: 807F 5F3F 7736 4E09 FDC1 1CC0 1E00 3FFF
1B4680: 5F7F 3F08 3E30 39EF 3CC5 39FB 077C 82FF
1B4690: 1DE3 E29D 827D 01FE CBF2 0070 1980 D500
1B46A0: E09C 7CFE C301 0003 01EA 0200 0507 0001
1B46B0: 01BC 0102 0200 00FF E8E7 D1CF A39F 433F
1B46C0: F89F 61E1 0000 FF10 F720 EF40 DF80 BFD0
1B46D0: 0061 00FF 1B02 251B 7A1D A546 BFA7 A343
1B46E0: B141 9860 FF0A 0407 1803 1C19 5EBF 181C
1B46F0: 5F0E 4F07 67FF 2A11 B51B ED9B 4DBF FFCE
1B4700: 3EBA 7EFD 7F3A C3EA 1100 1BBF FFEF FE01
1B4710: 7EFF 007B 84FF 8789 71D2 F64D 7BA5 FFBF
1B4720: 511B EC0F F000 FFFF 7001 0C00 0101 0383
1B4730: 7D43 01E1 00F0 FFFF DFE5 8F52 CDA3 BF50
1B4740: FFFE 01ED 13F7 0CFB 06FF 0CE1 2670 93B0
1B4750: 44D0 FF27 A0B3 B01C 1C26 07EB 7B3C 7343
1B4760: 413E CF20 1F21 1E22 1CC3 013D 003E 451F
1B4770: 1E1C FF4E F17E 81FF 00E3 1CFF FD02 FF00
1B4780: 5B3C FD0E FFFF FFC1 C1BE BEBF BFFF 2323
1B4790: 1C1C 3F3F 4F7F BFBF B171 D131 DE3F F3E1
1B47A0: 1EFF 00DE 21F3 7F00 710E 7F00 2F3F 4040
1B47B0: 7F7F FB5E BCCE 3CC2 827C CE84 7844 B8C4
1B47C0: C380 3C00 7C4C 7880 B8C0 0000 0000 0000
1B47D0: 0000 00FC DF3F E01F FF00 3FEB 1CDF 20E7
1B47E0: 18FF 7F7F 3F3F 5F5F 0000 CF7E 7E60 605E
1B47F0: 5EFB 6498 D408 940C 00A0 0400 DD80 9888
1B4800: 0008 0000 00AF 0106 0805 1909 C000 002A
1B4810: 0102 06BF 0F16 0F7B 19C9 49FF CF3F 131F
1B4820: 7BFF DF3F CF00 0004 0236 00A8 00E0 00FF
1B4830: CC70 67B8 62BD 37D9 FF35 DABF C88D F68F
1B4840: F2FF 0373 0038 013C 0318 B502 0008 0602
1B4850: FF34 C1FD 43EF C1FE E0FF D65A 98F3 EF93
1B4860: BF4B F765 9AE3 1810 F001 FBDE 21F0 07B0
1B4870: 1843 F337 142B 0C27 08FB 3F10 3B16 2B36
1B4880: 0DE0 0900 1191 0006 0DFF FF66 B57B EA1D
1B4890: B1CE FF78 E5BE 72CF 2064 93FB 7F00 7E01
1B48A0: BCDC 02FF EA07 F103 7810 289B FFAB 731C
1B48B0: 772A 86B4 4BFE C33C 817E 7BFC FBFB 6410
1B48C0: A0D0 5100 4856 3C7E FC01 FF27 D8C7 380C
1B48D0: 333B C7FE E71F BC7F 7BFC FFEA 0000 03C7
1B48E0: 0FA2 3FFF FE80 0000 0000 BE03 0603 0805
1B48F0: 0EFF 1009 140D 1C05 1A06 CB00 0002 0002
1B4900: E206 0002 01FF CC70 67B8 62BD 37D9 FF35
1B4910: DA1F E80D F60F F2FF 0373 0038 013C 0318
1B4920: B502 0008 0602 FF34 C1FD 43EF C1FE E0FF
1B4930: D65A 98F3 EF93 BF4B F765 9AE3 1810 F001
1B4940: FBDE 21F0 07B0 1843 FA14 0B0F 000E 0420
1B4950: 0000 00FF 898E E31C 1B04 0700 8803 01A0
1B4960: 7000 00EB D93E 7F5D 7F1C BF3F 3D02 1F06
1B4970: 0F00 C03E 3EEF 1E1E 120E 0E00 0000 0000
1B4980: 00FF 1603 3010 2D1D 2A1B FF20 1034 0D3D
1B4990: 0237 04BA 080F 0002 04AF 0F02 0004 0900
1B49A0: FF73 8F2D 3315 FB26 39FF 9BFC FF00 FB1C
1B49B0: 6F9E EA00 00C0 00C0 8A00 DDBE FF87 F9C3
1B49C0: FC96 E94F 71FF 37B9 47C8 F516 D828 DF00
1B49D0: 0100 0101 8303 BE43 3101 0800 E7FF DFE5
1B49E0: 8F52 CDA3 BF50 FFFE 01ED 13B7 4C9B E6FF
1B49F0: 0CE1 2670 93B0 44D0 FF27 A0B3 B01C 1C06
1B4A00: 07FF 360D 3C03 2502 2600 A024 0055 0D03
1B4A10: 0200 00FF 3DC3 31EE B26C 7428 FA34 0838
1B4A20: 0018 10D5 00C3 EE6C 2850 0800 FFFB FCF3
1B4A30: 7C43 3C41 3ECE 211E 221D 23D7 01FC 7C3C
1B4A40: 003E 4C1E 011D CEFD FECB CC4B FF77 F88F
1B4A50: 70FF 007B 84CC FE00 CE30 EFFE 00FC 0202
1B4A60: FEFE C000 0000 0000 FF0B 070C 000B 0318
1B4A70: 0FFF 150B 1B07 370F 2717 EA00 0003 0400
1B4A80: 0208 FF37 C91F E08E F1E7 F9FF DFE1 A7D8
1B4A90: 83FC 60FF DF00 0100 0101 0303 3C01 0100
1B4AA0: 00FF DFE5 8F52 CDA3 BF50 FFFE 01ED 13F7
1B4AB0: 0C7B 86FF 0CE1 2670 93B0 44D0 FF27 A0B3
1B4AC0: B01C 1C06 07C0 0000 0000 0000 0000 0002
1B4AD0: 0133 0201 0700 8000 00FF 4E2F 975F EF7F
1B4AE0: 5EFF 8F1C BC7F 3CFF E810 0020 0000 EAE0
1B4AF0: FFCC DE1E C35D BEDD 3EC0 0000 00FC 37C8
1B4B00: 93EC C1FE 82E1 F1E8 0000 0100 00FA 1708
1B4B10: 1800 1000 0050 0800 00FB A639 6C33 4D49
1B4B20: 37FF 6B17 3A06 320E 340C E040 0000 2201
1B4B30: 03FB DFD8 9E99 9616 1933 3639 243B E220
1B4B40: 0060 E020 C0C0 6BEC CC4B CCC9 CEC0 1000
1B4B50: 8030 AB00 030F 160D BB1E 3E18 3637 19CA
1B4B60: 0000 010D EB0C 011D 1900 19FF E000 3CC0
1B4B70: F2DC FFBC BF73 7FB0 DF90 DD12 EA00 00E0
1B4B80: DCBC BFFE 3E80 23B0 2230 C200 00E0 FF1C
1B4B90: E07F 80E6 19C7 39C0 0000 7EE0 1880 3C00
1B4BA0: BC80 0008 8080 0000 FFA0 4090 E0CB F0E4
1B4BB0: 5BFF DCA3 6BB7 DB37 9B7F C200 0003 EE23
1B4BC0: 8037 7F00 FFBF 1068 1088 70DC 20FF EF50
1B4BD0: 5BB5 6EB3 65FA C000 00FE 1040 B104 FB00
1B4BE0: FFBF 1828 1078 20D2 40FF B680 4EB4 BA74
1B4BF0: 49C6 EB00 0010 3040 20FF A040 C030 8070
1B4C00: 30F0 C000 0000 0000 F306 010C 0308 072F
1B4C10: 181F 0119 06C0 0000 0106 FF3C FF3D FE59
1B4C20: DE19 9EEE 1B9C 9316 1956 CA00 0020 600B
1B4C30: E0A0 40FA 9F7C 8F6C AFAB C80B CC4B E000
1B4C40: 0010 8030 E371 FE79 6DEE 0B69 6BEC C200
1B4C50: 0010 0080 0000 0000 FE15 0C16 0919 0010
1B4C60: 8000 F002 0100 0000 EF2C 33AC 2DB3 AD73
1B4C70: DB6D 3313 2D1D 03F6 C000 4080 0000 00F0
1B4C80: CDCE 8586 0BA5 ED8E E030 0078 0F58 2010
1B4C90: 60FF 2710 1508 0900 0601 FF18 0727 1F4F
1B4CA0: 3FFF 00F5 0818 0008 0001 5507 1F3F 00FF
1B4CB0: FE23 3DC3 8B74 F70B FF7C 848F F0CC F7DE
1B4CC0: EFFB 8F20 CF00 FC78 03F5 0387 00F0 F7EF
1B4CD0: FF9B 7DDB BDE7 997E 80FF FC02 8975 3AC3
1B4CE0: 5BAA E27C 00BC B9BF 0102 7004 C024 8088
1B4CF0: 40C0 8C40 0000 0000 FF9C 7C74 FCFB FF74
1B4D00: 87FF 6883 FB87 DF83 FCC0 4F03 FF00 F708
1B4D10: F7CB 34C7 3020 E003 FBE7 F8BB FD7F B886
1B4D20: FF58 067F 84EE 07FF 0FFB FE00 FC01 FEBD
1B4D30: 43FF 4DB3 8E30 8F10 1F00 FEC8 C788 8718
1B4D40: 0F3C F34C 338B 79FF 3DEF 30F0 70E0 E0C0
1B4D50: C0F3 80B0 047C 803C FFC0 003F C001 FA12
1B4D60: F4FB 4ACC E4F8 C48C F0CA 0000 0408 A030
1B4D70: 00FF 3209 3B16 1502 1B08 FF0F 041D 023B
1B4D80: 0435 0EEA 0500 0008 04EE 0101 091C 001F
1B4D90: FFEB 2DCC 7977 897F C5DF FF42 81FE 01DF
1B4DA0: 20FF 6F10 7803 1883 0CC1 FF16 409B 80CD
1B4DB0: C032 30FF 352D 0CE7 FBE4 FEE9 7FD3 FF24
1B4DC0: DEE9 FF08 FB3D C207 F006 0CE1 FE18 C330
1B4DD0: 04E0 0800 FFDF 2EFD 9EFB BDF5 3AFF DEE1
1B4DE0: E51D 1982 FE00 F7A0 0E80 1E3C 0038 7FE0
1B4DF0: 0200 6418 0000 EF46 F8C6 2638 E21C FF9A
1B4E00: 94AD EAC5 3224 13CA 0000 C000 A860 1008
1B4E10: 8000 0280 8000 00FF 9E6F 592E 3609 1F01
1B4E20: E215 0307 05D5 006F 2E08 0000 FFFE 152D
1B4E30: CAF6 C5CB B6FF 753B 4A0D CF0C C706 FF30
1B4E40: 0008 1214 090E 30FF 8738 B33C 31BC 38BE
1B4E50: FF7D 0247 38DB 3CFA 1CFF F638 FC50 9860
1B4E60: 7000 FF3A 3A3C 3C7E 7E3C 3CFF 7C7C 5878
1B4E70: 7070 0000 A003 01BF 0306 017F 009F 60C0
1B4E80: 0000 2A03 077F FBFB FCFF F876 3EF0 BF6E
1B4E90: DEE0 AC40 E000 A3FD F8F4 043E EC0C C000
1B4EA0: 8020 0000 0000 FE7B 1CC7 487F 0001 F802
1B4EB0: 0101 0000 7C1C 3378 0000 5001 00FD 9468
1B4EC0: 74D8 F810 70F8 B0A0 E000 00A9 68D8 1060
1B4ED0: F040 E000 0000 0000 0F02 0201 01C0 0000
1B4EE0: 0203 8300 0101 CF21 2133 33BF BFFF 320B
1B4EF0: 7906 6F10 5F30 FE6E 1F31 0E1F 000F FF1B
1B4F00: 042F 2037 3038 38FF 3F3F 1F1F 0E0E 0101
1B4F10: FEF7 1CFB 04FF 00F1 0BE1 6080 FFDC 1C84
1B4F20: 07A0 2060 60FC C0C0 2020 C0C0 FFFF 21BD
1B4F30: C3FC 03DF 20FF FC03 F00F EE1F DE3F FE33
1B4F40: 30CB C037 006F E39F 80BF 3F00 DAFC 80C0
1B4F50: 3830 3F50 A090 60B0 40CA F800 F0E0 A8C0
1B4F60: A060 FF16 0913 0C0D 0303 0080 0000 00FB
1B4F70: 4080 20C0 3048 F0FE D438 360C 0F00 0000
1B4F80: 00F8 0503 0301 02C8 0100 0000 00FF 6302
1B4F90: 3041 6851 A798 FC35 ABCF 5300 00FF 9D1E
1B4FA0: 8E0F 8617 4118 F843 0827 0000 AF01 0203
1B4FB0: 0101 00AE 0002 0702 05F9 0000 0101 0000
1B4FC0: 0402 FE5F E0B9 C6F6 0F32 FF3D 066D 1EF2
1B4FD0: 31EE B1F4 7F80 1FC0 00AD 0E1E 310C 80C2
1B4FE0: C000 E02F F050 A0A0 40C2 8000 C022 A040
1B4FF0: 8000 0000 0000 0000 0000 0000 0000 0801
1B5000: 7F01 0000 0F0F 0303 CF01 0103 031F 1F7F
1B5010: 0030 0F67 1FCC 3CFC 9878 B070 A060 C3FF
1B5020: FFFC FCFC F8F8 F0F0 E0E0 C000 0010 FF40
1B5030: 0020 FF85 0003 0F50 7FFF 4A00 030F A07F
1B5040: FF80 0005 0107 4000 0A01 07D5 0004 0810
1B5050: 3055 60E0 C080 EA04 0008 1030 AA60 E0C0
1B5060: 8095 0080 C0E0 5570 383C 1E6A 0080 C0E0
1B5070: AA70 383C 1E80 0000 0000 5003 0140 00A0
1B5080: 0301 8000 41F8 FC04 FEC2 F800 FC08 FEEB
1B5090: C0FF F0F8 F9FE 86FD 7EF9 C100 FFFE 047E
1B50A0: CF7F 80E7 188B 4CFF 4DCE CD4E CB0C FF00
1B50B0: EF00 8003 7D00 CE30 8BCF 0FC0 C0FB FF00
1B50C0: 01FE FDE6 FFFF 97EF 2FDF DF3F EF1F E006
1B50D0: 00FF 027F EB83 7F8F 9FDF 3FB7 FF7F BFBE
1B50E0: BFDE C300 7F80 3F07 3EC0 1EF3 2418 2810
1B50F0: 3000 A020 0051 1810 0000 F7FD 3EFF 7E0C
1B5100: 7F00 8201 00FF 3F3F 7F7F 4C7C 0000 00F0
1B5110: E01F FF00 3FEB 1CDF 20E7 18FF 7F7F 1F1F
1B5120: 4040 8080 FF7E 7EFE FEE0 E058 58FB 6498
1B5130: D408 940C 00A0 0400 DD80 9888 0008 0000
1B5140: 40FF 15FE F000 80FF 2AFE F000 55FF FEFC
1B5150: F050 C000 AAFF FEFC F0A0 C000 551F 7EFC
1B5160: F855 F0E0 C080 EA1F 007E FCF8 AAF0 E0C0
1B5170: 8080 0000 0000 511F 0F07 0403 E21F 000F
1B5180: 0708 0394 0080 C044 E0F0 6800 80C0 88E0
1B5190: F080 0000 0000 54FE 7E7F 00E8 FE00 7E7F
1B51A0: 00E8 7B3C 7343 CF20 1F21 1E22 1CC0 013D
1B51B0: C500 1F1E 1CE7 04FF 7EF9 CF30 FFF9 06FD
1B51C0: 02FF 007B 1CC3 FFFF F8F8 FF07 0723 230C
1B51D0: 0C1F 1FFF DF3F D838 E818 EF1F FFF0 0FFF
1B51E0: 00DE 21DF 3FF3 3F00 3807 3F00 2C00 7F7F
1B51F0: FBBE DCEE 9CE2 42BC CEC4 3864 98E4 C3C0
1B5200: 1C80 3C44 3898 C000 0000 0000 0000 0000
1B5210: FFD8 375F 3F2F 191F 0080 00FF 3737 3F3F
1B5220: 191F 0000 00B3 8040 80C0 0080 0033 8080
1B5230: 0000 0002 012F 071D 0326 11C0 0000 0A03
1B5240: 0BBF 3848 30C8 7054 E8FF 9FA0 ACB3 DA56
1B5250: FB05 F700 0010 2060 18E0 BF58 4FF0 2E71
1B5260: 1D00 A200 0161 BF5B 573A 2114 180B C000
1B5270: 00AA 2000 0A04 AE00 E050 A0D0 FF28 505F
1B5280: 602C 339A 16CC 0000 6080 FFB0 C098 E0CF
1B5290: F06E 71EB 0000 0718 3010 E020 0040 AA07
1B52A0: 1824 43A8 44A8 90AB 00E0 180C 08E0 0400
1B52B0: 02AA E018 24C2 A822 1509 8000 0000 2A01
1B52C0: 0307 8000 0107 4A00 073F AAFC E087 1883
1B52D0: 0010 10FF 0508 0D02 0205 0D02 EA01 0000
1B52E0: 2000 AA05 0800 88BF 0082 8208 446C 50FF
1B52F0: 10A8 EC10 2844 8202 EA01 0000 2804 AA00
1B5300: C428 8082 0010 FF08 0802 0507 0002 05C2
1B5310: 0000 10AA 0002 0502 BF41 2222 0814 5C00
1B5320: FE88 9422 2241 0000 AA41 0008 54AA 0800
1B5330: 4100 003F 0202 0507 0202 C000 00AA 0200
1B5340: 0800 0F04 040A 0EF0 0404 0000 2A04 0011
1B5350: AA00 0480 00BF C0A0 40D0 60B0 20FF D060
1B5360: F700 E915 BA6D DF00 0040 6000 2040 CF60
1B5370: 0015 0261 0CC0 0000 2FE3 67C2 FB06 C000
1B5380: 000E C002 04FF 5718 9827 E01F 370E F80F
1B5390: 0404 0000 BD20 4007 001F 0E50 0400 FF3B
1B53A0: E59D 537F 80DE E1FE F907 0D02 0600 00AF
1B53B0: 0527 0084 03E0 E80F 0006 00FF 0F04 0503
1B53C0: 0601 0300 8000 2203 0000 FFFB 05DB 45AD
1B53D0: 73FF 00FF 4A35 3B07 0B04 0E00 AB1D 2507
1B53E0: 0002 FA05 300F 0006 0082 4020 FA30 1018
1B53F0: 0007 008A 90A8 44AA 4324 1807 8202 04FA
1B5400: 0C08 1800 E000 8A09 1522 AAC2 2418 E080
1B5410: 0010 01EA 0E00 0C1C 1928 3A32 D500 1820
1B5420: 4080 1000 AA20 4080 0000 FF45 4814 3216
1B5430: 0808 14FF 3608 1422 4141 0000 AA05 0422
1B5440: 00AA 2214 0080 FC00 8040 4000 0000 AA01
1B5450: 0020 0002 80FF 0808 9200 4444 1028 FF38
1B5460: 0010 2844 4482 00AA 0092 0010 AA28 1000
1B5470: 82F8 8080 4000 0000 2840 0000 00FF 1010
1B5480: 2838 1010 0000 A202 0010 AA00 4400 1080
1B5490: 0000 0000 FFBD 62BA 47D7 38DE 3DEF 5EBF
1B54A0: DFED DE7F 80FE 6002 7007 7900 7D82 FF80
1B54B0: FE3F 5ABF DC7E C0F8 FED0 60B0 C0E0 0000
1B54C0: FA7E 80DE 00D8 C088 E000 0B81 C201 BFE7
1B54D0: 6483 BDC2 7679 C200 0081 8BC3 E37B 80CB
1B54E0: 0000 E050 60FF D8D0 50E0 E000 7880 C100
1B54F0: 00E0 FAA0 70E0 00C0 E080 00BF 3028 103C
1B5500: 0816 04C0 0000 2B10 1804 08C0 0000 2301
1B5510: 3201 C000 0002 0180 0000 0000 002B 0103
1B5520: 7201 C000 0008 0180 00AF 181C 1408 1E04
1B5530: C000 0022 080C 8000 2201 3380 0000 2707
1B5540: 0206 03BE 0506 000B 050A CA00 0002 033C
1B5550: 0201 0304 C200 0080 2FCE 738C 7B4D C000
1B5560: 002B 80CC 5D80 C000 0026 E0C0 A0C0 0000
1B5570: 08C0 8000 0000 0000 020F 8000 000B 0E11
1B5580: 0EEF 140F 13EB 1F85 FFC0 0000 0000 BF70
1B5590: EB70 CF53 DE21 C000 001F 7051 2268 01FB
1B55A0: 0600 0E04 1A3E 0CFF 2214 FC08 34C8 D820
1B55B0: DE00 0004 0C00 1CFA 1408 0800 E820 FF28
1B55C0: 362C 321C E3FF 00EF FD03 0502 0101 00CE
1B55D0: 36C1 F300 FB8A 0301 00FF C4C8 A8F0 F0C0
1B55E0: E000 FFF0 E068 60F0 80E0 00FE B078 8070
1B55F0: E000 C0FE 8060 10F0 E000 00FF 1B02 251B
1B5600: 7A1D A546 BFA7 A343 B141 9860 FF0A 0407
1B5610: 1803 1C19 5EBF 181C 5F0E 4F07 67FF 2A11
1B5620: B51B ED9B 4DBF FFCE 3EBA 7EFD 7F3E DFEA
1B5630: 1100 1BBF FFEF FE01 7EFF 007F 80CB 0000
1B5640: 7887 78FF 8D73 F50E 9619 F807 C100 0078
1B5650: FF03 700F 001E 6178 07FF 5D23 EC1A C93D
1B5660: 4EBF FFB9 79FC 41FE 79AE 6CFF 3300 3E01
1B5670: 7D02 FF00 FFF9 0665 02FB 00EC 11FF 1902
1B5680: 3C19 7E1B BF5D 4F5E B756 B343 FF0A 0405
1B5690: 1A07 1803 5CEB 015E 0008 0C4F FF2B 10B4
1B56A0: 1B6D 9B4D BFFF DEBE DC3C 9E5A AA0C E811
1B56B0: 001B BFFF FE01 FC03 DE21 2E51 EB1D 0E1F
1B56C0: 7FB7 46FF B340 9A61 8F72 8778 CB01 0E00
1B56D0: 084E FF0D 4C05 6400 7201 78FF CBBF DD3D
1B56E0: B373 53F3 FF67 F7C8 5FE7 3F7C 1CFC BF00
1B56F0: FD02 F30C FFF7 08DF 20FF 003C C3FF 7E80
1B5700: AADC 9798 E3FC FF8A F79B E7DF E028 37EF
1B5710: C000 FC98 60FC 0083 FF30 C7C2 0000 C0BF
1B5720: FFE5 E6FF 0005 FAC0 0000 BF80 E618 FC00
1B5730: 00FA F913 0F1E 0007 01FF 0F03 130F 350D
1B5740: 2B1A E800 0001 000A 0204 FFC3 FF78 7EE0
1B5750: E09C 9CFF 7F41 F38C CF30 BF40 EA00 0081
1B5760: 1F63 AA80 3E7F FFFF A55B BF78 9B64 E11E
1B5770: EF5E BFDF EDDE 7F80 F858 037C 007E 82FF
1B5780: 80FE 3880 D060 30E0 70FE D060 B0C0 E000
1B5790: 0078 C0F0 00E0 0800 FFCC 7067 B862 BD37
1B57A0: D9FF 35DA 1FE8 0DF6 0FF2 FF03 7300 3801
1B57B0: 3C03 18B5 0200 0806 02FF 36D7 EB5B FBE7
1B57C0: FEF0 FFD6 5A98 F3EF 93BF 4BFF 5788 DB04
1B57D0: EF00 F001 FBDE 21F0 07B0 1843 FFCC 7067
1B57E0: B862 BDB7 D9FF 355A DF68 AD36 4F12 FF03
1B57F0: 7300 3801 3C03 18BF 8200 8840 86A0 42FF
1B5800: 36D7 EB5B FBE7 FEF0 FFD6 5A98 F3EF 93BF
1B5810: 4BFF 5788 DB04 EF00 F001 FBDE 21F0 07B0
1B5820: 1843 FFF9 7E46 856D 8EBD C2FF 3758 D96E
1B5830: AD36 4E13 FF00 7E39 3C12 1C02 00FF 8018
1B5840: 008E 4086 A043 FF86 463B B0DF 6015 EAEF
1B5850: F2AF D2BE 573D CBFF C639 BB44 6804 E00A
1B5860: 6F0F A010 4718 C3FF D860 6FB0 66B9 B5DA
1B5870: FF37 58D9 6EAD 364F 12FF 0767 0030 0338
1B5880: 0218 BF80 008E 4086 A042 FFF5 57B2 43B9
1B5890: C1EC 41FF 3FA1 8CEF FF93 BB40 FFF7 0873
1B58A0: 0CE9 1665 12FF B140 EF10 B300 1044 FFC8
1B58B0: 7777 AB69 B7B7 C8FF 3F50 DF68 B52E 4A17
1B58C0: FF07 700B 2007 300C 00FF 8310 0088 408E
1B58D0: A047 FF7B 1AEE 1CE7 1897 98FF 1BDC E51B
1B58E0: A318 FD3A FB3B C43E 013C 9860 FFDD 208F
1B58F0: 5080 5C40 3EF3 E836 F834 7D3B FFCF 5893
1B5900: 8CFE E5BC E3F3 F107 7387 7883 FFDC 208C
1B5910: 60EC 01E0 03FF 777A 3639 3E31 3D03 FFEC
1B5920: 1A8B 7635 ECF2 C8F5 80FA C0F8 F0C0 FF01
1B5930: 1800 7102 E105 C2FF 6F1A 5F38 5B30 7433
1B5940: FF68 2750 0F77 2F67 19CF 0004 0408 0803
1B5950: F910 0720 0F00 19FB EE1F 8F7F DFDC 7CBF
1B5960: BC8F 7FF0 0FBC C3C3 FF00 7C03 3B7F 003F
1B5970: 07C0 FF0F 0017 0FE1 127B D4FF 96E9 3C63
1B5980: 1C53 8CD3 CB00 000C 0108 EE03 1087 A700
1B5990: 27BF 8040 80C0 0040 C08F C0A2 DC44 B8C2
1B59A0: 0000 C007 1C80 38FF 37C9 1FE0 8EF1 E7F9
1B59B0: FFDF E1A7 D883 FC60 FFDF 0001 0001 0103
1B59C0: 033C 0101 0000 FFDF E58F 52CD A3BF 50FF
1B59D0: FE01 ED13 F70C 7B86 FF0C E126 7093 B044
1B59E0: D0FF 27A0 B3B0 1C1C 0607 FF87 8971 D2F6
1B59F0: 4D7B A5FF BF51 1BEC 0FF0 00FF FF70 010C
1B5A00: 0001 0103 837D 4301 E100 F0FF FFDF E58F
1B5A10: 52CD A3BF 50FF FE01 ED13 F70C FB06 FF0C
1B5A20: E126 7093 B044 D0FF 27A0 B3B0 1C1C 2607
1B5A30: FF87 8971 D2F6 4D7B A5FF BF51 1BEC 0FF0
1B5A40: 00FF FF70 010C 0001 0103 837D 4301 E100
1B5A50: F0FF FFDF E48D 53CF A0BF 50FF FE01 ED13
1B5A60: F70C FB06 FF0C E027 7090 B044 D0FF 27A0
1B5A70: B3B0 1C1C 2607 FF87 8971 D2F6 4D7B A5FF
1B5A80: BF51 1BEC 0FF0 00FF FF70 010C 0001 0103
1B5A90: 837D 4301 E100 F0FF FFDF E18E 51CF A0BF
1B5AA0: 50FF FE01 ED13 F70C FB06 FF01 E423 7091
1B5AB0: B044 D0FF 27A0 B3B0 1C1C 2607 FF84 8A6B
1B5AC0: DCF5 4B7F A2FF BF52 1FE0 07F8 00FF FF71
1B5AD0: 0300 0003 0306 877D 4703 E300 F8FF FFFE
1B5AE0: 195F 22E7 1C7F 80FF FC03 DB27 EF18 F70C
1B5AF0: FF61 18A3 803E 0081 80FF 4F40 6760 3838
1B5B00: 0C0F FFD7 2FEB 18E6 132B D5FF 7F81 6F90
1B5B10: DF60 BFC0 FFA0 0F44 1CCB 1BC5 17FF C90B
1B5B20: 9B1B 7070 C4C0 FFE1 11DE 5FCF 32FE 05FF
1B5B30: DD3A C837 F00F 00FF EB0E 0020 0080 8175
1B5B40: 8200 070F FFFA 6910 7100 6141 8801 0050
1B5B50: 1000 00FF C7B8 EFB0 F140 C000 A080 0055
1B5B60: B8B0 4000 00FF 3CA3 9DA2 DFE0 3E41 FFB8
1B5B70: C747 B941 BE80 7FCB 4F00 0E98 01D5 0007
1B5B80: 393E 7FFC C438 8870 08F0 EF04 F8FC EE6C
1B5B90: 7290 F480 3800 70F0 4FF8 107C 0C9C

[0E: GraphicData_Gigas]
1B5B9E: 0201
1B5BA0: BE03 0601 0700 0680 00F0 0101 0303 EF07
1B5BB0: 0038 D83F 7EFF AFFF 1FEF 1FDF 0FEF 0000
1B5BC0: 073F 20FF 8057 00E0 F03F 38EF E000 180E
1B5BD0: C8C3 32FF E31A D30A EE45 9661 EA00 00E0
1B5BE0: F03C AA5C 6C30 18BF 0E3F 0E71 31C6 40F0
1B5BF0: 4FC0 9F80 CA00 000E 3F20 7FAF 0083 E682
1B5C00: 7C65 F9D8 11E8 01F4 008A 0001 83A8 E7F7
1B5C10: FBAF F807 7FFC FFEF EFEF C7FF 7FA7 DF47
1B5C20: EF00 00F8 FE02 EF00 8AD7 9737 8B00 8040
1B5C30: 80BB C0A0 C0B8 A4D8 C300 0080 8030 C0C0
1B5C40: C000 0000 0000 BF01 0301 0602 0400 EB0C
1B5C50: 040D 0E0C 008A 0001 032A 0201 03FF F3CC
1B5C60: 3C23 0708 FDFE FF02 73F8 060F 0983 82FF
1B5C70: 1E1E C707 F101 0000 AAFC 07F1 7CBF FB74
1B5C80: 8095 60FB 04FF DDF3 5FFC 2C7C 87BF F300
1B5C90: 04E3 EB00 045A 0300 83C0 FF71 0EB3 0CA6
1B5CA0: 09DC 23FF B5C3 CA06 1119 8FFE FF00 9E40
1B5CB0: 5EC0 DC00 287A C831 00E6 00FF 7080 18E0
1B5CC0: 74F8 8480 FF6E 7087 82FF 8099 02C2 0000
1B5CD0: 78AA 807C 027C 8000 0000 00FF 70AB 22DD
1B5CE0: 15AB C11F FBA6 C9FE 05EE EF00 FE8C 8C20
1B5CF0: 0370 0730 FF10 0300 05F4 F5F0 F1FF 5F81
1B5D00: 6E91 EE81 EF90 FFBF C0FE 017D 03B8 04F5
1B5D10: 0434 00D8 90D8 53E0 8003 40FF 0601 0B07
1B5D20: 140C 2818 FF31 1156 3649 286B 08CA 0000
1B5D30: 0307 A80E 0917 FF27 CFFB C75D 6326 39FF
1B5D40: CBEC 2436 941A DA1C BF1F 0F0F 8707 C303
1B5D50: E811 01C9 E1FF CE75 A37A D4B9 DABD FFA4
1B5D60: D72A DB37 CEF9 06EE 0800 0486 8082 ECC8
1B5D70: C0C4 E0E0 FF87 8882 9D80 B790 CDFF DF3F
1B5D80: C739 D630 4FA2 FF77 0062 0840 0D00 3F5F
1B5D90: 7F03 08C1 1AC2 FFDB 04C3 0C48 9E4B 9AFF
1B5DA0: 0CDF 0DDE 8779 AE74 FDF8 00F0 0160 0B0F
1B5DB0: DF20 8F8C 00D8 0554 FFBF 87FF 07EF 174F
1B5DC0: 37FF 3EAF F14E FB44 FF00 9F67 0147 0707
1B5DD0: 87F3 0FCF 1F1F 0C0C FFBA DC65 8663 82C1
1B5DE0: 20FF CC21 BF61 9B7C D9C1 EBC0 C0D8 DC9E
1B5DF0: 803A 1E00 003E 8000 8B80 C040 80C0 0000
1B5E00: 00F0 0D05 160E F011 0300 00A0 0201 8000
1B5E10: FF71 010C 740A F209 F3FC 0407 787F 0000
1B5E20: AAFE FBFD FCA0 F800 FFD8 5FE0 A0F9 DEDF
1B5E30: E0BE D030 C0E0 00C0 AA60 3F1F 0000 FF7F
1B5E40: F17A 66B7 0FE1 1FFE 6718 3C04 1800 0FAA
1B5E50: 0081 C000 2803 07FF 1C01 DF41 6760 FB81
1B5E60: FFBE 1EBF 7F5D 3C83 7CEA FE00 BE98 07A2
1B5E70: 7FFE FC8B 80C0 60C0 D7A0 80C0 80E0 C0C2
1B5E80: 0000 808A C040 00BF 1BED FEFA 1DF8 FDEB
1B5E90: FEF9 F266 0FF0 F0E0 EC00 FF44 FDF9 FFBA
1B5EA0: 08E6 04FD A5FE B9FA 7EA1 F300 4080 FA07
1B5EB0: C01B 801A 20F1 3090 0080 00EF 9360 BB6C
1B5EC0: 2359 36FD 5B24 3D01 1E00 05EF 1F00 1C1B
1B5ED0: 0307 07FB 0C0C 0A08 0B03 00FF DB1C FF00
1B5EE0: C807 C13F FF80 0F65 8245 DACB 90EF E000
1B5EF0: 00F0 F080 80EA 7000 7838 3CFF FD02 D908
1B5F00: FB04 F3E4 FFCA C1BF 80DF A30B B7F5 C0D8
1B5F10: 003E 0E0C F730 0570 0203 5017 FFE4 1AE8
1B5F20: F6AC 1FBF 7FFF FFF8 FE13 F712 DB90 FD03
1B5F30: 0301 F900 7CFE 7FFC 0339 02BA 00F4 FF70
1B5F40: 2722 DD15 ABC1 1FFB A6C9 FE05 EE17 00FE
1B5F50: 8C8C 2003 7007 30FF 1003 0401 F4F5 E0E9
1B5F60: FF5D 836C 93EE 81EF 90FF BEC1 FD03 7804
1B5F70: BA08 D500 30D8 90D8 5BE0 8003 0740 FFB9
1B5F80: 81FF C0AC 10FF 00FF 20E7 8CC2 A7F9 67B8
1B5F90: EF7E 0000 7F7F 0000 AA18 3D1C 1DDE A0C0
1B5FA0: 4060 00F0 BB70 8870 08E4 18CF 0000 8080
1B5FB0: 0000 80E0 BF18 3710 2C04 5F03 EA4E 0041
1B5FC0: 2719 AA00 081F 3F2B 3E18 0707 CB00 00FF
1B5FD0: 0304 FAFB 7CBF 005D F682 00FE 8E7E BE80
1B5FE0: 98E8 2100 1E08 A810 151F BC1E 0101 0707
1B5FF0: C30F 0F00 00AF F702 2718 5F20 FC98 67F0
1B6000: 0FE7 1FF3 0808 FCFC F0F0 FCEF E0DF C0BF
1B6010: 80C2 0000 C0FC 6080 10E0 F8F0 C000 00A8
1B6020: C0E0 F080 0000 0000 F836 113F 0008 AA10
1B6030: 1317 1FAC 0F00 0707 C30F 0F00 00FA 0FF1
1B6040: F700 1E3F FCD8 27F0 0FE7 1FFF F000 0808
1B6050: FCFC F0F0 FCEF E0DF C0BF 80FF 3500 2F0A
1B6060: 2A0C 3715 EF3F 0C1A 0E04 0600 A21B 1108
1B6070: BE00 0C04 0400 00FF 6B40 3116 3BAE 7FE1
1B6080: FE97 E0B7 6075 003F BF9C CE06 C705 8302
1B6090: DF60 6040 2323 0101 FFDE 74FF 1097 6881
1B60A0: 6EFF B776 C9C8 E427 7989 DE10 0704 0000
1B60B0: 10AB 0836 18C6 C0FF DAD1 E7E7 FFDF CF9F
1B60C0: FFBD 8F66 8D39 C4F6 00D0 00F7 FF55 DF9F
1B60D0: 0F0D FEEB 10FD FEFA FDF8 EBFE F9F2 660F
1B60E0: F0D0 00FC FF44 FDF9 FDA6 04FD 25FE B9A1
1B60F0: FA73 80C0 0040 80FB 1BC0 1A80 2030 90C1
1B6100: 0080 00FF 7EB8 6F99 36D9 EED1 F8BF 41F3
1B6110: 0000 BD05 1810 1909 19E0 0100 00FF 1ACC
1B6120: 3B6A 7580 FF82 FBFB 0A9E 0816 1C00 AFE0
1B6130: C4CE C0CC 40FF 8480 0C04 0808 0000 AF17
1B6140: 1F30 0F5F 3FCE BF7F 8000 FFFA 0808 0700
1B6150: 1F3F 827F 008F FA79 8019 E08E 9D07 00F8
1B6160: FF64 649C 1CEE 0EF6 06CE FA02 F800 0000
1B6170: 0000 00A8 C03F 0000 A03F 0000 A808 F000
1B6180: 00A0 F000 0000 0000 0000 0000 00A8 C03F
1B6190: 0000 A03F 0000 2B01 071B 07FF 2E1E 6D21
1B61A0: 530C C15E C000 00A8 011E 3FFF 9D63 D738
1B61B0: 7794 BBCA FF1D 110E 0806 0507 06CA 0000
1B61C0: 0804 A8E2 F1F8 FE03 3C0E F1FF 00B4 FF75
1B61D0: 80BB D04C 6B57 74E7 C001 0000 636B FF03
1B61E0: 0B00 0490 0388 00FB 538F D10E F071 0CFF
1B61F0: 7209 E413 3886 F63E D700 FFBF 1F80 9E7D
1B6200: 9C00 1801 C000 FFE7 106F 00F8 081F F0FF
1B6210: F9E9 7750 EBA0 A960 DE00 98B0 0700 00A8
1B6220: 068F 1FAF 0080 C080 A040 FFE0 8060 40B0
1B6230: 20DC 0080 002A 80C0 E0BB 070F 073F 7C37
1B6240: FF9B 70FB 408F 24AB 74C0 0000 AA07 3753
1B6250: 20AF 00F8 E638 6284 FFFA 0CD2 B4FA 0C6C
1B6260: F0C2 0000 38AB B008 00E0 C0C8 0000 01E5
1B6270: 0201 0300 01C0 0000 00FF 4930 C609 0704
1B6280: 6FEF FFB9 81FC 02C7 C483 83FE 0606 3303
1B6290: F800 10AA 7E01 387C FFDC 0378 8355 007B
1B62A0: 80FF 86F8 597A A4BC C84F FF00 27C0 C7E0
1B62B0: EB00 057A 0184 0043 30FF 7680 3C82 5400
1B62C0: BC02 FFC2 3E34 BC4A 7A26 E4FF 00C8 06C6
1B62D0: 0EAE 0040 6A00 4284 1880 008B 0103 0C03
1B62E0: C000 0000 BF07 3807 5F3F BF7F 0FDF 3FBF
1B62F0: 1FEF 0000 073F 307F 60CD FFE0 7F60 70FF
1B6300: E000 3C20 87E4 E393 FFD3 8BF1 89EB 83D7
1B6310: A2EA 0000 C0F8 9CAA ACAE B498 BF03 0F03
1B6320: 1C0C B010 EFE7 A0FF DF40 7DC0 CA00 0003
1B6330: 0F88 1F3F FFC1 5EE3 2C30 1007 07C0 0000
1B6340: AA3F 1F0F 0000 FE47 467E 7FBC FF00 7E07
1B6350: 0106 0700 04A8 B880 0000 FF28 B881 5FCC
1B6360: 2FF2 01E8 FF00 C000 AA47 2010 0F80 00FF
1B6370: 657D 0FFE 3AFD 9619 FEFC 031E 0107 0000
1B6380: A282 00E0 8000 FFF4 743F F87A 81EB 67FF
1B6390: C947 8007 D847 FF00 AA0B 0007 1FAA 3F7F
1B63A0: 3F00 FF3C 28E6 14F2 F8FA FCFF EEE4 1EC4
1B63B0: 2EC0 CC00 AAC0 18FC F4AF F0E0 D010 3030
1B63C0: FFBF 62DD 22F3 4CC2 7B7F 43BD 7EC3 3CFE
1B63D0: 00FE 6262 2222 0000 04AF 3C00 0101 4343
1B63E0: FF2E F04B E4B2 645F BDFE 2BDD 877B 7B07
1B63F0: 17EA 2800 1819 012F 0387 84EF ECFF 0301
1B6400: 0200 0702 0400 7701 0503 0006 02EA 0000
1B6410: 0100 0302 01FF 6101 9262 7302 C606 FFBF
1B6420: 8080 815D FEDE 00A2 FEFD 39A8 C0FF BFFF
1B6430: F3A3 BCD0 586B CFF0 EAF8 0090 1030 AA1C
1B6440: 0F87 0022 E0C0 FF9E 8A7A 1634 ACE6 1EEA
1B6450: 3E00 1210 18AA 70E0 C200 220E 06EF 170F
1B6460: 1F28 1830 10FF 503F 6C1C 9978 F170 CA00
1B6470: 0007 0FAA 0003 070F FF4F 9F77 8F9B E76F
1B6480: 73FF F7F9 0B2C E334 D51E FF3F 381F 1E0F
1B6490: 0F87 07FB 0303 D101 C9E0 00FF EFB4 D3BA
1B64A0: D4B9 EA9F FFAB DC36 C99B 60BA 45EE 8800
1B64B0: 8486 8080 DFC0 C1C0 F0F6 E0E6 FF3C C017
1B64C0: E902 BD42 2DFF 79FF 39CF BC83 FD13 FD3F
1B64D0: 0016 4002 68F8 DF00 FC3C 400E 5010 C000
1B64E0: 00BF 0C0F 040D 050F 01C0 0000 2A04 0206
1B64F0: BF30 3810 6C28 5C00 FF6C 107C 28F6 38CA
1B6500: 0CE2 0000 1038 2A10 0030 AF00 2070 20D8
1B6510: 50EF A800 E8D9 50FB 21C8 0000 208A 7020
1B6520: 0000 BA40 A040 E060 C000 0036 4040 0080
1B6530: FFCC 4F8F 7FC1 3EFE 00FA A718 9C00 80C1
1B6540: A330 0041 41C3 7F7F 3E3E FE0B F7B7 CFF7
1B6550: 0FD7 BB17 1F07 33CB 37FF 0706 0F0C 2F2C
1B6560: EFEC 0FCF CC07 06CB 8000 C3BE 02FF 8707
1B6570: 9B03 DB43 A767 CF7F 7F3C 3C41 00AA 787C
1B6580: 3C18 FE3F 0753 27EF 736B FB67 7BC5 FBCD
1B6590: 86E1 FFCF CC8F 8C07 0687 07E2 8303 031B
1B65A0: E203 0001 02BF 0F18 072F 1F5F 3FC3 0000
1B65B0: 0101 EA00 000F 1F3F ABA0 130C 9060 FFE8
1B65C0: 107D 80BF C0DF E0FF 5F40 ECE0 F3F3 FFFF
1B65D0: FB1F 1FE7 07F7 FB03 E860 00C0 4002 C0AC
1B65E0: 8000 8080 00E8 0C00 0604 0206 AC02 0002
1B65F0: 0200 FFD3 5087 4099 4677 28FF 7A03 7D01
1B6600: 3C02 7A00 AF2F 3837 0708 08EB 1410 1617
1B6610: 0700 EFD5 1EE5 9F00 857A FF8A 4DA3 058B
1B6620: 3DC6 79EF E000 00E0 E000 00AA 3078 7030
1B6630: BDF7 C703 EE10 31FF FB07 9FE0 2F30 975A
1B6640: F540 4C00 3B19 3B5F 0700 C002 A003 FFA3
1B6650: 5183 F6A0 7DF4 F9FF FEE1 FB4C DF48 6840
1B6660: FD1C 1C09 C803 E0F8 FF01 F00C E40B EB07
1B6670: D7FF 0C01 0F04 0C05 0F07 BB0A 0F01 0201
1B6680: 00AA 0600 0200 00FF E724 EB0C 7987 DC3F
1B6690: FF63 FD88 8F33 03B3 83E8 1800 1000 2A70
1B66A0: FC7C FF8B 70FC 030C F4F7 F8FF 080C EE0F
1B66B0: ED0E 1719 EA01 0000 0307 A2F3 F0E0 0780
1B66C0: 2000 EEC0 8040 8000 E08A C040 C080 00B3
1B66D0: BE9B 03DB 43FF A767 BF7F C63F F30F E241
1B66E0: 007C 3CA0 1800 FF6F 737B 63D5 EBED DBFF
1B66F0: 86E1 1BE0 3BC0 0506 CC87 0703 03BB 1B1D
1B6700: 013D F800 FFBF 7FC6 3FF3 0F60 1FE0 1F00
1B6710: 0000 00FF 1BE0 3BC0 0506 79FE FE83 7D7E
1B6720: 0103 0000 EE1D 013D F800 0000 FA5F 3F40
1B6730: 003F 0000 883F 0000 FADF E004 00F8 0000
1B6740: 88F8 0000 A0C0 0000 0000 A006 0000 0000
1B6750: FFFC 209B 05FF 47EC 53FB F53B 6B10 3910
1B6760: 00AB 4766 2023 03FE 0302 3131 1000 00FE
1B6770: DE49 BC7B E61B F4FA FF08 9C00 8000 AD30
1B6780: 0038 3828 F018 1000 00FF 0743 B7DB 5E9B
1B6790: FF1A FF3C 021D 0016 0133 00F6 B803 280B
1B67A0: 0308 9F00 0208 080C 0CFF 6B44 9F9F FFFF
1B67B0: 3F7F FFEF 3FB7 2FCB 27F0 07D0 00DF FF45
1B67C0: 7F3F 2F40 0000 0000 000B 3039 10C0 0000
1B67D0: 0000 2F03 0F03 FC0C C000 0002 0380 002F
1B67E0: 80E0 807E 60C0 0000 0280 8000 BF01 0201
1B67F0: 0700 0602 C000 002A 0100 01BF 171C 033B
1B6800: 07FF 00FF B146 C8BB C335 FE80 FC0C 0C08
1B6810: 0800 00AA D8B4 383D BFF9 1DE0 F538 E7C4
1B6820: FFFE 2C29 36C5 1E28 F9FF 1E1E 0606 0202
1B6830: 1800 8AC0 E0C6 8000 0B80 E080 C000 0000
1B6840: FF30 3050 5071 5152 72C0 1332 E200 0020
1B6850: 2180 61BF 0081 8102 0285 04FC 87A5 CBEB
1B6860: DFFB CA00 0081 83A0 A3A7 BFF7 C703 2ED0
1B6870: EEB1 FFBB 87DF 48A7 607A 32F5 C0CC 003B
1B6880: 193B FF40 0730 0118 0300 07FF A351 83FA
1B6890: A07D F4F9 FFFE 81E9 B0F7 A7EA 85FD 1C1C
1B68A0: 0DCC 03E0 F8FF 01C0 3096 20AF 009F 4000
1B68B0: 0000 000A 0102 AF03 070F 0717 0082 0001
1B68C0: 2200 0FBF F7C7 032E D0EE B1FF BB87 DF48
1B68D0: A760 7B32 F5C0 CC00 3B19 3BFF 4007 3000
1B68E0: 1802 0007 FFA3 5183 FAA0 7DF4 F9FF FEC1
1B68F0: F758 F850 7040 FD1C 1C0D CC03 E0F8 FF01
1B6900: E018 C817 D70F CFC0 0000 AF01 0709 0117
1B6910: 0080 000A 060F BB3E 2F10 6CC3 35FF CFB8
1B6920: D53A C7AC D8BD E211 000B 088A 0412 02FB
1B6930: F010 E720 7FDF 40FF 7EC0 1EE0 17C9 A3BD
1B6940: E2CF 009F 3F2F 1F16 2002 E8FB 1E10 CE08
1B6950: FCF6 04FF FC06 F00E D026 8A7A E2E6 00F2
1B6960: F82F F0D0 0880 2EFE 0500 0D04 0B07 0EF8
1B6970: 0B04 0C00 008D 0304 0400 7004 0000 FF43
1B6980: 18F7 B4CF 38FD 30F8 F920 7100 00AF BD09
1B6990: 3030 3818 F030 1000 00FF 3AE8 F3E9 B5CD
1B69A0: 63DC F8BF 40C0 0000 AFC7 06C2 40C0 8070
1B69B0: C000 00B5 20F0 20E0 2060 0000 8BC0 2060
1B69C0: 60C0 0000 FB33 1273 5252 1212 CF31 3110
1B69D0: 1000 00A0 6121 8000 FFDF FBFB DB8F 8F26
1B69E0: A7FB A223 8382 8281 81CA A700 A383 A281
1B69F0: 0100 FF36 02D6 06D3 46FF 32FF E902 ED18
1B6A00: F6CC BF32 E708 0F28 0EC0 06BF 3010 0209
1B6A10: 01C4 00FF BD0B FA3F FFFA 7AFF FFEF 7F37
1B6A20: 6FCB 2730 07C0 00FF 077F 80EF C200 0001
1B6A30: 0D03 0100 8000 0201 FB23 0C61 0EA1 3740
1B6A40: FF2E 6071 F866 5C6F 4FCA 1F00 5FCF A8F1
1B6A50: FEDF FF37 03D7 07D3 46FF 32FF E902 ED18
1B6A60: F6CC BF32 E708 0F28 0EC0 06BF 3010 0209
1B6A70: 01C4 00AF 765E F7C0 59D0 FFEF 6837 6FEB
1B6A80: 2734 00D7 0FCF AFEF 07F7 D700 F8FF 7F80
1B6A90: EFFE 2807 370F 4F1F 7FF0 5F3F BF7F C81F
1B6AA0: 003F 317F 4060 FFEB 1E23 9DFD 82AB C6F7
1B6AB0: DA9D E7C0 93AE 70E5 8100 C002 1EFF 803E
1B6AC0: C01C 803B 0079 FF6B EDB8 7E39 9F38 8FFF
1B6AD0: F916 A751 83F6 A07D FD02 7801 3C40 1C0C
1B6AE0: FF50 1418 1809 C803 E0FD AC6E 3AFC 38F2
1B6AF0: E2FF 3ED0 CA14 82DE 0A7C FD80 3C00 7804
1B6B00: 7060 FF14 5030 3020 2680 0ECC 2020 4141
1B6B10: FE62 42A2 8285 A4C5 C800 0020 A821 6163
1B6B20: BF17 1C03 3B07 FF01 FFB1 47CA BAC2 36FF
1B6B30: 82FC 0C0C 0808 0000 AAD8 B539 3DBF F91D
1B6B40: E0F5 38E7 C4FF FEAC 6976 455E E879 FF1E
1B6B50: 1E06 0602 0218 00AA 4080 A086 CC04 0482
1B6B60: 82FE 4642 4541 A125 A3C8 0000 04A8 8486
1B6B70: C6AF 0001 0601 0B07 FF17 0F1B 0B25 1528
1B6B80: 08EA 0000 0107 0FAA 1F1C 3831 BC1F EF1F
1B6B90: FFFF 0FDB DB25 A5E0 1F00 FF0A E7C3 8000
1B6BA0: 0000 0000 0B03 1F03 C000 0000 AA01 0001
1B6BB0: 02BF 0F18 072F 1F5F 3FC3 0000 0101 EA00
1B6BC0: 000F 1F3F FFFE DFD8 081F 0090 60FF E810
1B6BD0: 7D80 BFC0 DFE0 FF8F 002F 20E0 E0FF FFFB
1B6BE0: 1F1F E707 F7FB 03FF 8F89 4D48 6F64 5E74
1B6BF0: FF83 E2F3 323F 0F16 CFEA 7200 B399 89AA
1B6C00: 1C0C C0E0 FFD8 033E C1DD A0BE C0FF CDF0
1B6C10: A3BC D85F D707 D100 270B 057A 0240 0020
1B6C20: 38CF BF7F DF3F A01F 6F00 9F5C 3FA1 61D4
1B6C30: 7F60 707F 3E60 6000 001E FFEE 11FB E7E7
1B6C40: C063 9CFF 9F7E 6B07 FF01 DFE3 FF00 1BE0
1B6C50: 07C0 D880 BEFD 007F 809F 0003 07FF F4F9
1B6C60: FEC1 F718 B810 FF50 0757 0F9F 9FFF FFFF
1B6C70: 03F8 01E0 18C8 17D7 F408 AF00 BFFF FF5E
1B6C80: 3EFE 06DE 303A 10FF 14C0 D4E0 F2F2 FEFE
1B6C90: FF80 3E00 0E30 26D0 D6F4 20EA 00FA FEFF
1B6CA0: AAE9 FDFB 6563 63FF BFFF 7F7F 0F0F 0000
1B6CB0: 8867 FF2A 7F0F 00FF 431A F6B7 CCBD FF7D
1B6CC0: F85D 9BC3 FFFF EFBD 0009 3330 8300 A0E7
1B6CD0: FFFF FA68 73E9 35AD FFBE F8BA D9C3 FFFF
1B6CE0: EA87 0086 C2C1 A0E7 FFFF 5597 BFDF A6C6
1B6CF0: C6FF BFFF FEFE F0F0 0000 88E6 FF2A FEF0
1B6D00: 00CF 1011 2020 2121 FF01 0100 0040 4000
1B6D10: 008A 2101 00AA 4000 0100 F343 4382 8201
1B6D20: 010C 0000 A281 0100 0201 BF03 FD03 8F89
1B6D30: F302 DFFB E2F2 FF00 F705 CA00 0070 FC0B
1B6D40: 00F8 01FE FC0C 3010 E7A0 7FFB DF40 7DC0
1B6D50: 3C17 E9E8 0300 CF1F 833F 1640 FA5F 3F40
1B6D60: 003F 0000 883F 0000 FADF E004 00F8 0000
1B6D70: 88F8 0000 FED0 0F18 07FF 0010 8220 E00B
1B6D80: 00E0 E0C3 C0C0 0000 FE78 80EC 0307 0000
1B6D90: 00A8 0F07 0000 FB80 40E1 51C5 A571 BF91
1B6DA0: B252 4020 A660 E23F 002E 0E28 0D1F FD3E
1B6DB0: 07FF 04ED 020A FFEF 88B6 FB4A 7435 0AFC
1B6DC0: C007 E004 F000 AA70 0083 C1FF BF7F 7F6F
1B6DD0: C7CF E38F FF69 87D4 231E E1C5 B8C1 00FF
1B6DE0: DF54 9F0F 03FF FAFC FCEC C6E6 8EE2 FF2C
1B6DF0: C256 88F0 0E46 3AC1 00FE F654 F2E0 8040
1B6E00: 002F 030D 031F 07C0 0000 00BF 0F3B 076F
1B6E10: 1FDF 3FFF BF7F FF3F 5FB8 EA90 FF00 000F
1B6E20: 0E3F 307F 600E 3830 37EF F000 ECF6 F8FD
1B6E30: FE3F F7F8 FF02 6704 EA00 00F0 FCFE AAFF
1B6E40: FE00 F8BF 030F 0318 0837 10FF FF20 F258
1B6E50: 11FD 8D7B CA00 0007 0FAF 1F27 0208 00EC
1B6E60: 4000 0801 8000 00AF 071B 3F1F 5F3C FFBE
1B6E70: 7BBD 7ABE 7DCF 3EEF 0000 071F 103C 20EF
1B6E80: 7860 79FC E0FE FCFF 17F1 01FE DA3D 2DDE
1B6E90: FF9E 61A8 437B 3CB7 0BE7 0C01 0000 C0C0
1B6EA0: FFE0 E1C0 DF80 BC40 4BFF 02BD C2AD 79FF
1B6EB0: B97F FFBC 1BFD 0727 D98B FEDD 0268 F800
1B6EC0: FC3C DF40 1E04 1010 19D8 C000 008F 0102
1B6ED0: 0107 03C0 0000 00BE 1F77 0F9F 3FFF C83F
1B6EE0: 7FBF FC00 001F 1C7F 60CD FFC0 7F60 70FF
1B6EF0: FC00 CBF4 FAFC F19E FFFE 8FDE A3C3 B4EF
1B6F00: B8EA 0000 FCFF 9FAA AF93 8984 BF03 7F03
1B6F10: DC4C 7010 EF67 20FF DF40 7EC0 CA00 0023
1B6F20: 8F88 9F3F EF89 46C9 CE40 A660 F8BF 40C0
1B6F30: 0080 823F 1FBC 003F 3F7F 7FFB 6E34 5B12
1B6F40: 4B3F 27FB D6EF F00F 301F 00A2 C1E4 C08F
1B6F50: 00C0 C0E0 E0FF B7D8 CAFC A7BE D85F FFD7
1B6F60: 0778 80EC 0307 00CE 0001 4000 20AA 380F
1B6F70: 0700 FFDA 36A6 7ECA FA36 F4FF D6C0 3C02
1B6F80: 6E80 C000 8A00 0408 AA38 E0C0 00FF 740C
1B6F90: 9070 FB7C DF7F FAA0 608F 409F E0E8 0300
1B6FA0: 0F00 AB1F 3F20 1F1F FF74 4B3F 24AB 7674
1B6FB0: 9BF7 D6E9 7F68 74DD 76FF 9818 CC0C 0606
1B6FC0: 0303 3E81 0180 0000 FF88 F106 FB7A FD96
1B6FD0: 79FF EB10 FB00 CF01 BF02 E90E 0004 0002
1B6FE0: 5506 053B 6AFF 79FF 0BA5 348B 6917 FDCD
1B6FF0: FAE0 DDFC E5E1 DF00 FCDE 4006 D010 F519
1B7000: 1803 E0F0 E0C8 0100 002C 0103 01C0 0000
1B7010: 00FF 8B07 7201 BD00 4638 FFAD 7E52 D38D
1B7020: 812E 20FF FFFF 8F8F 4343 0101 EA00 002C
1B7030: 7EDF FF72 98E6 B17B 47BE C1FF FB08 7698
1B7040: 3F40 8807 DF00 1D3B 8007 0009 5F1D 1980
1B7050: 0070 70FF A07D F4F9 FEC1 3798 FFFF 0095
1B7060: 7067 E0CB C2DF 03E0 F801 E018 C8FA 0181
1B7070: 0E00 1E3C FF0F 071C 0C2C 1F2A 1EFF 2B18
1B7080: 5730 E160 CC40 EA00 0003 0001 AA07 0F1F
1B7090: 3FFF DF3F EF9F 7F87 1F13 FF0A 0D8B 0C97
1B70A0: 187F 007F 7C3F 3F07 07E3 03FA F101 F000
1B70B0: E080 FFE5 BAF7 BCD8 BDAB DFFF 7986 C502
1B70C0: 5B00 F72C E384 8082 C0C0 3BB8 80BC 1800
1B70D0: FFBE C097 C9E3 FDEB 6DFF F83E 39DF B88F
1B70E0: B996 FD3F 8016 A002 E878 FF01 3C00 1C40
1B70F0: 0C50 14EF F000 ECF6 F8FD FE3F F7F8 FB06
1B7100: 6B02 EA00 00F0 FCFE 2AF8 00FC BF03 4F03
1B7110: F84E A936 FF7E 7D44 BFA3 2659 E6CD 0000
1B7120: 0148 6CDF 00FE 8658 0200 00AF 7FC1 E040
1B7130: 5800 FFFF C8FC 17FA EB1D 15FF 0000 3F3F
1B7140: 1F1F E707 EA30 0008 04E2 8FFF 9D60 3D00
1B7150: BFFF 74F8 59DE 0687 FC00 01F0 F4E3 EBDE
1B7160: 0004 0320 0078 BFC0 9E01 BB06 A61C DFDF
1B7170: 3C30 B160 B667 FF3F 3F78 7860 6041 40CA
1B7180: 0100 0E08 FFFB 043F C0C7 3878 4FFF 8B37
1B7190: FA76 DAE6 A977 C200 0080 AFC0 8161 6070
1B71A0: 50FF EF10 6791 DFA2 EFD2 FFD7 0077 80B7
1B71B0: C4FE 57D5 0059 3B23 02F7 200A 000C 0F80
1B71C0: 07FF F6D9 F9D0 F7C0 DFCF 7F4F 6F6F B737
1B71D0: CF87 FD19 C810 D600 CFFF 00E0 0402 06FF
1B71E0: 0703 0B07 0A06 0C04 C001 008A 0001 03FF
1B71F0: 1030 7F41 BFFE 41C1 E84C C0DE C1EA CF00
1B7200: 8000 3E88 3F3E EF13 0F17 160E 1308 AF1B
1B7210: 3B34 0C1B 07CA E0E0 E1E7 0BE3 F0F0 FF19
1B7220: 028F 8E1B 0E6B 66FF 5576 ADDA D9AA A764
1B7230: EAFC 0070 F098 A388 0418 01EF DF40 DEAC
1B7240: 6055 30FA 2D18 1C00 0402 BE3E 3D01 1B03
1B7250: 0B83 0301 01BF 8350 0ED0 36A5 6FFF CB5A
1B7260: A335 AF3B D77F FF7C 7CE1 E089 8010 00AE
1B7270: 244E 4501 01FF 7F5E DB0E BF52 7E38 FF2E
1B7280: B8D4 38FA 80C8 B3FF 8606 E604 E200 D819
1B7290: FE58 1108 0B00 0780 FF9F B981 3246 1396
1B72A0: 63FF 3EFD 3F3F F974 1F0C FF58 181D 5C09
1B72B0: E801 F8D5 00FC FFFE FCBF 067D F8BF 73CE
1B72C0: 30FF FF01 DF02 9F20 F900 D500 0103 0701
1B72D0: 5503 3778 6EFF 07C2 CCEE E4F1 BC81 FBEF
1B72E0: B4FF A0D9 B080 FD38 0001 F003 F8C0 FF31
1B72F0: 9020 A026 A60F CFFF 8E88 4F4A 6F65 5F75
1B7300: FF83 E2F3 323F 0F16 CFEA 7300 B198 88AA
1B7310: 1C0C C0E0 FFC3 C354 40B7 248B 03FF CC80
1B7320: 9790 8808 D707 EA3C 00BF DBFC AA7F 6F77
1B7330: 38FF 9761 7E30 6B23 5703 FF5E 0D3B 1C3D
1B7340: 1E1E 00AA 0E07 1439 FF31 010C 0C0E 0200
1B7350: 00FF CE35 FB8C 55B8 F980 F8E1 C0C1 0000
1B7360: FD30 3000 0080 8000 F0C0 C000 00FF FFD2
1B7370: BDDA F3D0 ECA7 FF9E 4B41 E4A0 737B 07FF
1B7380: 0006 C0C2 CC40 9800 AA34 1B0C 00FF 6FFF
1B7390: EF7F 776F 8B67 FF70 87DC 03E8 D305 F8C1
1B73A0: 00FF 7F7D 2F80 2700 0703 FB0C 0414 0C1C
1B73B0: 1A0E FE19 0706 0101 0000 8203 0180 00FA
1B73C0: 6F6E 0200 3A02 3FFD FEB7 787E 06F0 9000
1B73D0: FD01 3200 0001 BFFF 3F36 8D89 4E4A FF6E
1B73E0: 645F 7583 E2F3 32EA 0000 C072 B1AA 9988
1B73F0: 1C0C FB4C 293E 00CE 3DC0 FFDC A0BF C0CC
1B7400: F0A3 BCFF 9083 C0C1 3035 020A F703 0B00
1B7410: 0403 4000 A001 0000 0000 FFA7 7851 312E
1B7420: 1F11 0EEF 0F00 070F 0717 00A8 000E 0002
1B7430: 0FFF 9D63 B9C3 7C83 F200 FF9F 70FC 38F7
1B7440: C43D 30D1 0003 070F 5F00 0308 01C6 00EF
1B7450: FFFC FEFD 7C7F 7BFF EB78 D46C 2BC7 5307
1B7460: CD01 FD00 FEFF 517F FFEF EFE9 10E1 D920
1B7470: 39C0 FFBC B0ED B8EF B11E E3D5 005E 3E26
1B7480: 06FB 5007 4803 4000 07EE F080 B4F7 005B
1B7490: FFBF 10FF 1FF8 C8FC F9C7 0FCF 8F07 A7D0
1B74A0: 0070 FF7F 0001 0107 070F 0FF3 1F1F 3F3F
1B74B0: 7F7F EA00 0001 070F A21F 3F7F BF00 8080
1B74C0: E0E0 F0F0 F3F8 F8FC FCFE FEEA 0000 80E0
1B74D0: F0A2 F8FC FECB 0001 333B 11FF 6D2B 5907
1B74E0: 1F7F 7927 CE01 0103 0313 FF17 063F 1E7F
1B74F0: 781F 1ECA 0000 80A0 FF70 A038 C0F0 FC38
1B7500: C0CC 0000 8080 FFE0 C0F0 F0FC 3CF0 F0FF
1B7510: 0E02 1E0E 3E1E 7F3E 3FFF 7E6F 10FF 7EFF
1B7520: 0E0C 1E10 3E20 7F41 3FFF 813F 0FFF 81FF
1B7530: E080 F0E0 F8F0 FCF8 3FFE FCE8 00FE FCFF
1B7540: E060 F010 F808 FC04 3FFE 02F0 E0FE 02CE
1B7550: 0400 0002 02DF 0301 0307 0D30 00CC 0404
1B7560: 0202 9F03 000F 0E30 30C2 0000 18F5 C060
1B7570: 8080 0080 C300 0018 18F4 E0E0 8000 80FF
1B7580: 17F1 01FE DA3D 2DDE FF9C 61AB 407F 3BB2
1B7590: 08E7 0C01 0000 C0C0 FFE0 E3C0 DC80 BB40
1B75A0: 4DFF 02BD C2AD 78FF BE45 FF8C 3BDF 7DA9
1B75B0: DFD3 6EDD 0268 F800 FC06 F758 1A1C 14FC
1B75C0: 01F0 C000 0000 0000 0000 0000 0000 0000
1B75D0: 0000 0000 FFFF 129D 7AAB 6C04 C7FF 5ECB
1B75E0: 41E4 A073 7B07 DE00 0602 1000 38AA 341B
1B75F0: 0C00 FF6E FBEF 7F77 6F8B 67FF 7087 DC03
1B7600: E8D3 05F8 C100 FF7F 7D2F 8027 0007 03F3
1B7610: 7F7F 3F3F 1F1F FF0F 0F07 0701 0100 00A2
1B7620: 7F3F 1FAA 0F07 0100 F3FE FEFC FCF8 F8FF
1B7630: F0F0 E0E0 8080 0000 A2FE FCF8 AAF0 E080
1B7640: 00FF F53B CB1D DF3D FA1D FF30 873C 7845
1B7650: D882 81FF 0706 3313 3B2B 3131 FF49 49FF
1B7660: FF3F 1F7E 02FF 79B0 FB21 AB70 FC03 FF54
1B7670: 206F F008 0CEE 0FFF E0C0 8080 E1C0 0000
1B7680: DEFF FCF8 F300 F0CF 7F3E BE1E 7E8E FF8E
1B7690: 0242 BCBD 7EBF BDC5 FFC1 E1F1 53FD FF7E
1B76A0: 02FF FCF8 FDF9 F8F1 F1E2 FFE7 93F3 7AF0
1B76B0: F87E F7C5 FF07 0F1F 577D DC8C F8D8 CB00
1B76C0: 0003 1D03 FF3F 1B7F 1938 1800 000F 0303
1B76D0: 1F1E FF3F 3F7F 6638 2000 007B 8040 00C0
1B76E0: B8C0 FFFC D8FE 981C 1800 00FF 8080 4040
1B76F0: C0C0 F878 FFFC FCFE 661C 0400 00FF 7598
1B7700: EAB3 7B45 BEC1 FFFB 0876 983F 4088 07DF
1B7710: 001B 3780 0500 095F 1D19 8000 7070 FFE8
1B7720: 75FC C1F6 9939 90FF FE00 9570 67E0 CBC2
1B7730: DF03 F8E0 19C8 16D6 FA01 810E 001E 3C80
1B7740: 0000 0000 0000 0000 0000 0000 0000 0000

[0C: GraphicData_BlueSpikeyTiger] 
1B7750: 0000 0000 0000 0000 0000 0000 0000 0000
1B7760: 2F03 0702 8D06 FF7E 8C5B BCBD 7BC7 3BC7
1B7770: 0000 0280 06FC C00C 813C 0378 C000 002D
1B7780: 80C0 80E0 C000 002A 80C0 00BF 0307 028D
1B7790: 067E 8CFF 5BBC BD7B C73B FA06 DF00 0002
1B77A0: 8006 C00C F381 3C03 7807 70C0 0000 2D80
1B77B0: C080 E0C0 0000 2A80 C000 0000 0000 0000
1B77C0: 0000 0000 0000 0000 0000 FFF3 F824 E01C
1B77D0: F888 E0AE A818 D000 D1FF FC04 E31B FB03
1B77E0: F7D7 4FF7 EFEF 2E2E FFF8 201C 0014 0836
1B77F0: 0CFF 390A 2116 7D1F C828 F320 00E8 E0CC
1B7800: C0FF C8C4 D0C8 9180 A097 C000 000A 8040
1B7810: 8000 0B80 4080 C000 0000 0000 0000 0000
1B7820: 2E01 0301 1BFF 3F09 7D2B 5E0D B70C C400
1B7830: 0001 EF20 0B60 402D 804D FF23 0056 22FD
1B7840: 2592 6FFF FD02 7E94 7A90 F912 FF00 0002
1B7850: 2105 220F 60DE 06C0 9002 9403 C800 0004
1B7860: CE0E 0416 0C1E C000 0044 040C FFFA 067F
1B7870: 0907 1E21 2FDF C0CF DB80 91C4 C4FF 0770
1B7880: 0980 06E0 21D0 DFC0 3024 806E C63B FF40
1B7890: 7020 3098 90D8 50FF A870 D8A0 70C0 3020
1B78A0: FFC0 0020 C090 6050 20EB 7000 A040 E0C0
1B78B0: FF7F 0907 1E21 2FC0 CF7F DB80 91C4 C4F3
1B78C0: F8FF 0980 06E0 21D0 C030 7F24 806E C63B
1B78D0: FC04 FF40 7020 3098 9088 50FE F8A0 78C0
1B78E0: 3020 F0FF C000 20C0 9060 5020 EFA0 0040
1B78F0: E0C0 2000 8000 0000 00BB 0103 011B 3F09
1B7900: FF3D 0B5E 0DF7 0CFB 24D3 0000 0120 0B3D
1B7910: 402D 800D 36FF 2300 5622 FD25 BA47 FFFD
1B7920: 127F 947A 93F5 19FF 0000 0221 0522 0740
1B7930: FF06 D007 9003 9401 9AE3 0000 0207 023B
1B7940: 0B06 0F1E 0CC1 0000 0211 060C E823 001F
1B7950: 0000 F01C 1C00 0000 FFC0 2027 0434 101B
1B7960: 0BFF 170F 0D03 0601 0300 FF20 1F07 1814
1B7970: 0B0B 04F1 0E01 0003 00FF F8C0 DE68 9B14
1B7980: FFB4 FFFE B5FB B4CE B0F0 00AF F8FE 9064
1B7990: 2095 D500 B5B4 B000 0280 2000 0000 8F01
1B79A0: 0201 0402 F805 000D 040F CB01 0002 0001
1B79B0: 6C02 0405 01FF BB54 3F98 2F1C 1BEC FF37
1B79C0: E87F E06F F318 99F7 8016 005A DC80 0EFF
1B79D0: A00F E00C C300 E806 FFB7 1A5C 3977 38C6
1B79E0: B9FF FE01 7F80 86FF 48E9 FF03 5801 BA03
1B79F0: B881 3CDB 0078 0086 0816 FB1E 0CEE 1CFE
1B7A00: 43BC FF7E 813C C304 FF00 C173 0CC0 1C81
1B7A10: 3CFB 011C 0000 0400 3EFE 0600 0E04 160C
1B7A20: BAFF 6E98 55BA BD73 CB37 D700 0004 0C80
1B7A30: 1CB7 C003 3878 0770 C000 002D 80C0 80E0
1B7A40: C000 002A 80C0 00FE 24E0 1CF8 88E0 A8BA
1B7A50: 18D0 00D1 23FD E31B FB03 F7D7 F73F EFEF
1B7A60: 2E2E 1C1C C918 003C 08FF 2A1C 523C FB3E
1B7A70: 9050 CEE0 E0C0 C0C8 BBD8 B080 A340 2FCF
1B7A80: 0100 0201 0402 F805 000D 040F CB01 0002
1B7A90: 0001 6C02 0405 01FF DFB0 3B1C 6FD8 77E9
1B7AA0: FF7E E26A F318 9B70 F2DF 003A DC80 1EE1
1B7AB0: 0CFB C209 8204 F8B1 0CC0 0000 0000 0000
1B7AC0: 0000 0000 0000 0000 0000 0000 0000 0000
1B7AD0: 0804 8000 00FF 1F08 1609 2E19 3711 EF47
1B7AE0: 2166 B770 9B7C CB1B 033B 330B CF63 1BF1
1B7AF0: 09BD 01FF 70F2 61E1 42D3 54F6 FB61 E5A2
1B7B00: E3E2 E1F3 FFB1 0C62 1C44 28C0 09FB C11A
1B7B10: C39C 8393 8CDF 0003 0240 42C1 C1FF C6C6
1B7B20: 4CCC BBBF D0FF FF80 7C00 FD40 BDC1 3EFF
1B7B30: C639 CC33 BF48 FF10 FF30 3360 6340 4600
1B7B40: 04FE 6074 99F9 1FFF 01FF 30CC 609C 40B9
1B7B50: 00FB FC70 8BF9 06FF 00FF FA06 7F09 071E
1B7B60: 212F DFC0 CFDB 8091 C4C4 FF07 7009 8006
1B7B70: E021 D0DF C030 2480 6EC6 3BFF 4070 2030
1B7B80: 9890 D850 FFA8 70D8 A070 C030 20FF C000
1B7B90: 20C0 9060 5020 EB70 00A0 40E0 C0E0 1F00
1B7BA0: 0000 0000 FF81 414F 0869 2037 17FF 2F1F
1B7BB0: 1B07 0D03 0700 FF41 3E0F 3029 1616 09F1
1B7BC0: 1C03 0007 00FF 1F08 1609 2E19 3711 EF47
1B7BD0: 2166 B770 9B7C CB1B 033B 330B CF63 1BF1
1B7BE0: 09BD 01FF 61E1 42D3 54F6 61E5 EFA2 E3E2
1B7BF0: E1F3 33BF FF62 1C44 28C0 09C1 1AEF C39C
1B7C00: 8393 8CDF 92FF 2300 5622 FD05 DA27 FFF5
1B7C10: 2A7F A46E B7FD 31FF 0000 0221 0502 0F20
1B7C20: F30E A007 B001 BACC 0200 0702 EF0B 060F
1B7C30: 1E0C EE1C C400 0002 4706 0CC0 1CC0 0000
1B7C40: 0000 000B 011B 01FF 7E09 FB4C BB64 5F28
1B7C50: C100 0001 5509 4D66 2BFF 3000 6020 E000
1B7C60: F020 BFF8 E930 D738 BA5D F900 0020 1000
1B7C70: 206F 3001 0338 411C CE0E 0416 0C1E 3BEE
1B7C80: 1CFE 43BC C400 040C 33C0 1C81 3CFA 877C
1B7C90: 4D3E 5F43 EF27 1E21 7233 BA55 FA85 010E
1B7CA0: 003E 02AF 071F 330C 1540 FF33 BF5F DFBC
1B7CB0: 7FDB 3CFF F609 BF01 CF00 6180 F7DF 92FF
1B7CC0: DFFF 7F7F FF3F 3F0F 0F81 01C0 00EA BFFF
1B7CD0: F1E3 46FE E19E CF30 FF00 BED0 FF3F FF0F
1B7CE0: BEBE 0000 EB80 FFF0 6EC8 7FFE 9669 3FC0
1B7CF0: FF00 E1D5 FF80 F0FE FF0F E1E1 0000 FFF3
1B7D00: F824 E01C F888 E0AE A818 D000 D1FF FC04
1B7D10: E31B FB03 F7D7 4FF7 EFEF 2E2E FBF8 2018
1B7D20: 001C 3C08 FF32 0422 0C7B 3ED0 10F3 2000
1B7D30: E0E0 C8C0 DFC0 C8D0 A380 80AF C000 0002
1B7D40: 8080 0002 8080 0000 0000 FA87 7C4D 3E5F
1B7D50: 43EF 271E 2172 33BA 55FA 8501 0E00 3E02
1B7D60: AF07 1F33 0C15 40FF 5FDF BC7F DB3C F609
1B7D70: FEBF 01CF 0061 8060 DFFF DFFF 7F7F 3F3F
1B7D80: FC0F 0F81 01C0 00BF 183F 08EC 1B3F DBFF
1B7D90: 5CB8 FC38 B67A DD33 FE00 0003 08C3 18C2
1B7DA0: EC81 3A01 0378 EF00 00C0 30C0 28F0 B3F8
1B7DB0: 1418 ECF0 CA00 0010 38B3 7018 E0F8 008F
1B7DC0: 0102 0104 02F8 0500 0D04 0FCB 0100 0200
1B7DD0: 016C 0204 0501 FFFF 0CF7 4EFD 266B B4FF
1B7DE0: 7F90 2FD1 3DC5 71F9 D700 2C4E 7780 377F
1B7DF0: 3601 1804 0260 06FF 6798 BD42 B847 8E7F
1B7E00: FF18 B960 63C0 C200 82DE C01C 1840 000E
1B7E10: FF58 06A0 1C40 3D00 7DFF 7E81 3CC3 04FF
1B7E20: 00C1 FF30 3360 6340 4600 04FB 011C 0000
1B7E30: 0400 3EFF 30CC 609C 40B9 00FB FFDF 28B5
1B7E40: 5ABE 537F 02E0 0600 0051 2A5B 0240 00FA
1B7E50: 6080 E000 C080 8000 8AC0 8000 0000 0000
1B7E60: 0000 0000 00A8 231F 0000 F01C 1C00 0000
1B7E70: FF81 414F 0869 2037 17FF 2F1F 1B07 0D03
1B7E80: 0700 FF41 3E0F 3029 1616 09F1 1C03 0007
1B7E90: 00FF F080 BCD0 3628 FF68 FFFD 6AF6 689C
1B7EA0: 60E0 00AF F0FC 20C8 402A D500 6A68 6000
1B7EB0: 0000 0000 FFDF 28B5 5ABE 537F 02E0 0600
1B7EC0: 0051 2A5B 0240 00AA E0C0 8000 00A8 C080
1B7ED0: 0000 FFEF 10FC 8338 3F00 017F 0304 078D
1B7EE0: 8FFF FFFF 0030 8000 38C0 00FE 7FFC 04F8
1B7EF0: 8D70 FF00 BFFC 3CC0 0CF0 04F8 FE0B FC0E
1B7F00: 383C 00CC AA08 F038 18BB 0C08 C000 3030
1B7F10: FF1F 0816 092E 1937 11EF 4721 66B7 709B
1B7F20: 7CCB 1B03 3B33 0BCF 631B F109 BD01 FD50
1B7F30: F190 B180 B594 7FC4 71F5 7FFF A2FA F540
1B7F40: 0E80 4E4A 6B7E 3BB1 0A99 00CD 8F00 4040
1B7F50: DEDF EABD FF2B 5FBF 8F00 40BF DF20 D5FF
1B7F60: 090B 1F3F FE60 7499 F91F FF01 AB80 F06E
1B7F70: C87F FC70 8BF9 06FF 0055 80F0 FEFF C800
1B7F80: 0001 BF81 9E01 7F81 A4DB C000 003F 1C01
1B7F90: 3C81 18C3 CEE0 4060 C0E0 23E1 3BC1 C400
1B7FA0: 40C0 0318 C1E9 0000 60E0 4018 C0A0 C400
1B7FB0: 0040 10C0 4000 0000 00AA 3F78 7C3C 2238
1B7FC0: 3CBF 0037 373B 3B1B 1B33 1717 1313 E8E0
1B7FD0: 0040 802A C040 60BC 0080 8000 000C 8080
1B7FE0: C000 0000 0000 0000 0000 0000 0000 2301
1B7FF0: 0201 AB03 4367 7423 C100 0001 0503 2342
1B8000: 0080 0BC0 4080 C000 0004 8040 0000 0000
1B8010: FA87 7C4D 3E5F 43EF 271E 2172 33BA 55FA
1B8020: 8501 0E00 3E02 AF07 1F33 0C15 40FF 6DED
1B8030: 5FDF BC7F DA3D FFE6 19FE 01FF 007F 80F4
1B8040: DFCD FFDF FFFF 7F7F 3F3F 8303 C000 EFFF
1B8050: FFF8 F3FC 9FE0 FA7F 80FC 00F0 80C3 FFFF
1B8060: F0F0 FC80 80C0 C000 00FE 9669 3FC0 FF00
1B8070: E180 00CF FFFF E1E1 0000 00FF 7788 D32C
1B8080: 807F E0FC FF81 911A 2315 2716 26D7 00C1
1B8090: 8000 E003 FF80 6E00 C407 C806 C9FF E611
1B80A0: 9661 7FF8 9FFF FF60 E09C 8B3F 4070 97F4
1B80B0: 14C9 000B 00FF 611E 9C60 6080 8008 FF78
1B80C0: 807E 98EC 1F9E AFFF 0A13 34C9 FD09 5DE1
1B80D0: EF18 C01E 1000 2C40 FAF2 0439 0219 69C0
1B80E0: 0000 4C80 8000 8000 00EF 7E04 7BF7 0875
1B80F0: 0EFB 2F17 1F02 0702 00FF 3135 3034 5858
1B8100: 1F1F FF17 1706 0602 0200 00EF E040 B0F8
1B8110: 00D0 60FE B0C0 C080 8000 0077 4020 6020
1B8120: E0E0 FCC0 C080 8000 0002 03FF 0503 0B07
1B8130: 0E06 0C04 C200 0003 AF07 0F0E 010C 03CB
1B8140: 0000 F87C F8FF C6C4 1A1C 3F3C A322 CA00
1B8150: 00F8 FCFF C638 00E0 01C0 835C C200 0003
1B8160: FF05 030A 0614 0C18 08C2 0000 03BF 070E
1B8170: 010C 0308 07FF 5F20 700F BF7F 70F0 FFE0
1B8180: E0F0 F040 4000 005B 3000 3F70 0FFF E01F
1B8190: FF00 7F80 7887 FFF1 001E F18B F7FF CEFF
1B81A0: 2D1E 2B1C 1609 2D21 FF00 0010 0190 07C0
1B81B0: 1EFF 409E C01C E00C 33C0 C080 00FF 4080
1B81C0: 20C0 10E0 88F0 C000 00AA 8040 20D0 FFDF
1B81D0: 28B5 5ABE 537F 02E0 0600 0051 2A5B 0240
1B81E0: 00FA 6080 E000 C080 8000 8AC0 8000 0000
1B81F0: 0000 0000 0000 00FF 0707 090E 020C E2FD
1B8200: FFDB F4BF FEF6 FCFC F1FF 07F8 0EF0 0DF1
1B8210: FD00 DFFE 9ABE FDFD FBFA FFA0 C040 8080
1B8220: 0081 80FB 8281 0380 0140 40FF CF10 9926
1B8230: 017E A05E F7B0 4D90 6D6E 58A7 FF6E 7117
1B8240: 18FB 0C1F E0FF FEFF 67F8 FF00 FD04 FF99
1B8250: 0098 600C 0000 F057 FFFE F006 02CA 8000
1B8260: 00C0 8280 0000 0002 03FF 0D03 3B07 6C2A
1B8270: 4704 C200 0003 AF0F 072A 1107 38CB 0000
1B8280: F87C F8FF C6C4 1A1C 3F3C A322 CA00 00F8
1B8290: FCFF C638 00E0 01C0 835C FF0D 0513 0A1F
1B82A0: 0D2E 12FF 7808 E020 C141 8747 FF0D 021A
1B82B0: 041D 0032 01FF 4807 201F 403E 0638 FF41
1B82C0: C087 860F 0E3D 3EFE E5E6 BBBC 8E88 8CFF
1B82D0: C13E 8078 00F0 6080 FC66 183C 4008 70FC
1B82E0: 3008 241C 6E1E FA6F 1FCC 3FE8 E0EC 181F
1B82F0: 1C3E 3FB0 3F7F 7FFD 0808 4848 0000 8007
1B8300: 0014 14CE 48B7 00FF 80FF 81FE 8FF0 3FC0
1B8310: 14EB F711 1510 1612 1310 FF04 037B 770B
1B8320: 0726 21EA 1BE0 191D 1CFB F803 8007 F038
1B8330: C3ED D4F8 ECEA FC7C FF7E 8CFD F6B1 CEF5
1B8340: 3ECA F800 FE7E FF0E 8007 F003 C03F 00FF
1B8350: 6E98 55BA BD73 CB37 FFFA 067F 0907 1E21
1B8360: 2FF7 C01C 0338 7807 703F 0980 06E0 21D0
1B8370: ED00 0080 C080 E0FF 4070 2030 9890 D850
1B8380: EA00 0080 C000 BFC0 20C0 9060 5020 EF7F
1B8390: 3C47 4D3E 201F FF18 0707 0005 030B 05FA
1B83A0: 7D01 0600 0E11 AB03 0003 0104 FF5F DFBC
1B83B0: 7FE3 1C7E 81FF FF01 8FF0 A758 F688 DFFF
1B83C0: DFFF 7F7F 8F0F FFF3 03F9 015C 000C A0FF
1B83D0: FCF9 AED4 7F80 FF00 FEFE 03FF 011F 0003
1B83E0: FFFB FAFD FDFE FEFC FCFF FFFF 1F1F 0303
1B83F0: 0000 FF20 6060 2038 089D 03FD 4F80 E0F0
1B8400: FF0F 00FF 7F80 639C F8C7 E7E0 FFF8 F0FF
1B8410: FF9F 9F00 00FF 0504 0A0C 8218 CC60 EA10
1B8420: 0060 8000 FF36 CAEC 10DC 24F0 10FC E0E0
1B8430: 8080 0000 0000 0000 FE63 235C 3454 2C5C
1B8440: EF78 2870 D951 CD45 F223 1C3C 031C CF18
1B8450: 0750 2644 32FF 41C0 0706 0F0E 3D3E FEE5
1B8460: E6BB BC8E 888C F7C1 3E00 F8F0 6080 FC66
1B8470: 183C 4008 70F3 B575 AC6C C44C FF8B 478E
1B8480: 699D 7E9E 7FFB 040A 0C13 6C4C 33DE 0F30
1B8490: 1001 0000 EEB4 F884 0870 48EE 90E0 10E0
1B84A0: 0080 A638 0080 70CA E000 8000 CBC7 3FD7
1B84B0: 731F EF70 1E78 281C 3109 C37F 7F3F 3F8F
1B84C0: 3E1C 1F19 1EFC 1414 1C1C 3C3C FF00 0060
1B84D0: 60F8 F8F9 F9FC 14EB 1CE3 3CC3 FF78 877F
1B84E0: 80FF 00F9 06F3 1310 585A D0D2 FFCE C0F1
1B84F0: EE1E 0FF7 EFF3 1CE0 5DA0 DD20 FCF1 0000
1B8500: 0EE0 0FE3 F1FE D192 FCAF 020A 8C78 54B8
1B8510: C2FF 00F2 A906 0E38 80DF C0CF DB80 91C4
1B8520: C4FF F3F8 24E0 1CF8 88E0 DFC0 3024 806E
1B8530: C63B FFFC 04E3 1BFB 03F7 D7FF A870 D8A0
1B8540: 70C0 3020 B2F8 1800 38AB 70A0 40E0 C0F3
1B8550: 2000 E0E0 C0C0 F30D 020B 0507 0080 0051
1B8560: 0205 0000 FF5E A0EC 30F8 2060 0080 00ED
1B8570: 0CB0 0800 2000 00F3 5D3B 5A3D 3D1E EB2E
1B8580: 1F27 2F37 0FEA 0300 0131 1EAA 0701 1C1F
1B8590: FFFA FC66 F80C F018 E0F8 E000 4080 C0EA
1B85A0: 3C00 1810 80A0 0080 F3BB 77B4 7B7A 3DFB
1B85B0: 5D3E 4E3F 5F6F 1FEA 0600 0262 3DAA 0E03
1B85C0: 393F FFF4 F8CC F018 E030 C0E0 C000 80AA
1B85D0: 7830 2000 00F3 BB77 B47B 7A3D FB5D 3E4E
1B85E0: 3F5F 6F1F EA06 0002 623D AA0E 0339 3FFF
1B85F0: F4F8 CCF0 18E0 30C0 E0C0 0080 AA78 3020
1B8600: 0000 FEA7 66AF 6E9D 7EBD F7A5 66C3 4243
1B8610: EC28 FE66 180E 1006 0062 F366 18C3 3CEC
1B8620: 13C0 0000 2380 C080 C000 0022 80C0 EF17
1B8630: 0F1F 0B07 0403 E003 0000 AA0F 1F0E 07A0
1B8640: 0300 FEF9 F9F3 F3FE FFFC BF3F CF3F 3907
1B8650: 1F00 FEF9 06F3 0C7F 000F AAC0 3006 00FE
1B8660: BEF1 3FFC 3CFF 7DBF F8F3 8CDC 20A8 70D8
1B8670: F003 00E3 A506 0070 F0FF A8D0 F000 A0C0
1B8680: 4080 E080 0000 FA10 C000 00C0 0000 EEA8
1B8690: E018 D000 D1AF 231F 0201 0100 CFF7 F7EF
1B86A0: EF2E 2EFA 1C1C 0000 0100 AF38 3C4C 30D4
1B86B0: 38FF D234 B27C 77F6 40C0 ACC0 D0B8 80FF
1B86C0: B088 6000 C708 C03F C000 0000 0000 0002
1B86D0: 0E80 0000 FE77 09E9 10B7 6EFF BFD7 BD46
1B86E0: 6F04 0600 BF1F F906 EF00 0866 D500 6E4E
1B86F0: 0600 AFC0 30C8 F0FC E0EF F4E8 54EC 40C0
1B8700: 00BF 8030 C0F8 0020 C8C5 00E8 4000 FE77
1B8710: 09E9 10B7 6EFF BFD7 BD46 6F04 0600 BF1F
1B8720: F906 EF00 0866 D500 6E4E 0600 AFC0 30C8
1B8730: F0FC E0EF F4E8 54EC 40C0 00BF 8030 C0F8
1B8740: 0020 C8C5 00E8 4000 FE3B 0474 085B 377F
1B8750: BF6B 5E23 3702 0300 BF0F 7C03 7700 0433
1B8760: D500 3727 0300 FFE0 8098 00E4 78FE 70EF
1B8770: FA74 AAF6 2060 00BF C098 60FC 0010 64C5
1B8780: 0074 2000 FED7 55C3 52DB 377F BF6B 5E23
1B8790: 3702 0300 FFD7 28D3 2CF7 0004 33D5 0037
1B87A0: 2703 00FF 7040 1820 F468 FE70 EFFA 74AA
1B87B0: F620 6000 FF70 8038 C0FC 0010 64C5 0074
1B87C0: 2000 0000 0000 BA1E 1608 1C14 E818 0010
1B87D0: 0044 0C08 4000 FFB8 7058 3028 1018 00A0
1B87E0: 0800 5570 3010 0000 0000 0000 0000 0000
1B87F0: FF81 414F 0869 2037 17FF 2F1F 1B07 0D03
1B8800: 0700 FF41 3E0F 3029 1616 09F1 1C03 0007
1B8810: 00BF F0FC F073 7400 F3FE E81B 1807 0700
1B8820: 002F 1000 8880 0CF0 1804 0000 FF19 0A23
1B8830: 02CD 0E3A BCFE 24B8 58E0 E000 00FF 0A04
1B8840: 120C 3600 0440 B820 E000 0000 0000 0000
1B8850: 0000 0000 BF01 0301 0E03 F70E C000 0017
1B8860: 0103 C00E C000 0082 8000 0000 0020 0180
1B8870: 0000 00AF 018F FA06 F40C C000 00AF 010F
1B8880: 8E81 DCC3 C000 00BF F00C F00B 0C00 0140
1B8890: 00AF 309C 3FC0 39C6 C000 0002 C080 0002
1B88A0: C080 0000 0000 0000 0000 00B3 C0E0 40D0
1B88B0: 60C0 0000 1140 6040 0000 0000 FFF3 F824
1B88C0: E01C F888 E0AE A818 D000 D1FF FC04 E31B
1B88D0: FB03 F7D7 4FF7 EFEF 2E2E FFFC 201A 0411
1B88E0: 0E34 0DFF 2415 3111 4939 E51D FB20 00EA
1B88F0: E0E3 D0C2 5FCA CEB8 86BC 82C2 0000 80FF
1B8900: 4080 20C0 B0A0 0800 8000 0F30 4008 F0C0
1B8910: 0000 0000 0000 2A03 0201 8000 0F01 0100
1B8920: 00BF 070B 0716 0E38 08FF E000 8080 DE3C
1B8930: 2F1D EF07 000F 1E01 3B04 FFE1 1E80 7F3E
1B8940: 01DF C0FF 6D9E E798 2E13 1D05 FF00 0001
1B8950: 0118 1C04 01FF 803E 813C 03D8 8760 FFC7
1B8960: 38FF 005E A105 FACB 0000 F0B0 C0D7 E080
1B8970: C080 F800 8A00 E0C0 AA80 C080 0084 0301
1B8980: BB02 0100 0302 01B8 0100 0001 2300 0101
1B8990: DFF8 0838 1010 0808 FF80 8040 C0D0 30F4
1B89A0: 04FF 0807 7906 10EF 0AF5 FF83 7CC1 3E31
1B89B0: 0EC5 CAFB 0101 0000 0C13 0CFE 2F1F 350E
1B89C0: 1F00 0CBF FF98 6710 E300 EC47 DFEC 8172
1B89D0: FFBC 407C B8D4 D8E8 30FB 6890 B040 6058
1B89E0: 60CF F800 D820 3000 FA10 8040 00C0 E080
1B89F0: 000B 0103 01C0 0000 0201 0A03 0CFF 1008
1B8A00: 6818 BD3F 1334 C200 0003 FF0E 0118 073F
1B8A10: 4036 C8CB 50E0 1E05 06FF C5C5 5273 091A
1B8A20: C70C CE00 E0E0 00FE FFDD 2273 8C1A E40C
1B8A30: 30C2 0000 80FB 4080 C000 8040 80C0 0000
1B8A40: AA80 0080 C0A8 231F 0000 F01C 1C00 0000
1B8A50: FFF0 0C1C 0006 0203 01B8 0201 0000 EF1C
1B8A60: 0300 0201 0100 2000 FF1F 18FB 8D93 027F
1B8A70: 76FF FFF6 BF76 D936 7E00 FF1F E0FF 0092
1B8A80: 6C64 92F1 C036 0076 002E C060 80F0 FED0
1B8A90: A060 80C0 0000 2DC0 0080 A014 8000 AA01
1B8AA0: 0001 03F0 0201 0100 8300 0101 3000 00FF
1B8AB0: 1524 E808 C020 20E0 FFE1 31F2 7B77 D8FB
1B8AC0: A7FF EDC2 3A25 F2ED FBE4 FF3D 327B 7CD8
1B8AD0: D8A7 A7FF E712 BD66 BB4E 641D FF3D 35B8
1B8AE0: 80AA 7678 F4FF 9708 E760 CF40 7D82 FF3D
1B8AF0: C2B8 7776 71FB F0FF F800 7880 B840 D860
1B8B00: FFB0 4060 8038 C05C B0FF 9090 A0A0 7030
1B8B10: E020 CBC0 0080 3838 F601 0003 0100 0180
1B8B20: 003C 0101 0000 00FF 6296 A6E2 E764 B372
1B8B30: FEFD 1E7E 0206 033F FFF7 E8E6 D967 58F2
1B8B40: ECFB 7F60 0201 0307 07CF 0000 8881 DD36
1B8B50: FFFF 08D6 B0D3 7423 E4FF F30C 3EC1 8D72
1B8B60: 3E00 BF9D B609 F789 E698 FE5C 6038 40F8
1B8B70: 00F0 A9C0 80E0 40FF 6888 5090 F030 4040
1B8B80: C300 0040 40C8 0100 0022 0103 8000 0301
1B8B90: 01FF 9333 5828 AB1B EC1F FFC7 38CB 37D7
1B8BA0: 28FF 23FF 334C A887 5B44 3F20 FF78 40F7
1B8BB0: C7AC AC23 23FF AAC7 7048 38C8 1AE6 FFF4
1B8BC0: 7BFF F8BB FC97 F8FF EF10 4887 FB04 F9F0
1B8BD0: FF78 78FE FEFF FFFE FEFF B040 7800 1860
1B8BE0: 70A0 BF78 1CF0 B850 F408 FE40 0010 90A0
1B8BF0: 2020 FF60 6078 7850 5048 48C0 0000 0000
1B8C00: 0000 0000 0000 02F0 8000 0000 0000 0000
1B8C10: 0000 00F6 B708 0F03 000C 8000 FF0C 0C03
1B8C20: 0304 0400 0000 FFF7 BBC7 382E 111B 0080
1B8C30: 00FF F8F8 3E3E 1919 0000 00FE F830 7488
1B8C40: C800 8080 00FF 7070 8888 8080 0000 0000
1B8C50: 0000 00FF 6D1F 5F21 7A1D 3D00 8000 FF1F
1B8C60: 1F27 271D 1D00 0000 DF27 E4A4 AB68 CA3C
1B8C70: C000 00FF E698 E799 9C80 0000 00FE E080
1B8C80: 20C0 E000 0000 FC80 80C0 C000 0000 F202
1B8C90: 0101 0000 00F0 0101 0000 00FF FF60 7CC3
1B8CA0: FFA0 A000 8000 FF74 74CB C8A0 A000 0000
1B8CB0: FBBF 40F9 2071 6000 8000 F1D8 D800 2000
1B8CC0: 00EE 6880 4080 0000 0044 8000 00BF F06C
1B8CD0: 7073 7400 F3FE E81B 1807 0700 0017 8088
1B8CE0: 800C F018 0400 002F 0E15 06EB 0AFF 0D8E
1B8CF0: 3ABC 44F8 F800 8F00 0608 1204 EE36 4024
1B8D00: E000 00FF 6C70 7774 00F3 E81B F818 0707
1B8D10: 0000 7F80 0488 800C 1804 C000 000B C07E
1B8D20: C0FF 059E EBFA C53E 3E00 8200 40FE 0660
1B8D30: E204 0600 0000 0408 4000 0C08 08C0 0000
1B8D40: 0180 4000 0380 80C5 0000 4000 3F60 F842
1B8D50: 4E03 03CF 0000 4040 0000 3FF8 F84E 4E03
1B8D60: 03C0 0000 1E20 40C0 80C0 0000 3C20 20C0
1B8D70: C0F1 4040 0000 44E0 4000 00F3 4040 0000
1B8D80: 4444 F040 4000 003F 0202 0004 0800 9700
1B8D90: C060 8020 FF00 0002 0204 0408 08FF 0000
1B8DA0: C0C0 6060 A0A0 C000 0000 0000 0000 0000
1B8DB0: 0000 0000 0000 0000 0000 0000 0000 0000
1B8DC0: 0000 0000 0000 0000 0000 0000 0000 0000
1B8DD0: 7F5B 80FF F48E F89F FFFC FB3C 321C 131E
1B8DE0: 1EFF 5B5B FFFF FEFE FFFF 3F3E 3E1F 1F1E
1B8DF0: 1EC1 0000 C040 0003 C0C0 C000 00EE 0103
1B8E00: F238 000C 8806 02FF 0303 F3F3 3838 0C0C
1B8E10: CC06 0602 02FD 8080 C0C0 0040 606F 2020
1B8E20: 6064 0020 FF80 80C0 C040 4060 60CF 2020
1B8E30: 6464 2020 EA00 0048 0402 8A00 0200 3F48
1B8E40: 4804 0402 02CF 0000 0202 0000 0508 000F
1B8E50: 1109 0000 0F08 0800 000F 1919 0000 0000
1B8E60: 0000 0000 0000 0000 0000 0000 0000 0000
1B8E70: 0000 0000 0000 0000 0000 0000 0000 0000
1B8E80: 0000 0000 0000

[07: GraphicData_MetalMantisAnt]
1B8E86: 0100 0D95 5B0B 0103 01FF
1B8E90: 0602 0D04 1B08 1601 C200 0001 FF02 0104
1B8EA0: 0308 0700 0FFF 1E00 F312 8684 2604 8FF6
1B8EB0: 16E4 12E0 FF00 0012 0C84 7804 F803 00FC
1B8EC0: 4B00 0F11 07FF 330F 7939 6320 EF6F C300
1B8ED0: 000E 0FF9 1F1F 073F 1F7F CA00 00E0 58F7
1B8EE0: 14A0 CAF0 D0E6 6880 182B E0E0 F0F8 F8FC
1B8EF0: FCEF 0F00 7380 1FFF 03E0 0300 0017 0F7F
1B8F00: 0303 C000 00BF FCC7 0419 E1C6 F8FF E37C
1B8F10: 791E 190E 0906 8061 2C04 F801 FEC0 FFFF
1B8F20: 607F 181F 080F 0007 6F00 80C0 8060 40FE
1B8F30: 3020 9810 CC00 848B 0080 4080 FD20 C010
1B8F40: E000 F0F8 4000 9000 052F 183E 1827 0680
1B8F50: 4D03 0B18 0618 8006 0202 8080 9015 0401
1B8F60: 1F01 3F1D 900E 5C1C FB9C 035F 003F 6704
1B8F70: FFFB 4066 044F 08B8 B0FF 7F7F 3F3F 0101
1B8F80: 1800 BE3C F901 F000 40FF 3BC2 F2C0 FE00
1B8F90: F918 EF76 1073 F908 0E06 FEFC FE0C CC00
1B8FA0: 0006 CE8F 8007 0001 8000 A280 40E0 8000
1B8FB0: 2280 00BF 0F17 083D 0373 0FFF 651D AF1F
1B8FC0: AC1E A21A 80B0 1D0F 0F1F 1F3E 3FB2 3F7F
1B8FD0: 7F7D FFE0 0038 C0FC 680E 0CFF F6F8 E3FC
1B8FE0: 67F8 0DF0 FF90 FF58 90F8 F0FC B0FC FEFE
1B8FF0: FF38 1729 0733 0F77 2FFC 4F1C 7C18 5830
1B9000: FA10 0F01 1F03 27FC 0C3C 1838 1030 EF1A
1B9010: E0DA EA90 9A00 BF23 3D08 0A00 0E05 EF00
1B9020: FCC0 809C 000C 7F1C 0806 0007 0402 FFC0
1B9030: 7FCE 3197 206F 00FF 5F10 3E00 BD01 E382
1B9040: EF80 7328 7878 3030 BA27 0F00 1E9C FEE6
1B9050: E076 F006 7486 FFBE 0CAC 08CC 4090 80CB
1B9060: FCFC F878 7C9F 7078 3070 60E0 E381 D708
1B9070: 0201 BD0C 1003 211E 0E81 1625 5502 0F03
1B9080: 11FF DB04 FC00 7302 0E60 EE50 8060 A000
1B9090: 40DF 0007 9F02 FC00 F055 6040 C080 FE1C
1B90A0: 18FC A14A 04F8 18E0 8000 B000 27FB 2101
1B90B0: 2400 272C 030F 1601 1700 F001 1E00 1F04
1B90C0: 0FFE F080 FFF0 0000 FFFB 9FE2 FEC0 6070
1B90D0: E0EC 8000 F080 0D25 82FC C0C0 4060 E0FF
1B90E0: E32A 89C5 102E 817A F886 6078 0000 FD22
1B90F0: 1481 3A00 DD9C 5018 00FA F0E0 E000 A058
1B9100: 36B0 0703 0132 0100 0020 0120 00EF 9880
1B9110: A874 0004 78FF 42BC 4A30 C6B8 8E30 DD80
1B9120: 6070 00F8 805E 40FC 807C 00FF C65D 5C0B
1B9130: 6E29 2F0C BE3C 0E02 8248 0CFB 3B7F 373F
1B9140: 1713 1FFC 030F 0103 B0A2 03CE 7020 6080
1B9150: 0602 CC20 2080 050A FF08 0709 0608 030C
1B9160: 01B8 0680 5F20 1501 0703 4000 FF7F 6C3C
1B9170: 6090 4030 C0F8 1080 E000 00ED 6080 2000
1B9180: A020 5060 00A0 E090 3F17 F732 0D22 1D1C
1B9190: 2901 FA1B 0A0F 0005 0BC7 001E 1F01 1EFA
1B91A0: 0A04 8249 0107 BC81 1682 0408 8F17 012C
1B91B0: 03D9 07F8 0091 1E01 3F0E 81FF 023F 3FC0
1B91C0: A07C 10BF E0D8 E004 90C2 C8FF F2FC BDBC
1B91D0: 5DDE AB6C 81FF 0120 E092 FE0D 30FE FEE8
1B91E0: 1700 0B05 A803 0100 540F 9087 10EE E0C0
1B91F0: 60F0 60B0 FF58 30AE 1871 061F 00EE A12F
1B9200: 0720 FD10 F008 7800 0E82 6A0C 100F 3918
1B9210: 4E3E EB6F 1FE7 A1B0 0FA2 6800 0780 6802
1B9220: 307F 7F82 660D 7880 3CC0 DE60 EF4E 708F
1B9230: 07F6 0FF3 A265 9065 053B FEFE F8FC FFB0
1B9240: 8B10 FF82 7CD2 4C6A 242D 00BF 273A 1415
1B9250: 0219 0A80 250B 4030 2018 001E 3B10 0F00
1B9260: 0807 8025 03AA C020 4080 C30F 15C0 8000
1B9270: 0A01 03FF 0F02 1F04 7D0C F678 8019 0AFF
1B9280: 0202 0406 0C0E 707C C000 F000 B000 09FF
1B9290: 0F04 0500 0602 0301 E081 5200 8A80 CE09
1B92A0: 00FF 7907 A601 5F00 1F10 93B6 1300 7D20
1B92B0: 3310 FFBF 3FDF 1FE3 03E1 018F 0103 230F
1B92C0: 1FE0 1709 FE10 000C 0407 0000 CF01 A017
1B92D0: 027C 0F03 800C 0DFF AB6C CD20 EA00 E220
1B92E0: FE34 3078 6081 840A CEFE FEFC FCDC FCC8
1B92F0: F880 E0F0 7690 0015 FC5D 40ED 20FA 18BA
1B9300: 1C18 00E0 00EC BEFE DEE4 FCDC E0F8 C024
1B9310: 12FF 190A 1003 3611 2403 FF6F 2041 003C
1B9320: 040F 00FB 94C3 0710 001F BF20 003F 0482
1B9330: 1E0F BF7F FF7F 00FF 03FC EFFE 00C3 1E10
1B9340: F000 81C0 047F FF00 1FFC 844C 1600 FFC2
1B9350: F814 E06C 80D8 00A8 6080 00F5 C0FC 00F8
1B9360: F0E0 5080 F0F4 1AD6 25E6 3D8F 3C85 1CFE
1B9370: 4404 3E06 0B03 17FA 037C 236C 0B03 7F3C
1B9380: 0104 810C 1A0E FF6B A467 BCF1 3CA1 38FE
1B9390: 2220 7C60 D0C0 E8FA C03E C436 D0C0 7F3C
1B93A0: 825D 0260 4070 E03F 00FF 903F 0323 0347
1B93B0: 19C0 4000 7D90 4001 1E3C E03F 00FF 903F
1B93C0: 03C4 C0E2 98C0 4000 7D90 401A 783C 6F00
1B93D0: 037F 73DB C8FF 3611 C90B 8E35 C73C EF00
1B93E0: 0060 8070 0740 FD85 2203 3903 7C6C 800F
1B93F0: 0CC0 FECE DB13 FF6C 8893 D071 ACE3 9020
1B9400: 1706 010E E002 FDF0 00E0 9CC0 3E36 FB07
1B9410: 000B 0412 110D DE12 0E85 E90C 3DD5 0000
1B9420: 070B 07DD 0106 0E03 04B3 8414 FF80 80E0
1B9430: E010 107E 00FF FF7E C3C3 7900 FD01 FD60
1B9440: 0081 1905 1000 3C3C 80FE 8023 053F E060
1B9450: B030 9895 6115 3D10 6000 2010 4F00 0101
1B9460: 0606 FF0D 0D0C 1E1C 1833 39DF 8460 0501
1B9470: 0706 0FF7 0D83 0E02 3E3E 7C82 6D83 150C
1B9480: C010 20FF 4080 C0C0 B080 7838 FB80 1004
1B9490: FFC0 3CFC FB83 F703 0070 E820 80A2 0C03
1B94A0: 0F03 1F0F FC3C 1C38 1830 10CA 900E 0FFC
1B94B0: 1C03 1807 100F F53F 00FF 3FFF F030 3F82
1B94C0: 1700 0090 0802 20C0 CB80 1E0B 7773 FFCD
1B94D0: C41B 0878 1BA9 0FCB A100 05F1 0340 0700
1B94E0: 7980 0B0C C0EE CEFF B323 D810 1ED8 95F0
1B94F0: CBA0 FA12 F1C0 02E0 009E FE11 0712 040A
1B9500: 0004 8000 550F 0C83 C307 FE88 E048 2050
1B9510: 0020 800F 8054 84DB 005D A42D 0050 900A
1B9520: 02BA 0406 900A 8025 21FF AD3C 6C14 3A18
1B9530: 1705 FF2A 0237 0F1F 0C0C 00FF 2B6C 032C
1B9540: 0718 030D FF01 1E04 1A0C 0880 2320 B53C
1B9550: 3628 5C18 E8A0 FF54 40EC F0F8 3030 00FF
1B9560: D436 C034 E018 C0B0 FF80 7820 5830 1093
1B9570: 1814 08CC 0CDF 07A7 00AA 4706 080F FD07
1B9580: 3803 7800 6343 4592 F401 3EC0 A55B 1228
1B9590: 8000 FFE5 795F DFE6 A0D0 4EFF C2DC C19D
1B95A0: F302 8181 18FE 60E0 5FC0 BF80 7BFF 0077
1B95B0: 01B6 029C 0080 F098 1880 0008 0050 8053
1B95C0: 04C0 3030 C310 A007 0570 C310 3000 10A7
1B95D0: 0415 EF38 1839 3A19 2C1D FB25 1C10 0F18
1B95E0: 0E06 C318 070C 03BB 80C9 1508 0601 FFBF
1B95F0: 209F 104C 8F02 C3FF FB03 31C1 0707 3F3C
1B9600: FF97 3F0B 0CF0 02FC BF03 013E 07F8 3CC0
1B9610: F3E4 D000 0023 8813 10F7 0200 0403 0105
1B9620: 0082 0001 D500 0100 0203 B76F 05BB 040E
1B9630: 0436 4482 1007 2704 0800 3840 0002 809A
1B9640: 0F00 AA01 0206 1EFF 250E 4E0F 3F0E 6207
1B9650: D098 4407 0E10 0F30 0E70 16F8 84AD 0F5B
1B9660: 60E7 FA5D F6FF 453E EA5C BAEC 9CE0 FE91
1B9670: BB03 E000 C0D0 9279 063F 2C2C 7373 7858
1B9680: 8082 032A 100C 2781 0E05 C0C0 3838 8787
1B9690: 8334 2300 BFC0 38C0 0778 E07F FF6F A73F
1B96A0: EF6F FFED F5FA F6FE F7FF FBFD 53E4 ECFE
1B96B0: E4D5 FFF6 F7FB FD88 5F01 8080 8032 0570
1B96C0: 70BE BEE2 E288 BC14 80AF 40B0 CE80 FEE0
1B96D0: FF07 0303 0101 0003 0130 0200 A984 A41F
1B96E0: 0120 01FF FCF3 FAC6 EC2B E7A7 FF7B 581F
1B96F0: 0777 006D 31FD F300 CE01 1F00 80FF 87C0
1B9700: 953F 00FE 9539 05BB 081C 082C 2490 DE09
1B9710: 0810 0018 4000 2A1E 275B 851E 0318 3C8B
1B9720: 0080 1900 BF80 1A02 6624 5281 1301 087B
1B9730: 801E 0224 003C B17F 1006 0207 0201 0603
1B9740: 3F0D 0619 0C1E 00DF 0201 976E 0503 3F04
1B9750: 0708 0E82 060B 1B22 D302 4E88 BA14 FAFD
1B9760: 0246 8059 0ADF 02FC 3C08 B010 C4D4 0086
1B9770: 864D 2784 AD88 6F0D 6705 FF27 C501 FE21
1B9780: CED1 22FF 0078 8870 0CF0 04F8 3500 8070
1B9790: FCEB 6600 FA62 1E1C F8FC F087 6303 AA18
1B97A0: 7CFC 878B 17FE 4803 4A01 EB00 B4A0 7800
1B97B0: CF30 FC10 7C00 7840 00CF 90E0 2081 C792
1B97C0: 530A FF36 2E9F 9F6B 671E 19F0 0782 6804
1B97D0: BF99 6F0F 1F82 7107 8000 5C3F 8FFF FFFF
1B97E0: 8504 0BFF 0F0F 0000 D4FF 3F0F FF7C 3F90
1B97F0: 0A89 0F03 393F 0C0F A992 18FF 7FFF 3F7B
1B9800: 0F3D 030F D000 0300 FFF6 F6FC 8CEA 7260
1B9810: 80FC 7579 9740 0FFD F8F0 F080 FCE0 FCF4
1B9820: 7EFF 007F 0088 01A4 370D 121D 6303 A61E
1B9830: 6000 FF14 030F 0407 8173 01CF FF80 5003
1B9840: 1F1F FD0F 95DD 2501 00F7 6624 5300 02F1
1B9850: 41FF B803 807F 8638 9220 FB24 1800 3C02
1B9860: 413E D500 7C30 477F FFB3 008E 8C80 DD00
1B9870: 4088 ED0F 60C0 3020 E87C 0070 00AC 8040
1B9880: 20C0 FF53 8035 9034 00FF 9035 086C 0C2E
1B9890: 00FD 023C 413E 8035 165F 477F 0C33 0011
1B98A0: FFFC 00DF 60E7 A079 D8FC 3F2C 3E20 7060
1B98B0: 842B 173C 9E46 CC20 C060 80EC 0000 1B3F
1B98C0: 1BFF 5438 AE77 E17F C47B EE84 3C0B 1803
1B98D0: 1BB7 3B70 0600 7C1C ED00 863C 0AC4 A4FF
1B98E0: 86F8 7AFC 81FE 5BBC 8488 05E0 34C0 D4E0
1B98F0: D381 2401 7E7E 8244 110E BB13 2280 3E80
1B9900: 0085 001F 3FF8 0C7F 9CFF 8080 5A1A 6018
1B9910: F4AA 9A6A 360A 8500 E0F8 ED60 FC10 00F8
1B9920: FC4A 0010 0FAF 5121 3E83 CA0B 8F00 101F
1B9930: 003F EC4E 7F1E 80FF 802C 04E0 1874 AACA
1B9940: D02C 0030 A02C 82CF 060F 350D 6427 A36F
1B9950: 9AF9 060F 330F 583F B778 806C 0903 FFC7
1B9960: 027E 443D EEB7 CE90 1705 C2B4 C01E E0EE
1B9970: 825F 090F FF35 0D52 3371 37AF 6D80 2300
1B9980: 0F8B 6903 4C3F 5B3C A030 09E0 FFB0 A018
1B9990: F0B8 C0E8 F090 0C03 FCD0 E008 821B 0FAF
1B99A0: 003F 5C3F A37F FFE8 5FDA 7DD9 7E92 7D80
1B99B0: 4B02 F13C 3C8A E60E FF0E 00F3 0C01 FE0B
1B99C0: FCF8 E5FE 0EFF FE83 3005 0303 FC07 071F
1B99D0: 8794 00FF 9153 0D13 0D37 18FF 3F10 6A30
1B99E0: F440 F800 FF91 5608 010C 101E 7F1C 203C
1B99F0: 4089 AF00 CF8A 3A0A C0F0 80E8 F800 3000
1B9A00: CF60 8082 6001 20D0 800A 14F3 130D 1708
1B9A10: 1B00 FA22 1034 0038 00F1 010C 000E 0C54
1B9A20: 8795 07FF E0C0 D0A0 E810 3881 4801 BDC0
1B9A30: 86B8 0030 9A17 0A5F 9B7F 6B1F 3F03 CF1B
1B9A40: 070D 8210 00CB 8B7B 0207 07CF 88CC 822B
1B9A50: 06EC FDFE FFFE FF83 8294 00F0 8B1E 0FFF
1B9A60: 00FF 9F00 8F17 9C37 943F FB64 1F1C 0787
1B9A70: BE07 FC00 7810 6030 40E0 84F0 0BB6 5FE5
1B9A80: 1E3E C9F3 A91E 910E 0F87 BA01 B010 95C5
1B9A90: 0FBF 9E97 2EB5 6EA9 7EFF 493E 291E 221C
1B9AA0: 1C80 3002 7120 4089 CB0A 2000 BEB6 C53E
1B9AB0: C97E 89F3 6980 1700 3C80 3003 7820 0040
1B9AC0: 845E 31D7 5FFF 6BAE 77FF 09FF EF3F 6F3E
1B9AD0: 330F 0E01 F3AF 709F 60DF 00AA BF3F 0F03
1B9AE0: FFDB ACFE EC6E 90FE F8FF FAFC 5AE4 F6F8
1B9AF0: 10E0 EAEE 0085 DD2B 9EFC F0F8 00F0 FFCF
1B9B00: 53B6 6DBF 56B7 5FFF 572F 370E 0A07 0601
1B9B10: FDAF 708F 609F 4240 FA4F 202E 0007 03FE
1B9B20: ECD0 37E8 80D2 06FB B17E 02FC 0674 83B4
1B9B30: 0700 F820 FE00 FA7A 789C D713 F25A 3D2B
1B9B40: 1C63 F8BA 7C7E 0000 EB3F 011F 1D1C 00A0
1B9B50: 8AD2 047C FF41 FE83 872E 0DA8 FE3C 00C3
1B9B60: FFFF FEFE F03C 3C00 00

[06: GraphicData_JabberwockyHydra]
1B9B69: 0200 0A1A 0000 88
1B9B70: 0004 0701 0103 C090 0802 8080 C090 08A8
1B9B80: 0003 0708 0814 8010 0302 0880 00F8 0098
1B9B90: 003D 1501 0203 4000 0801 FE00 0706 090C
1B9BA0: 1304 FF06 F107 7403 FB00 FC68 0007 0F2F
1B9BB0: FB8C 7007 F8FE 00E0 6090 30C8 20FF 608F
1B9BC0: E02E C0DF 003F 6800 E0F0 2FDF 310E E01F
1B9BD0: 805C 0315 8040 C080 4000 8090 623A 5F03
1B9BE0: 1D05 2E17 4BFF 225D 317F 0B6D 327F EA01
1B9BF0: 0003 193C AF3E 0612 1018 18DF 00C0 B8A0
1B9C00: 74E8 D2FF 44BA 8CFE D0B6 4CFE EA80 00C0
1B9C10: 983C AF7C 6048 0818 18B8 B837 7F1E 0817
1B9C20: 0512 0A1D FF18 370A 2510 2914 2BEA 0C00
1B9C30: 0E0D 03AA 0B1A 1E1C 9F00 D888 3404 D2FF
1B9C40: 30DA 907E C0F3 7CC1 CA00 00C8 ECBF 24C0
1B9C50: C0EC E0CE 88FB 031E 6040 E088 0703 0F40
1B9C60: 40C0 A10B 2C7F 3818 2414 2B04 2AFF 0826
1B9C70: 0A25 0530 0A21 EA00 0018 1C1D 2A1E 0F1F
1B9C80: FF00 7848 B484 7AE0 1AFF 483F 1F3D 0EF8
1B9C90: 539C 801B 1D78 FCE4 FFD8 18DC 1C19 18E1
1B9CA0: 00DD 0008 1408 1CFC DF90 DC4C 8864 00EC
1B9CB0: 7300 0880 A946 EF38 38B8 D818 F000 FF00
1B9CC0: 0704 0E08 1A06 11FF 1F30 0826 062F 266E
1B9CD0: FB01 0000 0104 0E00 A90F 1916 01DF 00FC
1B9CE0: F88B 7207 04FF 1EF9 E01F 18C7 427D FB07
1B9CF0: F803 FC01 03F8 EB07 00FF 3F43 8081 480E
1B9D00: 1FD1 4EE0 20FF 789F 07F8 18E3 42BE FB81
1B9D10: 4F1D 3F80 C01F EBE0 00FF FCC2 01FF 00E0
1B9D20: 2070 1058 6088 FFF8 0C10 6460 F464 76FB
1B9D30: 8163 0880 2070 00A9 F098 6880 98DC 1CFF
1B9D40: 48DB 67E9 5DD9 2341 BF2C 3876 2857 043B
1B9D50: FE3D 1D19 1923 033F 7321 2F20 8067 1D12
1B9D60: DBE6 97BA 9BC4 82BF 341C 6E14 EA20 DCFE
1B9D70: BCB8 9898 C4C0 FC73 84F4 04E0 00B2 1618
1B9D80: FF1A 2405 2210 330E 1CFD 050C 0206 0003
1B9D90: 008B 1F0C 0403 BC00 0280 D03D FF24 CB21
1B9DA0: 1F52 8DA4 EBFF E867 E378 180F 2CE0 FB1D
1B9DB0: 01FB 037B BC20 FF7F A067 8008 F020 1FFF
1B9DC0: 80E0 C0A0 00E0 40D0 BF20 00F0 2090 80E0
1B9DD0: CFC0 C080 8020 008A E060 9A17 15FF 1926
1B9DE0: 1B25 0E22 0612 F401 0900 0700 8E1F 1E01
1B9DF0: 0EE0 0780 170A 8E62 A4B7 711F F100 F4AC
1B9E00: 8C81 4F05 FF9F 02AA 4211 80FE 02F0 8C73
1B9E10: 801C 09C0 3418 E428 34E0 3CF4 8088 AA06
1B9E20: AEF8 1828 C020 E080 4F21 FF35 6C16 4E13
1B9E30: 4F30 6FFE 145A 0C2A 0D1B 08FE 1403 3601
1B9E40: 3B00 1CEE 2C01 1405 0004 FBF4 8169 1D78
1B9E50: C5C6 FF3D FE82 3E60 0FBF 80F3 05F8 01FC
1B9E60: C538 FF3D 0001 C000 F080 7FFB 2F81 6A3B
1B9E70: 1EA3 63FF BC7F 417C 06F0 FD01 F3A0 1F80
1B9E80: 3FA3 1CFF BC00 8003 000F 01FE FFAC 3668
1B9E90: 72C8 F20C F6FE 285A 3054 B0D8 10FE 28C0
1B9EA0: 6C80 DC00 38EE 3480 28A0 0020 90D4 04FD
1B9EB0: 0209 0104 8122 0440 00AA 0703 8128 02FD
1B9EC0: 4090 80F3 0140 8080 0F01 E0C0 E371 0150
1B9ED0: 3F90 05FB 8788 4712 091B 0D1F 020F 06F4
1B9EE0: 0103 0001 00A9 0501 0201 E089 771C 03C0
1B9EF0: 063E C0C7 30F0 EFC7 FF78 0F7F 000F 7F3F
1B9F00: 06C1 C038 300F EAC7 0078 0F81 1D25 0360
1B9F10: 7C03 E30C 0FEF E3FF 1EF0 FE00 F07F FC60
1B9F20: 8303 1C0C F0EA E300 1EF0 00FD 90D8 B0F8
1B9F30: 40F0 60F4 8228 0780 00A9 A080 4080 E0A8
1B9F40: 7D00 0480 B280 0501 8040 C084 0201 1040
1B9F50: F899 0200 0178 8815 0101 0888 0504 1701
1B9F60: 0703 0482 7517 0303 03C1 0000 38FF 38CC
1B9F70: 2416 8C76 00FA 4000 F230 38F8 FCFC 8014
1B9F80: 0303 FC02 0583 1400 0B80 2504 CC03 0307
1B9F90: 0780 1209 80FF 8040 20C0 6090 B058 8014
1B9FA0: 00FF 8CA0 03A0 A060 70A3 9919 1A1B 3F2D
1B9FB0: 6710 4DFF 2258 0463 2867 0C63 CB01 0119
1B9FC0: 3303 F027 011F 820C 1958 D8FC B4E6 08B2
1B9FD0: FF44 1A20 C614 E630 C6CB 8080 98CC C0F0
1B9FE0: E480 F8BA B717 5F39 3619 2402 25FF 123D
1B9FF0: 0B1C 1431 0B20 E810 0019 1B8A 030E 83D9
1BA000: 8427 0D44 9200 EBFF 08FF 60FD 3BE0 9463
1BA010: EA8C 2918 94FF 6060 7270 6760 8F00 F700
1BA020: 3020 70F0 E070 FF40 F020 D080 F083 6509
1BA030: 0000 2020 6060 E0E0 0E00 8222 905C 0E60
1BA040: 5920 5604 5AFF 102F 1B24 0120 0A25 8041
1BA050: 0720 393D A21C 1F1E FF9C 3502 493F FF8C
1BA060: 350B 214C 0DE2 EB78 00FC E4D8 18FE 8C36
1BA070: 04F3 001F F700 8436 0C3C 10DC FFD0 2CA8
1BA080: 5410 E8C0 34CF 8C38 0A38 38FE D818 E808
1BA090: F000 F8BB 814A 0101 02A1 F104 3203 0301
1BA0A0: D080 0718 FF1E E000 FA84 76EC 0EF5 F0FC
1BA0B0: 00F8 F000 FAE0 E0FC FCF8 F0D0 0084 6A0C
1BA0C0: 010E 0017 1235 1B30 FD18 0803 0F83 9F09
1BA0D0: FF06 060F 0F0B 1B07 1774 900D 1310 E820
1BA0E0: CC60 8C90 1CFD 6078 80F0 00E0 00C2 F0F0
1BA0F0: E09B 3591 6728 D525 DA26 7D03 7CFF 0B3E
1BA100: 093F 001F 0C17 EB2B 2021 2000 0435 080E
1BA110: 0F0B FF00 ABA4 5B64 BEC0 3EFF D07C 9080
1BA120: 770D 30E8 EBD4 0484 0400 2035 1070 F0D0
1BA130: BD95 0BFB 102A 1C25 0E06 11EF 0208 038A
1BA140: F607 F31D 001C 0208 06F9 81EF 80C4 2CFF
1BA150: 3807 609F 1AE3 00FE 7EFC 107C A07E E0EF
1BA160: FF00 7F1C 8000 E07E 7810 9820 AC60 FF00
1BA170: F870 8810 E800 1840 008A F010 A473 0C15
1BA180: 291E 260D 2C05 14FD 060E 0307 80C5 00BE
1BA190: 8415 041C 030C F806 8115 80E0 29F1 007E
1BA1A0: 807C C03E BF84 0C1E 908F 60CF F50E 6000
1BA1B0: B0B8 DCBF 040C EC80 7240 36FD 18E4 0814
1BA1C0: 000C 0000 A818 088E E902 0303 3C8E E920
1BA1D0: 039F 0003 0207 000D 7F3D 30CD F802 08CA
1BA1E0: C200 0006 AA0E 3EFC F480 001F 0303 0C0E
1BA1F0: 7180 2413 0A03 0FF7 000C 081C 1210 2AFF
1BA200: 20DA C032 E80C 189C 8647 050C 1CAA 3CFC
1BA210: F09B 2407 FD0C 1F04 0F01 0403 9196 0208
1BA220: 0306 86C6 0001 814C 08FD 30F8 20F0 8020
1BA230: C0D0 800B 03FF 10C0 6086 BF00 80BA 8C02
1BA240: 0050 0190 D70F 403E 309E 1446 003C 4000
1BA250: 7FC8 1060 0438 EBEE 0B18 4710 3300 1F00
1BA260: 007C 3A10 0CAD 7F13 1433 0827 0926 0827
1BA270: FF26 5130 6940 FF00 F0E2 0F00 8267 052E
1BA280: 2036 3070 7080 3303 10E4 8078 8869 01A8
1BA290: F88C FF05 0847 1946 3867 802D 0A24 5170
1BA2A0: AA40 FC00 E0C8 3F00 882C 0874 7060 6000
1BA2B0: 00F4 20C8 8232 0100 A080 030A 0103 FF01
1BA2C0: 0402 0904 130A 1780 F810 AA03 070F 0C81
1BA2D0: 00C0 FF80 2040 9020 C850 E888 1312 C0E0
1BA2E0: F030 D600 0C1F 3F03 FF04 3C01 3904 1D06
1BA2F0: 0F81 3480 0C03 0301 0604 860B 0087 80E3
1BA300: 0AF0 FF30 D898 6C2C F670 FEC2 8BD1 0730
1BA310: 30D8 D8EC ECF0 F080 3E06 BC03 0403 0807
1BA320: C380 6907 01F3 0707 0F0F 1F1F 8814 04C0
1BA330: 20C0 10E0 8014 0980 80F3 E0E0 F0F0 F8F8
1BA340: CB80 5108 0907 EC17 0F1F 2F1F CF8C 4206
1BA350: 0F0F CC1F 1F3F 3F80 1708 C090 E0EC E8F0
1BA360: F8F4 F880 1705 C0C0 F0F0 CCF8 844B 0FFF
1BA370: 0300 0E01 110F 0F3F EA3F 7FBF EFA3 FF88
1BA380: 3088 2F14 F07F 7FFF FFFF C000 D0E0 A8D0
1BA390: 9CF8 CEFA FCFD FEEF FF88 3588 3402 CCFE
1BA3A0: FE88 1BF8 00A1 6308 031E 0918 040C 0307
1BA3B0: D082 6B02 7F01 0882 B700 0389 C711 C078
1BA3C0: 9018 2030 C0E0 D000 C000 7F80 10E0 20C0
1BA3D0: 8D31 0150 0788 3304 F430 DC00 3C84 0F00
1BA3E0: 3889 C400 FE98 320A 0000 F31F 1F0F 0F07
1BA3F0: 07F0 0181 EF00 FE98 3080 1401 F8F8 8374
1BA400: 01E0 F08E F008 EF37 0F13 1807 0C03 E080
1BA410: 2D07 CC3F 3F1F 1FFC 0F0F 8839 05EF ECF0
1BA420: C818 E080 6B8D 2083 DB01 F8FC 8144 8D17
1BA430: 09DB 37B3 7F59 3F2A 11EE 1481 4F80 1B01
1BA440: FFFF 80E8 8838 8837 05FF EDFE DAEC AC82
1BA450: 6D04 FEA8 F050 A080 5E03 C0FF FFF3 883D
1BA460: 01C0 C0F8 EDA8 00

[09: GraphicData_AegagropilonLegs]
1BA467: 0400 02C0 1100 0201 80
1BA470: 0000 00AF 0F10 1C03 FF00 8000 220F 800C
1BA480: 03F0 0838 C084 0C04 F000 0002 8080 1F2B
1BA490: 2F07 7B40 5827 EC60 0F31 631F FF00 00F8
1BA4A0: F8F7 F0EF E0FF DFC0 5F40 1F01 0F00 AF00
1BA4B0: E0DE 020A E4FC 06C0 0400 C2F8 801F 4D1F
1BA4C0: 1FEF 0FE7 17FC C33B 02FA FC00 AB00 0609
1BA4D0: 1805 FB20 0E31 0F43 022F FE00 0001 0107
1BA4E0: 030F DF1F 0100 3720 7370 FB00 0020 80D0
1BA4F0: 98C0 FF2C B0C4 F082 8000 F8FE 8080 C0C0
1BA500: E0E0 F0BF F8F0 4880 7CFE 06C0 00BA 0043
1BA510: AF06 0D0A 0519 03FF 3707 2201 7D00 0578
1BA520: EF01 0007 1710 3730 DC7F 787C FFFE FEF0
1BA530: 0083 7C78 E098 F370 80F7 00FC 03E2 EF00
1BA540: FFE7 80EF BE0F C13E 1E07 19F3 0E01 EF00
1BA550: 3FC0 E2F7 8214 05F7 AF60 B050 A080 8A2A
1BA560: ECE0 4480 BE00 A01E EF80 00E0 E808 EC0C
1BA570: DCFE 1E3E FF7F FF61 1F40 0710 3338 3AFE
1BA580: 2279 4B70 0D00 07BD 013F 3080 6204 DFFF
1BA590: FCF8 F381 2813 FF82 F002 C008 8C1C 1CFE
1BA5A0: 449E D20E B000 E09D FC0C 8038 04DF FF3F
1BA5B0: 1FCF 8154 35FF 706C 0029 4309 510B FA2A
1BA5C0: 0115 0008 07FD FFF1 7F73 3F27 07BF 1F0F
1BA5D0: 0307 0100 00FB 061A 00C8 E6CA E0FB A4C0
1BA5E0: C880 3060 00FC FFC7 FEE6 FC83 0602 E0C0
1BA5F0: C081 13BD 0614 FB55 3835 7876 6870 E007
1BA600: 0000 CEFF FEFD FCFF F0F8 F880 7722 DC03
1BA610: 9B07 130D FD0E FB1E 0313 010C 020C C2EF
1BA620: 000F 0D1F 1C1E FF3B C0D9 E0C8 B0BF 70FB
1BA630: 7882 7113 4030 C2F7 00F0 0DF8 3878 FBAA
1BA640: 1CAC 1E6E 160E E0E0 8248 077F BF3F FFF0
1BA650: 1F1F 00E4 0008 FF0A 0C0D 0E0E 0F07 0780
1BA660: BE07 D31F 1E1F 0F0F F007 809E 08FF 5030
1BA670: B070 70F0 E0E0 8216 05F8 78F8 F0F0 F082
1BA680: 6CE2 00

[0A: GraphicData_AegagropilonLayer2Body]
1BA683: 0300 077D 0000 8000 133F 3E7F 87
1BA690: 1FE2 01FF D180 B800 6219 7533 FF7F 7FFF
1BA6A0: 8403 541F FEE3 0FC7 1F87 3F8F EA01 0002
1BA6B0: 070B A210 2060 A200 0107 A20F 1F3F FE63
1BA6C0: 0670 0200 0080 FFC0 2000 7014 3C0B 1FFF
1BA6D0: E718 738C 01FE 807F FFE0 1FF0 0FFC 03FF
1BA6E0: 00DF EB27 67C0 40A7 1FFF 3F7F 0B07 1201
1BA6F0: FCC4 CA1F 7F3F 7FEF 8059 040F EFE3 0FC0
1BA700: 803C 4C01 8000 00AB 7E87 88F8 0730 FC03
1BA710: E23F 007F 0F8A 0301 00FC 070F 0307 0000
1BA720: FA52 E1BF FF7F BFC0 FF00 00FB FA89 B5D3
1BA730: 3576 01FF FBE0 8080 AEB1 DFDF E0C7 1FCF
1BA740: F1E7 0FFF 7F3F C802 0003 0088 0100 00AA
1BA750: 800C 087F F3FE 01F8 07FC 03EA 805B 19C0
1BA760: F0AA 7E3F 0F03 FF93 7FF7 0FDD 33E7 1FFE
1BA770: FE01 0FF0 05FF 02EA 0F80 3028 03A8 00E0
1BA780: FFFF EBE7 F3E0 ECC0 DCC4 FF38 EBBA 697B
1BA790: E0BC F0DF FF1F 0FF3 07E3 0F8B 07E7 F317
1BA7A0: C203 0001 0881 1C00 FA84 CB00 FB80 B57F
1BA7B0: 80BF 40DF 20FF 00AA 1F0F 0701 AA00 8040
1BA7C0: 60EF 05FF 0AA5 5FD8 2FFF E817 D50A FE01
1BA7D0: FD00 82FF FCAA FF3F 0F02 FF5F FBAF F947
1BA7E0: BD06 FDEF 07FC 0287 7EC3 3FDE F80B 03C0
1BA7F0: 0100 AF04 E0FE 027F 01FF 6F10 7708 3B0C
1BA800: 2D16 FF16 0B0B 0505 0302 01EA 2000 3010
1BA810: 18AA 0C06 0201 8FFF 5E01 AB00 BFD5 2A80
1BA820: 10C0 88E0 CA00 00E3 7F0A 3F1F FFF1 0FF8
1BA830: 1503 A857 D52A FAFA 05BF 005D 30A8 1F07
1BA840: FF2A FEF3 CFA0 0185 BF0C FF44 F086 7867
1BA850: 3839 0EF8 0E03 0381 0A28 8F67 3F0F A003
1BA860: 00AB FEBF 4FE8 07FF 15E0 C0FF FF1F 1F00
1BA870: AA01 C0F0 F88A FF1F 000A 0107 BE19 2904
1BA880: 400E A081 8406 AF06 1E2F 106F 1181 651E
1BA890: E601 9B07 C71F FFD2 0F00 C026 1F7F FFFD
1BA8A0: 0707 1F1F 3F7F FF08 FFFF 6005 7000 0081
1BA8B0: ACA1 EC02 1B73 8FA9 EC18 FF87 FF05 0378
1BA8C0: 18E4 23CB D74F D0EC 20CF FFFF 873F 1F7F
1BA8D0: 823F 1FAD CD42 C4FF 0001 4000 FF93 8F5F
1BA8E0: 3FFF 7F1C 03FF C1E0 99C2 B387 F3D7 D0FF
1BA8F0: 7FFF 7D1F E70F CF1F 5FFF F5C3 FBE0 C8C0
1BA900: B6B9 FE1F DFC0 2F73 F0BC FFCF 5FE7 2FF7
1BA910: 37FF 7FFB 3F3F 1F1F FF8D 9900 0082 3A00
1BA920: F084 7818 00A2 3F1F 0FA0 0703 EF15 FF0A
1BA930: 957F 4ABF FF84 7F54 ABAE 51FD 0282 382F
1BA940: A8FE FCFF FEFD F8FF FDE5 F906 EF07 F804
1BA950: 977C 57BF FEF8 03FC 01E0 0380 8F00 FC00
1BA960: FF03 4E00 FE01 DEFE D807 904F AC5F BEE2
1BA970: 814C 0520 2A21 333F FC81 CC24 0207 F8FF
1BA980: 4FB0 3FC0 51A0 A840 EAFF 003F 0300 A04F
1BA990: FFFF AF5F 56AF E01F F10E FEA2 5DD7 2879
1BA9A0: 0081 F11D 1FAA FFFE EFFF EFFE 1FAE 510E
1BA9B0: 4F00 A830 0F00 887F 3FA0 0F00 FA54 8082
1BA9C0: 00C3 8174 20F0 0F00 8AFF FCFF 280F 00AB
1BA9D0: 30E3 FFBE 41FF 5500 EA01 F907 3F00 AACF
1BA9E0: 1C00 808A FF3F 81B0 0801 0307 0B80 0006
1BA9F0: 0104 80CF 1402 0133 07C6 0FFF 8E1E 1C3E
1BAA00: B83D 9538 FF03 0307 070F 8371 01F0 3F83
1BAA10: 9100 FD86 D980 FB0E BFE0 B040 6080 8000
1BAA20: CFE0 E0C0 C080 8080 3600 E083 1A82 0A00
1BAA30: 0887 532B AA17 2763 70AA 9880 0181 DF04
1BAA40: 0919 221C 300F CC78 07FE 00FF 8CB0 9C80
1BAA50: C140 F733 FFE6 2FDF 4E8C 1EBC 9EEB 7FFF
1BAA60: 813D 013F EC87 9801 FFC5 805B 0800 BE70
1BAA70: 5020 B040 A0C3 8455 063F E0E0 6060 C0C0
1BAA80: 8762 0180 0787 6357 AFC1 2301 02A0 41F0
1BAA90: 8C71 C03F C2FE 003F 201F CF99 BCE5 58D1
1BAAA0: 08FF 60A0 FC9D 7DCD B9EB DD7E FEFF 3EFE
1BAAB0: 7EEF 993F 83C3 1FE7 2FFB 6080 E404 C093
1BAAC0: 30FE AF60 CCE3 DFC0 9BFF C6C6 4E4E 3EBE
1BAAD0: 7C7C DDF0 F0F7 E0E8 E7C0 0700 8806 0780
1BAAE0: 87C0 8249 8FBC 05FB 0708 3807 D883 C480
1BAAF0: 7003 0300 AAF0 8350 18EF 39EB 383D E41E
1BAB00: F2F6 0EF9 07FC FF02 DBE7 2F0F E3F1 07FD
1BAB10: 3803 81C2 2301 00EE C080 2FB7 0060 FF3F
1BAB20: C0DC 20FF 80FE E3F7 E0FF C0D0 CF80 9FDF
1BAB30: 00C0 7380 9CE0 67C0 0384 D814 00EF FC03
1BAB40: BC3A 0534 0BFF 3A05 750A FA05 F40B E83F
1BAB50: 0082 DD01 7FEA 8238 0617 0FAA 1F3F 5FBE
1BAB60: 8232 1E0A FCF8 DAFF F8F9 E7C7 FF8E F314
1BAB70: E611 E03F F1CA F803 E0C0 F780 0700 0F0E
1BAB80: 3101 804B 0080 80AF 0800 FBD5 3FFA 0FF7
1BAB90: DF2F 8210 7F5F AFAF 5F4E BFE0 3F00 0F0A
1BABA0: 0C00 E07E FFFF BFFE F7F8 DCE3 35CA EAF0
1BABB0: 00E3 CFFF AAFE F0C1 07EF EFFF 8620 DF51
1BABC0: AEFE E21D 56A9 AF00 5580 FFA8 0F7F FF8E
1BABD0: 0B0C 0315 801D CA04 0000 0AA0 070F FB94
1BABE0: 7F28 FF50 B1FE FFE2 FDE5 FACA F0B4 C0C2
1BABF0: 0000 0FA0 1FFF FF6A 9495 6AAA 5457 A0EA
1BAC00: AA00 4102 15AA 0F3F FFFE A0FD FFAB A843
1BAC10: FFC0 3FEF 2A07 0057 F30F FF00 28BC 828B
1BAC20: 0700 FA16 010B 0008 0483 FB07 A20F 0703
1BAC30: 8000 FA40 8214 0303 1CA0 E086 8205 E080
1BAC40: 00AA 2FF0 80BC 00A8 8404 0C03 0103 FF02
1BAC50: 0624 0E4F 0C8D 1CCF 800E 8265 00FF 8266
1BAC60: 041F 1E3E 3E7E 8078 0370 DCF0 2082 6100
1BAC70: CC81 3A03 80FF 6060 8E66 1DC8 0100 02A0
1BAC80: 0305 8800 0120 03FB 3C1C 183C 3995 38BF
1BAC90: 841A C1E1 2353 B7C4 7E83 0786 4E23 7F8F
1BACA0: 3FEF E000 EE7E 043E 08FF 3498 BC90 0CB0
1BACB0: 3680 DF00 40C0 0C8C 9CDC F3D8 D8F8 F8D8
1BACC0: D8C0 82E5 0030 8083 54A2 0706 0E08 0F80
1BACD0: 0108 00FE 56B7 6EA7 66AF 4EBF 46E1 0ED7
1BACE0: 1068 08E0 8F3F 9F0B 8FC7 1FEA AF00 A37E
1BACF0: 4DBF 456A 0159 0319 E3FF D0D4 C0DE 818F
1BAD00: 83B3 77BB 8797 E707 FFEB B810 7CAF 378E
1BAD10: FFB8 87BF 80B6 8188 80FF 1010 9898 8023
1BAD20: 09CE 55DF F0CF FFC2 0F00 0785 F850 FF3D
1BAD30: 23FF 18DD 03FE 01CA F807 00D8 BAE0 3800
1BAD40: 3F1F 2A03 FF3F DFF7 E323 D1A3 F289 FF70
1BAD50: CC3C E31F F80F FF1F 3F8F BF87 3FFF C31F
1BAD60: E007 F808 FF07 EB87 809F 28E7 00BF 7A0E
1BAD70: FEFE 01FD C3D7 C0F8 E7DF 8098 77C7 0082
1BAD80: 690E C7CA 0000 0106 FF1A 0128 0741 0FA1
1BAD90: 0E81 3006 01AE 071F 2F10 6F80 DAFC 0098
1BADA0: 00

[1C: GraphicData_Wall]
1BADA1: 0300 064F 0000 8000 5A03 E7E7 FF72 76
1BADB0: 2060 8B8B D3DB C300 FFE7 18FF 7689 609F
1BADC0: 8B74 DB24 CF00 000C 0C9E 9EFF 0307 B8F8
1BADD0: 597D 0213 CF00 FF0C F39E 61FF 07F8 F807
1BADE0: 7D82 13EC C000 00FF C0C0 0040 A0A0 30B0
1BADF0: C000 FFFF C03F 40BF A05F B04F FF98 E702
1BAE00: 9C65 9962 9880 2935 2F10 611F F609 CAFF
1BAE10: 00FE FF00 FF31 CE4B 30DF 20EF 30FF C43F
1BAE20: 09E6 3BA4 9B04 C0FF 000A DFFF FF68 912E
1BAE30: F1DE 21C4 3FFF 0AE4 3AA4 DB04 F30C 8017
1BAE40: 0028 8017 10F8 07F0 0C32 F82F 90FF 6718
1BAE50: C23F D522 DC23 8017 1100 FE26 D774 9726
1BAE60: D734 BB26 7697 6436 D7C0 8F80 8508 00FF
1BAE70: 629D FF00 AAFF F280 0B02 FF88 E080 2501
1BAE80: 80FF 8814 0C7F 806A 9FFF 20D0 37D7 6797
1BAE90: 36D7 8017 1680 808F FF26 D764 97F6 07A4
1BAEA0: F7FA 0607 FCFF 5400 E08F 000F 802D 1B7B
1BAEB0: E729 F567 FF39 FDFF 7BA7 25FD 73EF 3BE5
1BAEC0: EABD 00BF BDA7 AAFD BFBD BF80 4A0A 7777
1BAED0: FFFF 996E FE3C FF14 0480 5913 EAFF 0088
1BAEE0: FFF7 A8FF FBFF FF73 EF21 FC7F FF29 FEFE
1BAEF0: 8004 00A9 841A 8036 04AF B7A8 BFD6 8480
1BAF00: 0E77 F73F FF6B FCFF 60FF 39FC 23FF 39E5
1BAF10: 8436 41BF B7AA BFA7 BDBF FB28 2840 6020
1BAF20: 68E8 FF6C 6C0C 5C98 9850 D0F3 28D7 609F
1BAF30: E817 FF6C 935C A398 67D0 2FFF C8C8 98B8
1BAF40: 3838 9090 FF40 C008 18D8 D8C8 C87F 37B8
1BAF50: 4738 C790 6F81 6728 18E7 D827 C837 FF02
1BAF60: 1359 7DB8 F803 07FF 9E9E 4C6C E0E0 ACEC
1BAF70: BF13 7D82 F807 07F8 FF9E 616C 93E0 1FEC
1BAF80: 1381 A201 0040 8088 0F68 910E F1BE 7174
1BAF90: FFEF 5AF4 4AC3 7CDB 6C81 9024 DF9F 00FF
1BAFA0: 08AF 822C FD35 8856 FFA5 1242 A981 5420
1BAFB0: CAFF DF00 5F80 0EC0 6F80 FA4F A0F7 00FB
1BAFC0: FDAD B203 7BE4 DB34 91B2 0C50 E529 F2D5
1BAFD0: 39CA 3CFF 0EE7 3BA5 85B2 07D7 FE00 0100
1BAFE0: FD02 E880 5821 FFFF B08F 1770 A14F D2CC
1BAFF0: FF9D 1C98 E1F1 7ED7 2FEF 7F00 8F50 A02D
1BB000: 12FF 6281 E618 FE01 9091 1971 0E97 F0FF
1BB010: 29CF 12CC 8118 8CF0 C2FF 000F FFD0 202D
1BB020: 1266 81F3 0C91 FA0A CF70 FF57 3892 CFA7
1BB030: 3462 0980 7705 2F3F 4F80 9562 DA45 0398
1BB040: FF01 9FC6 750E 9104 EDC4 B262 D836 FFC1
1BB050: 3A05 EA3D A080 F60D 6B90 D328 ED10 F108
1BB060: CEFD 00D3 0CF3 808A 0D1E E1BE 6154 EFCF
1BB070: 1AA4 C55C A14C CF80 C246 208F 70BB CFC7
1BB080: 78A3 B37C FFB1 669E 7387 7CC0 3FFF 8060
1BB090: 00E0 42E2 61D1 FFD9 3EEC 1FF3 0FFF 00CF
1BB0A0: A040 A242 B141 FF11 8E01 FEE8 0F5F C1F4
1BB0B0: 02FE 0007 00BF FF0F F0F1 FE3E FFF8 F907
1BB0C0: 0782 8E87 0B0D 25D9 02F8 FFA3 3C68 CF0A
1BB0D0: F300 1CCB 8095 0A3F C0FF CFF0 33FC EC1F
1BB0E0: 1B07 B4CE 011B C480 CE03 0BDF 7F80 DB45
1BB0F0: 054E BF05 FEDE 21A0 FF00 F080 9C89 0107
1BB100: 807F 39FE 0AFD 609B 9831 8283 0101 FE85
1BB110: 6E83 220D 0D03 F513 ED21 DDFF C13D 00ED
1BB120: 3DA2 8105 240A 07F6 031E E3E6 1BFF F20F
1BB130: FA07 D906 FB04 FF48 B156 A9B6 6954 EFFF
1BB140: 12AC 1887 C40B A100 8FFF 8509 06BE CFE7
1BB150: 7870 FF7F 9B8E 06FB 6718 00FF 07C0 8363
1BB160: 000E 836E 9BBD 06DB 0AE4 F40B 181F 80BE
1BB170: 280F 0FF0 E3FC FFB0 1FF0 5F70 DF30 DE7F
1BB180: DC20 CDE0 0D51 89EF 63FC 23A6 79A4 7AFD
1BB190: AC70 BD71 B975 71D4 00FF 829E 03BC FF80
1BB1A0: 4082 A413 FD14 F102 1E00 0300 0F07 070F
1BB1B0: 0FFE EE1F 1D03 0300 8C0C 8120 0E8B 70CF
1BB1C0: B067 D8FF 306F 1936 0116 8D9E 80D5 04BF
1BB1D0: C05F E0AF 861C 252F 181B 0C91 8ECF 31E9
1BB1E0: 986C D82C FF18 F40C B6C4 1AE6 1BCF D931
1BB1F0: D438 F418 BFEC EA1C F60C F50E EF83 F70B
1BB200: C0C0 E0E0 FC78 780E 0E00 00CF AC0D 010F
1BB210: 0F85 A803 3760 6063 980C 003F 800C 800D
1BB220: 28FD 818B 868F 000D 15BF 1131 75E3 F50A
1BB230: C4FF 8D86 8887 0A07 1613 3F76 73F6 F3C7
1BB240: CBFF 93ED 019E 649B 6299 9D70 03FA 07FD
1BB250: 0391 700B 8080 E0A0 3C08 CFFF 8E7E 01FE
1BB260: 85A6 17FF 8000 6080 DCE0 B37C FEE1 1FFE
1BB270: 01DF 00FF 8100 FFEF 0303 FC84 3700 C280
1BB280: 3004 FCFC FF03 FC81 DF0B 0A04 120C 027C
1BB290: 19F9 EFE5 FD00 89A8 0907 0B0F 1373 0F86
1BB2A0: 7FFF 0280 5E01 D10E 81A8 1E40 F030 E820
1BB2B0: F898 74FF 0CEA 06B5 C21B F20D EE90 6098
1BB2C0: C830 CCFF F618 FB0C FC07 8080 0B40 401F
1BB2D0: 1F01 0100 0007 E0C0 FF98 0C0D 0BE0 1FE0
1BB2E0: FF01 0700 01F0 F00C 0CF1 8561 0280 FF06
1BB2F0: 8018 840E 00F2 8C0E 1118 6700 BC02 D803
1BB300: 6CFF 0136 081B 465B 040D FF8D 6A09 5738
1BB310: FF2B 1C15 0E55 4E0A 81F8 D400

[1D: GraphicData_WallEye]
1BB31C: 0300 09BA
1BB320: 61FF 0101 0506 0708 0817 F713 2F0F 3933
1BB330: 5C77 EA02 0008 1020 AA00 464C 08FF C0C0
1BB340: D030 F008 08F4 F7E4 FAF8 CEE6 1DF7 EA20
1BB350: 0008 0402 AA00 3119 08FF 0302 0605 0D0B
1BB360: 0B07 F807 0D17 1B0E E804 0008 00A0 1204
1BB370: FFE0 2030 D0D8 E8E8 F0FB 70D8 74EC 38B8
1BB380: 6CE8 1084 1805 2410 FE00 0101 8031 2403
1BB390: FF07 030E 0B07 0A06 09E8 0200 0400 A808
1BB3A0: 0004 FF80 40C0 2020 C0E0 D0FF 70E0 B868
1BB3B0: 70A8 B048 8066 0800 1000 AA08 0010 908D
1BB3C0: 8036 0D00 DF03 0201 0200 0507 EA00 0001
1BB3D0: 0080 7E12 0405 00EF 8080 00C0 4040 80DF
1BB3E0: 6020 40A0 80D0 7080 1A06 4000 20AA 8090
1BB3F0: 5080 18B0 007F EF14 0B1C 2C13 2B17 3F6F
1BB400: 1B7D 0B77 0CCC 070F 0F1F 2207 03CA 00FF
1BB410: 03FF 027E 80FF 00EB 0DFE 3DFD FBFC 6FFD
1BB420: F3C6 FB1D E6C0 FFFF 8AFE FCF8 E3B8 C0B0
1BB430: E080 2E40 C000 80C1 00E0 C011 8000 F31D
1BB440: 6657 6C37 287F 2E1B 170D 0B05 06C2 1800
1BB450: 5CAA 1C2E 1708 F3DC 33F9 17F6 0A7F 3A6C
1BB460: F4D8 E8D0 30C2 0C00 1DAA 1C3A F408 FB0F
1BB470: 120B 161B 0B0E 08FF 0C0B 0706 0303 0101
1BB480: 8019 1514 AA06 0B05 02F9 F824 68B4 E8B8
1BB490: FF98 6870 B0E0 E040 C080 4A44 14AA 3068
1BB4A0: D020 FF06 0907 0803 0C08 0FDF 0706 0703
1BB4B0: 0300 01E0 0400 05AA 0902 0502 FFB0 48F0
1BB4C0: 0860 9808 F8DF 70B0 F0E0 E000 C0E0 9000
1BB4D0: D0AA C8A0 D020 EB05 0601 0500 03BD 0203
1BB4E0: 0281 1E65 8201 052A 0102 01FB D030 40B0
1BB4F0: 5000 60BD 20E0 A000 C080 C3C0 0050 803A
1BB500: C000 A040 8200 01FF 0301 0702 0B04 0E05
1BB510: C000 007C 0101 0303 07FF 0700 3907 DF30
1BB520: 70CF F0C0 3F00 FF5F 0007 0F3F 3FFF 80FF
1BB530: FFFE 00E7 F8FD 0E1E E3FC 07F9 03FD 05FE
1BB540: DE00 00FE F0FF FC88 FEFF 816E 2EC0 F0F8
1BB550: F27C 80BC C0B8 C500 0080 C040 E0FE 7B07
1BB560: 7D03 0F00 0380 0055 0F07 0300 00FF C03F
1BB570: FFC0 807F FF00 8000 E9FF FF3F 8187 06FF
1BB580: 7B9C EE70 7880 8150 0700 FDE0 FE80 F800
1BB590: C091 A001 0201 81B3 0A02 07FF 1B06 6E19
1BB5A0: B867 60DF 8017 11FF 0107 071F 1F7F 3FFF
1BB5B0: EF00 001F E71F 7FC0 F384 9902 01FE C780
1BB5C0: 0E84 9A17 CFFC 008C F0EC 302E E8D8 60D0
1BB5D0: D200 00F8 C019 F080 E0FF 0000 8229 1804
1BB5E0: 080A FF04 1539 3E32 1D14 5BC5 0001 0307
1BB5F0: 7F0E 010C 0318 0730 801E 0FC0 4080 2010
1BB600: 50FF 20A8 9C7C 4CB8 28DA C580 B909 E07F
1BB610: 7080 30C0 18E0 0CD9 8488 0604 0D00 060A
1BB620: 4101 8121 0159 0080 2B08 0D00 6050 4180
1BB630: C001 E083 2680 1E09 0207 03FC 1B05 0E16
1BB640: 1F0F 940F 1E07 F017 171F 1FC2 0000 E0FF
1BB650: D820 3008 C8C0 E8E0 C300 0020 20FA E8E8
1BB660: F8F8 3818 9026 0003 82F6 0401 1F06 0F1F
1BB670: 9838 0403 03FC 0505 843A 80EB 01BF E08C
1BB680: 3A80 0A02 FE20 2088 389C 3704 0101 0706
1BB690: 1F82 B09C 3700 0189 1A80 2C05 2F80 D020
1BB6A0: E810 8008 073F 8080 3030 F0F0 EB80 FE00
1BB6B0: 0783 6108 3D02 6F10 4837 FA07 C480 0F14
1BB6C0: 1539 3F37 6F00 E070 80D8 E0FF B8A0 D8E0
1BB6D0: F800 CC30 C585 BC01 A540 8004 12FF 0201
1BB6E0: 0502 0A05 0F04 FE17 0F11 0E3F 0030 FC00
1BB6F0: 8A0F 03C5 000F 1085 C083 210F FCFF 03F8
1BB700: E3FC FE00 00C2 FFFF FCD0 00FE 8412 051F
1BB710: E3FD 1E8F F080 4B01 00EB 8014 09E0 00F8
1BB720: 4000 FEB0 C060 8085 CF01 54E0 85BD 3375
1BB730: 6BAB B74B F767 5FFC D77F 57EF 4FFF F107
1BB740: 300F 60E1 64C3 1FC7 FFAE D6D5 EDD2 EFE6
1BB750: FAFC EBFE EAF7 F2FF F1E0 0CF0 0687 64C3
1BB760: F8E3 E782 9254 151C 05FE 191F 0D1B 292B
1BB770: 09C4 0006 0EC4 010C 1CE7 40D0 20A8 38A0
1BB780: FE98 F8B0 D894 D490 C400 6070 C480 3038
1BB790: CF0F 0F0E 0E1B 0CFF 0407 0B03 0A04 0700
1BB7A0: CA1F 1F16 10EF 080F 0C07 0704 04FA 30F0
1BB7B0: D030 50D8 FFE0 E0D0 C050 2083 2B04 08F8
1BB7C0: EFD0 F083 350C 2020 CF1F 0F1E 0E14 07FE
1BB7D0: 0F03 0B80 3588 3603 18FF 0C0F 8435 0D00
1BB7E0: 00FB 28E0 D830 5828 E0FE F0C0 D083 6206
1BB7F0: 00E2 18F8 0818 FF8C 3802 0000 DF81 8504
1BB800: 160E 0C10 F883 A102 0000 EA81 CB05 161F
1BB810: FC08 0803 86EB 0AE8 C0A8 7098 6068 10FC
1BB820: D0E0 85C6 07EB 18F8 0018 F0F0 3C84 0B66
1BB830: FFFD 0195 5BA7 78E6 19EA 7F00 1F01 00F8
1BB840: 0277 207F 0054 0B01 00EF BEB0 2E7D 863F
1BB850: E4FA 7FE0 FE00 F0E0 CD40 FC00 EEF6 54E4
1BB860: E000 8B60 1F36 09FF 7700 653A AE71 B34C
1BB870: FD00 4040 6000 0009 F508 1D00 3E73 5EFF
1BB880: 9E00 2D16 3300 970A EECE 00F0 E810 F8FE
1BB890: 8080 0016 0E0E 0481 EC51 10FF 3800 7E20
1BB8A0: F738 FF32 FEE7 1A7F 0C7E 0038 BD00 1038
1BB8B0: 087A 7ED5 003A 1E38 00B3 3878 1030 00A2
1BB8C0: 000C 0039 2030 0000 3304 0C00 000A 3078
1BB8D0: F27D 287C 0038 8300 3030 CD10 3800 1800
1BB8E0: 0A44 0028 0100 0F40 4000 003C 8673 0EBF
1BB8F0: 010A 0124 0253 20F3 4830 7800 8860 8344
1BB900: 1008 0901 0300 2047 3000 1070 FE18 00A4
1BB910: 1098 81F6 8295 0208 1800 9C00 02AA 2050
1BB920: 8132 023C 2222 800B 102F 70A8 109C 60FF
1BB930: 6214 2906 2314 7708 CF00 81C3 1900 60FB
1BB940: 081C 181E 0800 0E6F 001B 240A 4B30 FFF4
1BB950: 08B5 0086 49CF 3080 1E1B 111B 0030 7E08
1BB960: 7878 3079 00EA 1800 2498 00AF E050 6910
1BB970: 0AB0 FC00 0018 8064 0D37 E0E0 F041 F1E0
1BB980: 8000 000B E1D2 0181 6202 03E0 E187 0E28
1BB990: F844 08E4 0080 000E F0F8 F8EF D53A EB89
1BB9A0: 78FF 61FF 712F 2C1E 1E01 0F00 CE04 3F06
1BB9B0: 7F18 FD1C 3F01 1F00 0581 9335 0894 687C
1BB9C0: B0BC C0FF 2870 52E0 6080 C800 FE01 E900
1BB9D0: E840 F070 BFC0 80E0 0080 0808 CC00 0080
1BB9E0: 40FE 3100 7920 7C00 3C84 0040 7F00 1030
1BB9F0: 2038 8064 217C FC40 EE38 FBFE 00BE 50BC
1BBA00: F000 8700 7810 7CED 18FC 0800 7000 0204
1BBA10: A800 2000 0304 0484 8A03 3078 2070 8103
1BBA20: 0100 4283 4800 3082 7501 0000 854F 0FFF
1BBA30: 8448 CC30 7D00 3A01 EA43 0003 0100 E581
1BBA40: 5006 3801 FC40 4108 0980 320E E010 E049
1BBA50: 30FE 0AB1 F201 8100 0007 E083 9C05 40F1
1BBA60: 0081 0808 84E5 2A72 01FF 1221 1320 B140
1BBA70: E400 8300 E0E1 8FC0 0060 0404 EF00 00F8
1BBA80: 0488 1C00 FE0A C4C6 38FC 00F0 8E00 70F8
1BBA90: F8E7 8409 2901 01FF 3100 4A01 9E41 8740
1BBAA0: FEC3 24E4 1878 0000 3F30 3138 793C 7DF4
1BBAB0: 187C 0078 00AF AE68 0810 10E0 EAF4 0081
1BBAC0: 4402 FB70 7082 E104 00E0 FF04 E480 F381
1BBAD0: 5405 A87B 3100 0050 8003 05FA 1AE1 F300
1BBAE0: E183 D200 F180 0405 FE12 2123 C0C1 81CD
1BBAF0: 03F4 C0E1 0080 070B FE02 9C8E 70FC 00F8
1BBB00: 8000 E560 8006 91F1 06BF 718E 41B2 0583
1BBB10: 8011 0000 85FA 053E 3071 787D 1C80 A80D
1BBB20: 708C 5076 00FF E912 532C 2F80 8E70 810E
1BBB30: 0D20 700C 0C7F 1EC0 EE70 F600 F040 00D0
1BBB40: 001E F701 0202 0504 0402 8E05 070A 0EC8
1BBB50: 0000 0100 F780 4040 A020 2040 8EA0 E050
1BBB60: 7080 1100 8080 01D0 0004 FAE7 187D 0081
1BBB70: B101 547D 8004 00A8 80E1 0100 5080 0312
1BBB80: 2F6F B209 9520 FAD9 267F 000E 000F 666F
1BBB90: 4E6E 9480 0814 2B70 B946 B8FE 17A8 9F60
1BBBA0: F900 708F 0070 7041 F9A5 4081 D386 5F80
1BBBB0: F802 A340 C18A 6401 B4C0 80F9 0A2F F824
1BBBC0: 8874 08FE 02C4 8678 80F7 8574 02F0 E538
1BBBD0: 8501 0A2F 70AF 40BB 04FE 834C CF30 8350
1BBBE0: 068F 0030 7078 7CF5 81EE 0B7C 3800 2FF6
1BBBF0: 2984 451A FA8F 7083 E806 000F 72F6 E0FA
1BBC00: 9480 0825 F905 0909 0D0B 05EC 0E15 1E07
1BBC10: 1CC2 0200 1280 02F9 A090 90B0 D0A0 EC70
1BBC20: A878 E038 C240 0048 8040 D8E0

[14: GraphicData_Viper]
1BBC2C: 0200 0AEC
1BBC30: 42BF 0307 010E 021E 0AF3 3D14 6D24 CD44
1BBC40: C800 0001 A203 1333 BFF8 9E90 6702 FB01
1BBC50: FDFD 10FE 00FF 0804 EA00 0060 F8FC A0FE
1BBC60: FF82 0080 3FD8 8078 407C 0080 000F 9010
1BBC70: B838 C000 9000 07BF 030F 021C 0738 0F80
1BBC80: 0E17 3F01 030B 0F17 1FEB 0000 031F 7F1E
1BBC90: FFEF 27DF 017F 803F 40CF 805A 2D01 0000
1BBCA0: BE1F BF80 DFC0 5FFF E000 F840 58A0 CC30
1BBCB0: FF9C 20F4 C0DA 50E5 20FF 0000 A0E0 F0F0
1BBCC0: 7878 FFE0 20F8 00DC 20E2 18A0 5A88 0002
1BBCD0: 0203 8080 0505 2F1F F313 7D01 8016 060A
1BBCE0: 0CEE 8000 0880 8813 19BE 0103 0102 0005
1BBCF0: 8000 0A01 03BF 1E33 126D 20DD 49FF BF91
1BBD00: 7E00 FE80 5106 AA00 0C1E 3EA0 7E88 B502
1BBD10: 03C1 8090 4F01 02F0 8035 5AFF CD44 ED24
1BBD20: FB10 FF00 FE7F 05FD 6AFB 45DB EF33 0013
1BBD30: 0740 0860 FF12 0707 0F1E 1F2E 0FD1 FF04
1BBD40: 0201 7F41 BFD0 1FE8 0FF0 C2FF 003F FE8F
1BBD50: C067 F0F3 F8F9 FFFC 38CE 744E 344C 38FF
1BBD60: 3400 B498 9C80 FC40 FF40 7838 7CB8 3CB0
1BBD70: 38FE D018 C810 80D7 8896 3100 FF7F 08FF
1BBD80: 20F5 2D29 183F 772E 5F00 DF48 FF37 3F50
1BBD90: 700D 2218 063A 0E00 2027 FF3F C0FF 007F
1BBDA0: 80BE C0FF 7901 EF08 BF20 FF9C FE81 1426
1BBDB0: 409F 00DF FB3E 8070 00C0 001C FFF7 043B
1BBDC0: 08BD 047A 48E0 FC00 F0FF F608 3AC4 3E40
1BBDD0: 8400 9400 2060 4088 5E0D 2B03 0F18 07FF
1BBDE0: 1C0F 330E 6F11 7D34 815B 1F03 030F 0FBF
1BBDF0: 031D 1F38 3803 30FF 0D00 9B08 F790 EF00
1BBE00: B59F FF90 60C2 EF03 0007 0F81 741D FBFF
1BBE10: 807F 00FC F903 C3FE 00FD 0171 00FF 0200
1BBE20: 2AFD FFFE 2BFC 7C9C 80C0 8000 88B5 11BF
1BBE30: 070F 040B 001F 09FF 3600 7E22 6B13 C179
1BBE40: C880 3A1C FF0E 0116 313F 383D 7AC4 FF40
1BBE50: 801A 00EF DF80 FF0B F0EE 0EFD C780 7C03
1BBE60: 7F80 1E47 7714 EE4A BC14 7B01 F500 0080
1BBE70: 0738 27FF 881C 911B C317 C607 F508 F0E8
1BBE80: 10C0 4073 D0D0 A0B0 40D5 00F0 10D0 5051
1BBE90: D0A0 60FF 4F01 6B24 3816 1C02 FA0E 0103
1BBEA0: 0001 00FE 3203 1400 0601 02E0 821C 33FE
1BBEB0: 8F70 FF00 0F10 5FDF FFA0 00DF 407B 08FF
1BBEC0: F9F8 0908 13E0 17A0 EAAF 001F 3F07 F8FE
1BBED0: 44FA 00FE 5F04 00F6 20F2 00A0 F8FC 2EF8
1BBEE0: F408 D49A 254F FCED 48F3 31FF 03FF 6719
1BBEF0: 730C 3C03 1F00 BD1E 0C01 0043 7B55 3D3E
1BBF00: 170B F7FF 1EF9 C8E1 9E9C FF8D 88D6 C2DF
1BBF10: 456B A1F7 001E 06CE E763 FFEF 73FB 3938
1BBF20: 7D1C BDC3 F000 D020 73A0 5020 6850 D000
1BBF30: 6020 61A0 80D0 9855 55FF 3B08 3701 7E22
1BBF40: ED24 FFE3 42EF 4CED 41F7 66EF 0700 0F0E
1BBF50: 011D 02FA 130C 1F00 1E08 F7FC 87FF 0700
1BBF60: FC03 3F1F 00F7 04FF F6EC FB07 F8FB 030E
1BBF70: 0800 00FD 73A0 F220 EAD0 507F 10B6 64EC
1BBF80: C0DC 08CE CCE0 14C0 947A 8068 0018 309A
1BBF90: 1F3E FF32 9D60 B540 BD60 FCED 042F 063B
1BBFA0: 10FE 4770 7572 6D62 4DFC 1D02 1F00 0B04
1BBFB0: FFB2 0DE7 19E6 38DE 7CFF C779 E63D EF12
1BBFC0: FF07 FFDD 1CBD 3C9C 3DA0 7DFF BD7C D93C
1BBFD0: D883 1D24 FFBD 0873 A2DE 0DEE 85FF 7D82
1BBFE0: FB64 BBA4 5E00 EF46 0E8C 200D B005 7B03
1BBFF0: 3006 70D0 24FC A040 6082 F506 8880 0054
1BC000: 40C0 8092 3702 00F8 0F8B 8580 0005 FEB6
1BC010: 84FC 1818 8008 01A0 789B 6301 A80F 8018
1BC020: 0050 8003 09FF BB5A DC24 6719 1906 F889
1BC030: A123 00FD 04DE 0367 0019 0E50 0300 C328
1BC040: 10B4 A8FF F420 34C0 C820 3000 C3C0 D040
1BC050: E8D5 0028 C830 992C 11FF 717E 3E7C 3C3F
1BC060: 03FE 1F00 0E01 0700 01AA 0080 3E10 5508
1BC070: 0701 00FF 7702 F260 F362 0F0C FEFD 0281
1BC080: C519 00F8 AAF9 FDFC F0D5 0003 FEF8 00FA
1BC090: F810 D000 E0C0 A080 0089 E000 A0A4 08FB
1BC0A0: 3F14 1700 0E0B 02E8 8045 1F00 8A0F 0704
1BC0B0: 8000 BFC1 3F20 F111 EF20 FFCF C0F3 F2FF
1BC0C0: 3C3F 00AA FFC0 0E1F AD3F 0C80 210C FFEE
1BC0D0: 6054 08EC 1078 40FA F080 E083 3C0C FFF0
1BC0E0: 04E0 0800 1880 10D4 0020 40B4 431A 2B08
1BC0F0: 0C4F 04FF 6D05 7E2E 7F1F C343 C100 0004
1BC100: FF02 0701 2700 033C 0084 1F08 FFE0 80F8
1BC110: 603E 589B AA81 F907 7F80 80C0 E0E0 74F0
1BC120: A480 002F 8462 0106 0280 0C1C 0201 AF10
1BC130: 1C17 043D 0CDF FF3F FF83 8300 000F 080C
1BC140: 030F DA00 0300 7CFF AF80 3219 40FC A0FF
1BC150: DFBC 9FAF CED2 D6C2 C700 0040 40E0 EF60
1BC160: F070 3D7C 353C 803C 002F 8364 0160 4088
1BC170: 4594 B780 8F03 307F E729 800F 040F 1010
1BC180: 1E3E 8817 01E0 80BC F005 000B 030F 03C0
1BC190: 8D32 0640 00AB 3050 B01C 8A91 053F 2020
1BC1A0: 6060 E0A0 9600 BF94 F809 0602 FB04 0008
1BC1B0: 0409 0B06 8DBA 0482 0301 FBBE 83E4 345F
1BC1C0: FF23 FF9F 27DF 679F 6B5B EBE2 7F00 FFDF
1BC1D0: 229F 1FFF EDC5 B624 D702 EBC2 EFE2 E0F2
1BC1E0: F5F0 F9F8 FB2A 30D3 08F5 F904 8EFB FD02
1BC1F0: F5FF 8000 8A21 0560 40B0 E090 2080 4A14
1BC200: 8020 C0FE 0C04 1808 3110 33FF 6220 6521
1BC210: 4623 C963 E88C 4714 A81F 1E1C AF3F FFBF
1BC220: 037E 46FB BCCC 3CDC BCBE 5EC3 FF85 853C
1BC230: C33C 033E 81FF 6B61 D311 E5C0 3520 F31D
1BC240: 101E 183E 3CFF 9A14 EA04 FD02 3DC2 F31D
1BC250: E21E E13E C1FC B020 D810 EC88 EF76 04B6
1BC260: B200 F102 E8C0 00E0 7088 F8FC A382 2801
1BC270: 0120 8961 820D 2776 C7C0 DEBF FF3F C3AF
1BC280: C7BF 57A7 53F4 0E1F 3F06 000C 2F80 FF70
1BC290: 601C 104E 0CA7 06F7 FB83 FDC1 E1FC E080
1BC2A0: B109 20C0 D020 E810 E2FC 00FE 800C 008C
1BC2B0: 815F 9119 0120 018D E13F 1E0D 3D18 7230
1BC2C0: 4A00 FFDD 48DF CB9F 879E 8FEF 0303 050B
1BC2D0: 053B 06CA 3F00 7F7E FFEE 68C3 C2BD 81FD
1BC2E0: 09FF F008 F48C F2CE 746E FE90 E03C 807E
1BC2F0: 00F6 A8F7 F3F1 8800 8032 810D 884D 0BFF
1BC300: 0C06 0D07 0E05 0701 7702 038E BF03 2400
1BC310: 0244 8270 435B AF0B ED19 FD24 FEFF B5DB
1BC320: 9A6D 8B75 C1BE CA1B 400B 01D5 0064 F6FE
1BC330: 7FCB F9F8 FAFC E4FF FA42 7203 4DCE 83FD
1BC340: CEF5 02F7 00FB AFFD FC30 0100 02F3 1020
1BC350: 3060 2040 F760 C0C0 0082 0603 A0C0 8094
1BC360: 8578 3DEF C477 E2EA 7D70 2F9F 7827 3C17
1BC370: 3E11 CD08 0100 0313 151B 0B0F FF37 FB33
1BC380: DB17 CD21 EDFF 52FE 4CF6 65BB 32DD CA37
1BC390: 8033 139D 0188 00CC EEC0 FFFC 17F8 30BE
1BC3A0: 8086 4919 027F CFF5 06EB 0EEA 0CCF D61C
1BC3B0: AC38 5C68 C8F8 00F0 8BE0 C080 10C2 9BEB
1BC3C0: 14FF 8B5B A77D A9FD CB76 FF64 3E75 1B3A
1BC3D0: 051C 0BE7 2780 80CF 0908 3500 2C1E 07F5
1BC3E0: FCE0 F886 0008 FFF1 0166 0759 DE86 7C80
1BC3F0: 5006 ABFE F820 0080 8380 1584 CB01 00C2
1BC400: 8269 0032 9049 36F7 9E8E 9F8F 87CE C0FB
1BC410: E5E1 7EFF 81F0 6FC2 7F00 3FA1 1E00 1FFF
1BC420: 74EA 00CF 51FF 4BBF FF0F F29E E4BC 5070
1BC430: A0E9 3104 3000 4455 4C58 E0C0 EC40 AE5F
1BC440: 908B 06F0 4F7F 101F 0707 8010 0254 3F0F
1BC450: 8F28 05B2 FE08 F8E0 E088 0F01 CCF0 A023
1BC460: 071E 090F 0407 0203 018E 1402 5507 038C
1BC470: 940D 13ED 11EE 807F E01F FFF8 C7FF 303F
1BC480: 803F 00D0 81F6 8841 0EFF 40C0 BFFF C07F
1BC490: 1FE0 FF07 FBFF 0CFC 8049 01A5 3F83 CF09
1BC4A0: 54FC F000 FFB8 D030 E0E0 84FB 8B5A 0155
1BC4B0: 20A8 8301 F80F 81CC 9CEB 03F8 FC20 E088
1BC4C0: 0A00 C0BB 7903 F87F 1B1F 8812 0004 851A
1BC4D0: 01E0 00F8 00F8 008B 8D48 F8EF 088B 33E4
1BC4E0: 58FF DF46 6727 4B2D 533D FF00 0070 787C
1BC4F0: 7E3F 787E 701B 2013 0003 AF00 80F0 8018
1BC500: 10FF 0C08 E604 F6C4 FBE2 C200 00E0 A2F0
1BC510: F8FC BF01 0701 0806 1908 DF27 1B17 2E06
1BC520: 4E2F CA83 C615 072A 0F1F 1EBF F0F8 F01C
1BC530: 18E6 04FF FA90 EB9A E31A AD96 8019 13E0
1BC540: F8A3 ECE4 6008 EF00 0018 1C08 7A00 7F20
1BC550: 3518 1E81 2784 6B0A 0804 04FF 1434 0E1E
1BC560: 0307 018C 3618 0A80 4080 0003 8080 EF04
1BC570: 000A 1F02 3B16 FF25 001F 0406 0007 0287
1BC580: A40B 0404 0616 FE1E 1E02 0603 0301 C02A
1BC590: 00C0 F8D4 E000 0BFF 4B3D 2914 321E 350F
1BC5A0: FB1A 0785 E003 0100 9B03 82A9 1118 540C
1BC5B0: 0700 CFFB E2F5 061A 1CFF 06F8 1CE8 F881
1BC5C0: 5106 8AFC F8E0 D500 0484 AA1C FF5F 2F5E
1BC5D0: 2C5F 3CED 59FF DA63 8907 A738 F800 A31E
1BC5E0: 1F3E 70BF 3C78 7840 6080 530B 61DE 26FC
1BC5F0: 5EF4 5CA8 FAF8 90F0 819F 0AE1 2008 0070
1BC600: 5460 8000 F803 96A7 89A3 0CBF A0D8 80E4
1BC610: 405E 24FE 7E20 3810 86B1 0DFF C0C0 60E0
1BC620: 3878 2024 F410 3000 10C8 291D BEA0 E080
1BC630: D800 A4FE DC68 F840 5000 20EF C0C0 4060
1BC640: 6078 78D7 2068 6020 0000

[17: GraphicData_DarkLich_Layer2Body]
[26: GraphicData_DarkLich_Layer2Body_Alternate]
1BC64A: 0100 0BE1 0000
1BC650: 8000 282F 0719 0724 1CFA 2918 4330 6766
1BC660: CB00 0007 1C03 F018 0730 0FEF 0000 F01F
1BC670: E00C 0FFF C506 8708 6F70 DFE2 801B 23E0
1BC680: 0FF0 FF06 F809 F176 86E9 09C2 0000 FCD7
1BC690: FF18 6C80 FBF4 C000 00FF 2020 1111 7A7A
1BC6A0: 0606 EF90 417F 0478 03BD ECBC B107 C4F6
1BC6B0: CA00 0003 04FF 0018 B04E 043B 0609 FE60
1BC6C0: 2061 2173 3372 FB7A 3B46 2744 5437 FC20
1BC6D0: 1F21 1E33 0CF3 3B04 2718 3708 FFFF C6AD
1BC6E0: D057 A07D A2FF 7CA3 F32D F841 F04F FCD1
1BC6F0: 11F7 34AF 227D 236E 6C5F 415F FFF6 69F4
1BC700: 0BE8 572C 17FF 5DAD D0AC B04F E01F FF8C
1BC710: 8CE8 E898 98D4 10FF BDB2 2023 6060 4040
1BC720: C000 FF1F 7F60 023F 1487 8093 4D1F 8020
1BC730: C004 78FE 5437 3417 2D1E 252F 2123 1C22
1BC740: 1DCC 1708 1E00 0C0D 01FF A557 ED0F EF1F
1BC750: 45BE BFF9 C9B8 E3A8 D649 FF5A 5252 42D0
1BC760: D0BA BAFF 8686 B6B0 9E88 3D09 F3E0 1FA0
1BC770: 5F60 9FCF 40BF 4CB3 D22D C380 5B7F C0C2
1BC780: 8080 8CFD 2EE1 02F0 00FC FF02 3EF5 211E
1BC790: 000F 0300 171E 7F01 FECE 130D 1B05 0BEB
1BC7A0: 0E01 0602 0300 E80D 0105 0100 FFC7 399B
1BC7B0: 65BB 45E7 19FF FF01 C339 9365 C221 D57D
1BC7C0: 3D65 4519 5501 3965 61FF 936E 8F77 8A76
1BC7D0: 857B FF83 7C80 7FB0 4FC8 37EF 0E00 0706
1BC7E0: 0103 0097 0003 0130 00FF 63E1 CE00 314E
1BC7F0: C502 FF5E C0D7 3079 C43C FAFF 1DFC 1730
1BC800: 314E 8102 FDFF C03F 300F 04C3 02F9 C203
1BC810: 0001 2000 C301 0181 C530 FFE6 1DAE 0DD3
1BC820: 24E3 3CE5 FD16 FF10 1FFF 7939 7101 BDA5
1BC830: 9D9D FFCA CA48 484E 4E40 40FF C43B B754
1BC840: AB59 D128 FFC8 34C6 39E1 1E81 3C0E 3800
1BC850: 1408 1906 8887 FF84 8381 80C0 C080 237B
1BC860: 1EFA 7DF8 8B40 8570 EFFF 0201 B17C 7984
1BC870: FD02 7900 FB70 378F CF02 FD7C 0304 83F7
1BC880: 770F 7F00 0E57 2FAB 535C 5A51 28BF 282F
1BC890: 2F21 2128 28FF 2C2C 2323 2525 2F28 FFE8
1BC8A0: 17B4 4BF3 0CF6 0FFF D9A4 5629 51AE D02F
1BC8B0: FE40 4068 60AC A0AF FC24 23A1 20A0 A0EF
1BC8C0: 0EFA 0419 E2EE 18FF F904 ADB3 F20D 01FE
1BC8D0: D702 7939 0518 07FE 04FB B340 80C5 2EFF
1BC8E0: 5328 5027 5D22 5B24 FE6D 123A 013D 001E
1BC8F0: D52F 2827 222C FF37 3617 131B 180B 0AFA
1BC900: B04F 60DF 6260 3E30 CFB0 6F90 F5E0 81EE
1BC910: 1E46 403D 6060 A020 21C2 00FF 01BE 4800
1BC920: CF50 DF88 C500 0001 496D 7830 20F8 FCCB
1BC930: 8015 3100 FEE0 02FF 0056 0002 0101 D500
1BC940: 0204 0040 FF0D F247 FA07 7A87 FABE 070D
1BC950: F20F F44B FE06 2602 4282 8202 7D42 0606
1BC960: 0584 44FE 0F81 7F91 5100 F0A0 0518 FB90
1BC970: 6FB8 C7F8 E857 6F17 F8B8 4780 7FFC A0A0
1BC980: 3030 1010 3C30 3083 0C51 20FF 00B4 1000
1BC990: DFFF 4420 007D 1020 A000 0020 E806 FF41
1BC9A0: 002F 010E FE06 FFD5 000E C341 001F 1101
1BC9B0: 1F00 0FFF 0BF4 0EF0 1F63 176A 7768 1D6A
1BC9C0: E201 FEDC 0505 8488 C83D 8CCC 0080 04EA
1BC9D0: 807F A080 81F8 423E 413F 40D4 8042 0601
1BC9E0: F101 0700 0100 90B4 36AC 8008 817E D000
1BC9F0: 0200 54D0 0800 42FF 40A3 0100 807F D100
1BCA00: 2000 6050 0300 C201 FE81 FB41 7E82 FC02
1BCA10: 827C C400 0080 F180 E000 8000 C021 1EEC
1BCA20: 82E6 0112 0C82 FE21 00EF 817E 858B 7A85
1BCA30: 7EB3 8182 7C42 3CDF 0000 0404 0E00 0440
1BCA40: 00CE 807F 513E 410C 211E 812A 0010 83C5
1BCA50: 0882 7C84 7844 380C 2418 9034 03C3 0A04
1BCA60: 0680 960F 8000 00CE 423C 621C 2233 120C
1BCA70: 0A04 C100 A037 0621 1E22 1C32 8022 800D
1BCA80: 0B10 4000 CC24 1814 0832 1800 1080 2A00
1BCA90: CC90 3401 8202 9135 9015 00C8 B015 A0DA
1BCAA0: 0782 F885 7D82 7F80 D580 DA04 0002 F402
1BCAB0: 0780 CE00 E084 1019 3848 BF40 D000 0400
1BCAC0: 5410 0800 4BFF 01C0 7EFE 847C 807E 817F
1BCAD0: 80D3 81BE 0401 43FC 030F 830A 0C01 CC01
1BCAE0: FE02 FCFC 427C 02FC 04F8 8075 0180 F4A0
1BCAF0: E40B F080 7F40 3FCF 413E 423C 4438 A0E7
1BCB00: 0A40 BF48 9477 887F B080 817E 80E5 0408
1BCB10: 081C 0008 80AD 0840 BFD0 3FC0 E0C2 3D42
1BCB20: B0E6 09CF 04F8 08F0 10E0 3020 C090 3308
1BCB30: CF48 3050 2030 0022 1090 F209 827C 8C78
1BCB40: BC84 8C70 4830 8064 803A 0BC3 4639 4A31
1BCB50: 3F51 2091 60A1 4090 2C04 CC40 8080 0090
1BCB60: DD09 E358 2051 6300 8A22 2420 80DE 02A2
1BCB70: C180 953F 5F2B 0103 0201 BF07 0D02 0E01
1BCB80: 0F00 8400 0151 0307 02FF 7C00 FF08 5223
1BCB90: 7F2E FF5F 00DF 80FC 23FB 27DE 0000 2C8C
1BCBA0: AF80 ABA4 2327 2F2F EF3C 00FF BB75 EEF4
1BCBB0: DFFA 0100 3FC5 DFE4 D600 0034 F501 AB04
1BCBC0: C5E4 F4F4 EF04 000C FC08 E890 FF1C 60B2
1BCBD0: BC0D 161F 9280 BD10 08B0 FF80 E040 FCE0
1BCBE0: FE60 F6E2 0F00 0703 8F84 285D 0502 D400
1BCBF0: 0402 013A 0103 0302 FFF7 2FD7 0FDF 13CD
1BCC00: 0BFF E601 7784 FB80 FF83 CF2F AFA3 B7B3
1BCC10: BBBF 9B89 BD84 9CC0 C8FB C54A E720 C7EA
1BCC20: 0CFF F21C E618 6C90 BE40 E730 7A18 BE10
1BCC30: BCFF 009C 80DC C0D8 40DC CB07 0003 FE01
1BCC40: FFE7 1893 6C7F 800B F4EC 84C4 1A01 01FF
1BCC50: 2039 107C 7AFA 06F6 FF7F C3FF 21EF 19FD
1BCC60: 06FF FE01 7F80 FF8C 8029 2DE0 F0F8 F89C
1BCC70: BC86 8ED7 8183 81C1 C1E1 EBE6 18EF FF77
1BCC80: 98FF EF10 EB14 DF24 FF04 FC40 DC00 DA80
1BCC90: BAD5 00BC 7C7E 2EFF 9685 B708 A857 ECD3
1BCCA0: FF5D A250 AFB5 B700 EC85 B707 D814 D4FF
1BCCB0: BFBF 23A3 95B7 8039 3EF7 19FB 15BF 42D3
1BCCC0: FF00 106F 94FF 3979 1D1D 5557 5256 FF40
1BCCD0: 4250 5474 7414 3CF3 FB04 F708 EF13 FFFA
1BCCE0: 057A 850D F207 F8D7 012D 4DA9 005B FF85
1BCCF0: B584 8506 0602 02FF 95AD 0CAC 537E 81FF
1BCD00: 5FA0 4FB0 4EB1 C738 95B1 0FCC FB82 8E87
1BCD10: 8783 8183 FF37 CC1B E51C E396 BF0F F9CF
1BCD20: 307F 80C7 FDDF 0D1D 0D07 0F03 07FF 8268
1BCD30: 0413 80CC FDFF C589 0AF8 07FF FC03 B748
1BCD40: BB46 9967 82B4 3C01 0333 7F3B 1C1C 0F1F
1BCD50: 070F FFDE 3FF7 0FBD 8386 813F C5C3 EB27
1BCD60: F58F FF7F FF1F 3F43 C779 FBAF 7B3B 1777
1BCD70: 8FFF FF8C 7387 7881 7EC0 3FFC C837 DC23
1BCD80: FF00 F703 83C8 6602 8083 1F89 C0CC 464F
1BCD90: EDFF FD03 FD03 83FF C6C1 66E1 3BE5 FE07
1BCDA0: EFFF FFFD 337F 0387 EF3B FB19 05E7 0F1F
1BCDB0: FFED 13B7 48F1 0EF0 0FEB 50AF D050 D02F
1BCDC0: FC43 4760 61A0 A088 20A0 FFFD FBBF 41F3
1BCDD0: 0C03 FCF0 01FE 00FF BFFB E3F3 010D 0001
1BCDE0: 4000 2B07 1924 03FA 2907 430F 6766 8766
1BCDF0: 0407 1F20 3FAE 8070 0901 03EB 0503 071F
1BCE00: 271A CC93 4916 C303 031A 1BFE F000 58E0
1BCE10: D5E8 D7FF B6C9 6D92 FE01 FD03 FF83 A80C
1BCE20: F0E8 F8ED EDEF CBFB 9A31 F34B FB87 DB0C
1BCE30: C0E0 80FF B0C0 9360 7D80 BAC0 C380 0E33
1BCE40: C0EA E0E0 60A3 C7FF 601F 611E 530C 1A34
1BCE50: FEF2 7C2E 70FC 000C 823F 7F20 FFFF 5F38
1BCE60: B778 FE61 F340 FCCC 0310 0F20 1FFF 393B
1BCE70: 7C7E 7171 977F 4500 FFEF 11DB 355A B5ED
1BCE80: 12FF FD02 4FB0 749B 6799 F77B 7BB5 FDB5
1BCE90: B6B6 FF0B 7B34 373B 3B1B 7BFF FCC0 E7D8
1BCEA0: ACD3 FAA7 FE97 6ED9 267F 8073 FFC3 E0DC
1BCEB0: DCD3 DFAF BFDF 6E7F EF90 80DE C183 2219
1BCEC0: F4CD 30BD 70BB FD79 E0D3 A2C1 FDFF 000F
1BCED0: 8076 70F0 8FF6 EDE1 DDC1 8836 0A40 3F81
1BCEE0: 7EF3 837C 8778 8F70 93A1 04FC E419 F708
1BCEF0: 80D5 05DD 1919 1B00 1983 C205 F7BF C1DF
1BCF00: E060 8011 08FB E5E1 E0F0 E303 E0C8 85CD
1BCF10: 22F6 4381 C301 0583 CB86 0182 8300 F8BD
1BCF20: 817D 01F9 00FC 8F70 4F30 4738 FC43 3C81
1BCF30: 7E80 3FC0 93FF 0480 FF03 7F80 9055 0083
1BCF40: 82EF 07EF FF00 FB1B 07DC 3F88 EE01 01A8
1BCF50: 822D 1DBB AB73 8063 E100 BFD1 70C0 3000
1BCF60: 10A0 E3D1 01C1 C000 8FE0 20C0 A040 CB01
1BCF70: 0084 0A09 FF06 0004 030A 0508 07C8 8031
1BCF80: 0BAA 0302 0604 EB00 7F80 0001 FE81 C100
1BCF90: C294 3100 CE83 4202 00FE BF81 1D07 FB04
1BCFA0: FE00 8200 012A 81AE 17FE B27D 9F60 F100
1BCFB0: 000A 0106 80FF 0AFE F8EE 2080 60A0 0020
1BCFC0: A881 500B 80C0 A080 00F8 0805 0C02 04CC
1BCFD0: 86C5 1700 A006 0180 00FF 03FC 07F8 3EC1
1BCFE0: FB07 FBAA 1BD4 37D0 733C EA80 6D05 071F
1BCFF0: F37B 0477 8107 3EFF CC30 9B60 5DE3 B3CF
1BD000: FE44 B810 E0E3 003F A07F FF02 C0AF 08D0
1BD010: 7080 A0C0 CA60 00C0 80A2 F0E0 C00A 8000
1BD020: EE97 38D6 EC30 EDE2 F920 DA94 C27F 007E
1BD030: 227C 78AA 2040 80A5 01A8 C090 040A 7454
1BD040: 287A 1018 0008 0088 3895 D007 BF06 1B06
1BD050: E41E 8A7C 811B 063D 0606 1F1F 7FFF 8108
1BD060: 0C41 5F3F 261F FE15 0A8C 0043 81C2 8170
1BD070: 0621 611F 3F0F 1FFC 835A 1203 8181 F880
1BD080: 0040 8020 FF60 00A0 40E0 C0D0 E0FC 85C3
1BD090: 8869 1603 E0E0 FF79 061E 0305 0202 01EF
1BD0A0: 0100 394E 10CE 6EF3 001E 95F1 3F4F 0039
1BD0B0: 397F 7FFB A3C0 D1E0 79F4 80FF 6DE8 8D18
1BD0C0: 9B7C FFBC FFC1 C1E0 E0F0 F078 F8BF 1878
1BD0D0: 783C 7C9C BCFD 78E0 28F0 08E0 10EB 98F0
1BD0E0: F838 DCB8 EAF0 F070 30F0 0378 F881 A607
1BD0F0: 20BB 7050 2070 7830 80A5 04C3 2020 3030
1BD100: 8803 0407 010C 0707 8639 043F 0101 0407
1BD110: 992D 0FC4 EA39 C6EE 01C1 00A0 0100 F5D7
1BD120: FF00 EE85 F75A FF5B B4AD 58E3 827F DDFF
1BD130: AF5D BA1D 6728 A56D FB8E BEC6 DE5E 1DDD
1BD140: BF0D 4D5D 1D3D 127F FF6C D0B8 708F 88FA
1BD150: F1FF E5E3 D7D3 30B7 387B 7FF8 0070 F8F8
1BD160: F7F7 CAFF FFFB FCEF B870 F854 783C 60FE
1BD170: 8880 D8E0 F000 C0EE 7070 30B8 F898 CFF0
1BD180: F096 7166 FFCB 266F 1033 0106 03FF 0D02
1BD190: 1708 1D02 1B06 F510 7F00 3001 0314 0C0E
1BD1A0: FF5B 7C66 58BC 68C8 30FF B040 E000 9060
1BD1B0: 58E0 CFBC FC10 7800 3057 C000 E030 F0FF
1BD1C0: 170C 2D1E 3E09 771A FF3D 730B 0717 0F08
1BD1D0: 00FF 060E 0E1E 0C1D 183B FDF9 FB73 7707
1BD1E0: 0F07 FB28 F070 C0A0 E080 8381 BB07 FC70
1BD1F0: F060 E0C0 C0C3 86B3 0000

[05: GraphicData_DeathMachine_ChainSawAndDrill (Dummied Out)]
1BD1FA: 0300 074E 40FF
1BD200: 300C 281F 170F 1007 FF08 060A 0705 0306
1BD210: 01C5 001F 0708 4507 0300 FFFC A034 C898
1BD220: E0E8 10FF D020 50A0 A040 E000 F5A0 1800
1BD230: F0C0 0015 C080 00F0 0101 0000 3C0F 0800
1BD240: 8009 3F02 0000 7D01 0810 0004 00FF F06C
1BD250: E89F 370F 3E00 FFFF D8CF 4C02 0018 10ED
1BD260: 601F 8000 0741 FFD8 004C 3000 0D10 00FF
1BD270: FDA1 37C8 9CE0 F800 FFFE 02E7 6460 203E
1BD280: 0EF5 A180 540E C204 FE02 0064 1020 000E
1BD290: FCF0 30C0 4080 5A1E E020 0000 A830 4000
1BD2A0: 2820 00BF 1F23 1B27 0838 10BF 2F2B 1637
1BD2B0: 0015 07FE 0000 0C80 6E27 003F 0C02 020A
1BD2C0: 0F0F FFF0 00F8 F0FC 080E 04FF C702 E7C2
1BD2D0: 6782 A742 C000 002D C000 C040 FF07 000F
1BD2E0: 071F 8039 08FF 5100 A240 A500 7B23 8019
1BD2F0: 0DB7 2040 4102 0107 FFC0 00E0 C0F0 2080
1BD300: 1B07 DC08 6EC4 B560 CA24 801B 063F 4080
1BD310: 2240 0130 8009 0302 8080 0088 001A FF67
1BD320: 1A37 0A16 0B26 1BFF 3509 170A 271A 350A
1BD330: F318 1808 0818 18EF 0A84 050C 0808 FED8
1BD340: A0C8 B0D0 A0D8 FB48 3080 050B 48B0 FC20
1BD350: 2030 3020 20F3 B030 8408 00C0 8844 07C2
1BD360: 9060 D034 B020 6080 0D06 2440 40DD 0201
1BD370: 0081 3E02 8000 4E85 4402 00CC 4080 6B90
1BD380: 6D04 003F 6040 2080 F904 007A 3840 0084 
1BD390: 0703 0054 1804 9088 3115 061D 053F 004B
1BD3A0: 2BCF 4014 5804 7D00 FE0E 0E07 0F00 0014
1BD3B0: CF1F 3F07 2700 02FB 2742 E702 FF97 DADF
1BD3C0: 3D50 5235 4C7E 00F6 80C0 0080 4212 DFBA
1BD3D0: E0E2 82C0 0080 FF2D 1716 0F0F 0302 009E
1BD3E0: 0381 AF33 01EF 0607 0301 0300 0162 0001
1BD3F0: 00FF DD8A B69D 7B3E FD66 FFBF 82DF E76F
1BD400: BD3E D7FF 88A0 14C0 228C 581E FFFE 3C3C
1BD410: 78D8 F070 E0EE 4080 81F4 0AE0 FF10 E0B8
1BD420: 40C4 B8EE D0F0 851E 08FF E0E0 4040 3838
1BD430: 1010 8CE4 0DFF 140B 2403 340B 1502 FF25
1BD440: 1A35 0281 3201 03FC 8521 0500 08F3 1800
1BD450: 0085 3010 50A0 5848 8050 A0FF 5880 48B0
1BD460: D080 D8A0 CF85 2015 0020 3C30 0000 206F
1BD470: 0001 0201 0F00 FF31 0D55 06AB 12FF 810F
1BD480: 06FF 010E 383F 7C7F 8057 3490 20F0 00A8
1BD490: B018 50FF BC60 D2AC DFA0 FF00 AB40 0040
1BD4A0: E040 B740 800C 0E00 00BF 0F09 020A 030D
1BD4B0: 05ED 0C04 0D07 0201 D300 0007 0403 0F02
1BD4C0: 815A 31BF FF7F 40BF 20AF C8FE 7579 1F8F
1BD4D0: 4FE0 58FF 0000 4080 20C0 08F0 F501 FE00
1BD4E0: EFF0 FFFF FF00 FE02 FD04 F513 FFAE 9FFE
1BD4F0: F1FC 0370 5F80 210D 0201 0403 100F F780
1BD500: 7E00 F000 5080 825B 0890 6050 E0B0 8008
1BD510: A0F3 80A5 05C0 6080 4800 40A4 7100 0FA4
1BD520: 7100 1080 51FC 72FC 728C 7202 0AB6 B880
1BD530: 5A80 7204 4D00 4009 0491 630A B76B 631D
1BD540: 1D02 0807 FE07 0084 E20C 00FF 2848 1C1C
1BD550: 0202 0707 FC00 0088 0F25 71EE FBB4 E4DA
1BD560: D26C FF41 BE24 DBD2 0D89 16FF 0E0E 0404
1BD570: 0303 0101 FF80 80C0 C020 2060 70EA 0000
1BD580: 89CB 0720 B840 44B0 EEC0 CF80 0E85 CD00
1BD590: 2083 7783 2B1C 10EE 3409 1425 0A34 FE13
1BD5A0: 0C20 173B 0006 CF0A 081A 1A0B 0AFF 0C0C
1BD5B0: 0F1F 0482 8B1B BE48 5020 58A0 48FE 9060
1BD5C0: 30C0 6000 C0F7 B030 A020 A0B0 B0FF 6060
1BD5D0: C0C0 8447 0080 86D9 0800 C220 C0A0 3460
1BD5E0: 40C0 86F1 0380 80F8 0286 6C02 8000 4480
1BD5F0: A138 FEBF 6079 FE9F 7FC0 FFE4 17B0 7F6F
1BD600: 1F70 2FC7 00FF BF40 00F7 0870 007F 3F20
1BD610: 10EF 705F 61EE F773 9FFF E39E 1BFC EAF4
1BD620: E2BC EF50 8041 06F8 1000 F780 5804 FEF8
1BD630: A000 F780 6784 B01C 2000 A040 0000 F27E
1BD640: 0107 0001 A902 0408 08D5 0081 0900 0657
1BD650: 011B 0408 1094 6406 EAFF 0073 0100 4784
1BD660: 6002 9500 8C82 F78C 5D07 9CFC FF00 C202
1BD670: 0000 945B 03BD 0002 3D80 B517 F27E C0E0
1BD680: 0080 AA40 2010 00F5 C001 0010 0040 55A0
1BD690: 502E 0840 939B 0A00 FF75 0B23 191D 0008
1BD6A0: 01EA 857D 0400 BF08 1804 A57A 2151 CC8B
1BD6B0: C429 1689 26FF 718C 0578 9660 7C00 FF2E
1BD6C0: 0E34 04D6 1676 26FF 868E FAFA 4868 0098
1BD6D0: 0008 AF01 0305 031F 00FF 219E EE01 111E
1BD6E0: 92EE 0D20 40E0 0070 4038 A0FF B468 DCA0
1BD6F0: F883 C602 AB80 0083 7D04 F640 4880 08CD
1BD700: 5E10 FF0F 001F 0F3F 1070 20EF E040 E7EE
1BD710: 45ED 4680 1619 0D04 0302 FFFE 00F1 F4FF
1BD720: 022D 12FF 3F1C EF00 619E 7010 FE00 000E
1BD730: 81C3 0F0C 3F1C 0C00 CE8E 8FC2 0000 DBFF
1BD740: B649 0082 9601 F6F7 8034 02FE 4949 800A
1BD750: 0D00 0882 006D FFDB 0400 D5FF 0003 FF80
1BD760: 1604 FC24 20E4 FB82 A709 B0BF 6C06 78F3
1BD770: 0C09 34C0 8795 0890 F8F8 0C0C F636 C000
1BD780: FC00 83A5 0D03 0502 0A06 0904 AE0B 0A05
1BD790: 0001 8A83 ED03 DB00 0103 8535 0D30 40E8
1BD7A0: 1014 D8E4 08FF F4C8 D408 2881 8000 AF82
1BD7B0: 9C07 C010 00DB C020 F0E0 801F 17EF 41EE
1BD7C0: 45AB 059C 60F8 935C 7E00 00FD 0101 0307
1BD7D0: 4501 43E0 2080 1A0D F150 3090 E1CE 7310
1BD7E0: FEE3 0C21 101F 8010 084E 4ECE CFDE CE8C
1BD7F0: CCF4 80DE 060E 00FF CF38 F6F7 80CE 04FF
1BD800: FA6D 92DB 8135 012B 0880 E802 F092 9280
1BD810: 1102 1CE3 0384 E80C AAF8 B608 6D00 0003
1BD820: C9F7 F049 4180 160B 2AC4 0B34 F10C 02F8
1BD830: F8DA 04B6 800E 0A14 04F4 340E 0EFC FCF0
1BD840: 2024 FCE1 8400

[23: GraphicData_SlimeCrystals]
[2B: GraphicData_SlimeCrystals (Dummied Out)]
1BD846: 0F08 0810 00BF 3C76 086E
1BD850: 184E 38EB 0800 1C3C 7E08 25FF 1828 C000
1BD860: 0000 0002 80E3 4237 5250 35FF 1034 D814
1BD870: 8061 A271 C3FF 08FD 0A77 8AFF 4922 FD16
1BD880: C280 0000 2080 80C0 5080 0082 001C EF2A
1BD890: 0836 6916 4037 EE1C 003C 7E08 FEEC FF1C
1BD8A0: EBFF 08C0 0000 0280 8000 0880 8000 0000
1BD8B0: 0000 0000 0000 0000 0000 0000 0000 0000
1BD8C0: 0000 0000 0000 0000 0000 0000 0000 0000
1BD8D0: 0000 0000 00FC 4F38 4639 443B 3E4C 3348
1BD8E0: 374A D4FF 4888 0800 C080 0000 20C0 00FA
1BD8F0: BA7D B877 B0A3 FF13 722F 6747 1F17 01C0
1BD900: FD0A FFF8 0FE8 1FC8 3F39 0ECF 8000 A020
1BD910: F8B8 FF66 7E3B A747 FFBE 3EC0 C000 FF40
1BD920: 8000 C040 80C0 007B 3F80 7F83 1B78 FF2F
1BD930: 674F 1FAF 817F 7FC3 FF00 F807 FFE0 1FC0
1BD940: 3F61 1E00 004F 80E0 A078 78FF 26BE 7BE7
1BD950: 873F FEFE C3C0 0040 80FE 00C0 4080 C000
1BD960: 0000 0000 0000 0000 0000 0000 0000 0000
1BD970: 0000 0000 0000 0000 0000 0000 0000 0000
1BD980: 0000 0000 0000 0000 00

[27: GraphicData_Explosion]
1BD989: 002A 0102 0480 00
1BD990: 2F01 0201 0403 C000 00A0 6000 0B07 3807
1BD9A0: F0E0 1F00 FF4F 00E0 E0DC 1CFF CBF3 0A0C
1BD9B0: 0203 0101 C200 00E0 BFFC 0FF0 03FC 01FE
1BD9C0: C000 003F 8080 C040 60A0 C000 000A 80C0
1BD9D0: 8000 3F01 0100 0002 01C0 0000 0A03 0782
1BD9E0: 0002 FFB6 8A6A 0A30 D028 CCCA 0000 023E
1BD9F0: AA7C F4E0 F082 001C BF50 0043 0117 0227
1BDA00: C000 0000 001F C0C0 E020 B0C0 0000 0240
1BDA10: 8200 01A8 0030 0000 0002 80A2 4000 6080
1BDA20: 0000 BD03 0804 0010 206C 0040 0040 FF07
1BDA30: 001C 0330 0F60 1FE0 403F C07D 0010 2000
1BDA40: 0804 6C00 0200 02FF E000 38C0 0CF0 06F8
1BDA50: E002 FC03 C300 0002 01FF 0004 1018 0008
1BDA60: 3028 CA00 0001 07F8 0C03 0807 18C3 0000
1BDA70: 4080 FF00 2008 1800 100C 14CA 0000 80E0
1BDA80: F830 C010 E018 C000 002F E0D8 E016 18C0
1BDA90: 0000 2BE0 F81E E0C0 0000 0000 0088 0810
1BDAA0: 2020 CC08 0710 0F30 201F C000 0000 40FF
1BDAB0: 005F 00E0 E018 1804 FFF7 F10D 0C02 02E0
1BDAC0: E0FF 00FF E01F F807 FC03 E80F 0003 01FE
1BDAD0: 90D0 7050 4868 78FB E8F8 E4F4 64E4 74F8
1BDAE0: E000 6080 70E0 F000 F8DF 0D0A 091A 1314
1BDAF0: 16DC 080C 2C10 39EA 0700 060C 0888 1000
1BDB00: FFC0 F81A F228 2860 63F7 47CF 8090 8E8C
1BDB10: 9CEA 0000 0C10 0000 5B24 1080 4020 D500
1BDB20: 0019 0400 0000 DF04 9060 0230 1238 CE08
1BDB30: 1E04 8E84 E060 0000 0005 1008 4104 0000
1BDB40: 0057 1008 181C 00AA 0242 2200 0000 7340
1BDB50: 4020 2010 FE10 0C0C 0303 0000 F3C0 3FE0
1BDB60: 1F70 0FFA 7C03 3F00 1F07 F300 0202 0404
1BDB70: 08FE 0830 30C0 C000 00F3 03FC 07F8 0EF0
1BDB80: FA3E C0FC 00F8 E0FF 3028 1814 1211 0808
1BDB90: FC07 0701 0100 00FE 1807 0C03 0F00 0780
1BDBA0: 00FF 0C14 1828 4888 1010 FCE0 E080 8000
1BDBB0: 00FE 18E0 30C0 F000 E080 00FC 0302 0101
1BDBC0: 0000 00FC 03FC 01FE 00FF 0063 0080 4080
1BDBD0: B8C0 2040 60E2 0000 80C0 3060 80C2 2000
1BDBE0: 100B 080B 07C3 201F 100F 0F08 070F 0080
1BDBF0: 00FF 1519 5767 A8C8 5090 C000 FFFE 1EE0
1BDC00: 7880 F000 E0FF 3838 2CCC D4C4 2A22 FF02
1BDC10: 020A 0A02 0204 04EA C000 F038 1CA2 0C04
1BDC20: 00FF 0474 5424 3404 3808 BF08 4848 5050
1BDC30: 7070 CAF8 0078 702A 3020 00CF 1039 183C
1BDC40: 081E FF02 1705 1500 0802 0AC0 0000 8808
1BDC50: 04FB 90B0 A0E0 6040 4031 0080 0000 0030
1BDC60: 0103 FF02 0B00 0D07 1B1A 01C0 0000 2802
1BDC70: 00FF 868C 0E9C 081C 9498 FF70 6828 10D0
1BDC80: E0A0 C0C0 0000 0015 0800 405F 000C 0448
1BDC90: 4C00 8000 003F 0220 0022 2046 FEC4 0E08
1BDCA0: 0C00 0020 8000 0000 BC03 0403 0807 C300
1BDCB0: 0001 01F3 0707 0F0F 1F1F C000 00BC C020
1BDCC0: C010 E0C3 0000 8080 F3E0 E0F0 F0F8 F8CB
1BDCD0: 0000 0309 07EC 170F 1F2F 1FCF 0000 0303
1BDCE0: 0F0F CC1F 1F3F 3FCB 0000 C090 E0EC E8F0
1BDCF0: F8F4 F8CF 0000 C0C0 F0F0 CCF8 F8FC FCFF
1BDD00: 0300 0E01 110F 0F3F EA3F 7FBF EFA3 FF03
1BDD10: 030F 0F1F 1F3F 3FF0 7F7F FFFF FFC0 00D0
1BDD20: E0A8 D09C F8CE FAFC FDFE EFFF C0C0 F0F0
1BDD30: F8F8 FCFC CCFE FEFF FFFF 0403 0202 0101
1BDD40: 0000 00A8 0701 0000 FFB0 3060 60E0 E3D3
1BDD50: D7FC 3434 0303 0000 AAC0 8000 20A0 0300
1BDD60: FF04 0408 0890 90C6 C6F0 8686 0000 0000
1BDD70: FF60 6040 4080 8000 0000 0000 F402 0600
1BDD80: 0200 0000 003E 0404 0818 0040 0000 00E6
1BDD90: 0140 2000 0000 0000 A0C0 0000 0000 A866
1BDDA0: 0300 0000 00A8 C080 0000 0000 FE08 0704
1BDDB0: 0303 0000 00F3 1F1F 0F0F 0707 F001 0100
1BDDC0: 00FE 10E0 20C0 C000 0000 F3F8 F8F0 F0E0
1BDDD0: E0F0 8080 0000 EF37 0F13 1807 0C03 E003
1BDDE0: 0000 CC3F 3F1F 1FFC 0F0F 0303 0000 EFEC
1BDDF0: F0C8 18E0 30C0 E0C0 0000 CCFC FCF8 F8FC
1BDE00: F0F0 C0C0 0000 FFDB 37B3 7F59 3F2A 11EE
1BDE10: 1403 0403 0000 CCFF FF7F 7FFF 3F3F 1F1F
1BDE20: 0F0F 0303 FFED FEDA ECAC C060 80FE A8F0
1BDE30: 50A0 8000 00C0 FFFF F3FC FCF8 F8C0 C0

----------------------------------------------------------------------------------------------------------------------------------------------------------------

[00: GraphicData_GenericBossSkillOrb]
1BDE3F: 00
1BDE40: 3F01 0102 0205 04C0 0000 2A01 0306 8000
1BDE50: 3F80 8040 40A0 A0C0 0000 2A80 C060 8000
1BDE60: FF01 0105 0601 050F 0AC0 0000 FF01 0207
1BDE70: 0006 080C 0080 00FF 8080 A060 80A0 70D0
1BDE80: C000 00FF 8040 E000 6010 3000 8300 0303
1BDE90: FF09 0E04 0812 1B19 12C7 0000 0303 0CCC
1BDEA0: 0F10 1C20 C300 00C0 C0FF 9070 2010 48D8
1BDEB0: 9848 C700 00C0 C030 CCF0 0838 04CF 0000
1BDEC0: 0303 0C0F FF12 1C15 192A 3325 36DF 0000
1BDED0: 0303 0C0F 10EE 1F20 1E3C 4038 CF00 00C0
1BDEE0: C030 F0FF 4838 A898 54CC A46C DF00 00C0
1BDEF0: C030 F008 EEF8 0478 3C02 1CEF 8300 0C10
1BDF00: 2333 0CCC 4F10 9F20 EA83 004F 1C20 8860
1BDF10: C0AF C130 08C4 CC30 CCF2 08F9 04EA C100
1BDF20: F238 0488 0603 8000 0000 0403 4000 CF01
1BDF30: 0102 0303 02C4 0000 01CD 0102 0384 E4C0
1BDF40: 0000 0301 01C0 0000 1307 0106 C300 0001
1BDF50: 01F0 0202 0000 1701 0301 02F5 0200 0080
1BDF60: C000 0000 0000 0000 0000 FF05 0502 0201
1BDF70: 0100 0000 AA06 0301 0000 FFA0 A040 4080
1BDF80: 8000 0000 AA60 C080 0000 FF0E 0B01 0505
1BDF90: 0601 01C0 0000 BF0C 0608 0700 0102 C000
1BDFA0: 00FF 70D0 80A0 A060 8080 C000 00BF 3060
1BDFB0: 10E0 0080 40C0 0000 FF19 1212 1B04 0809
1BDFC0: 0EF0 0303 0000 CC1C 200F 10F4 030C 0003
1BDFD0: 00FF 9848 48D8 2010 9070 F0C0 C000 00CC
1BDFE0: 3804 F008 F4C0 3000 C000 FF25 362A 3315
1BDFF0: 1912 1CFC 0C0F 0303 0000 EE38 403C 1E20
1BE000: 1FFD 0F10 030C 0003 00FF A46C 54CC A898
1BE010: 4838 FC30 F0C0 C000 00EE 1C02 3C78 04F8
1BE020: FDF0 08C0 3000 C000 CC9F 204F 10FE 330C
1BE030: 1023 0C00 8388 C060 AA20 1C4F 83CC F904
1BE040: F208 FECC 3008 C430 00C1 8803 06AA 0438
1BE050: F2C1 8000 0F03 030D 0ED1 0003 0100 1F03
1BE060: 030C 0F30 FFE4 E69A FC8C D040 60FD 6040
1BE070: A0C0 0080 00FB E618 FE00 FC60 803A E000
1BE080: C000 000F 0808 1010 D400 0602 000F 0830
1BE090: 1060 C000 0000 0000 0000 0000 0000 0000

[01: GraphicData_FireBreath]
1BE0A0: 3F08 0800 0004 05F7 0302 0103 0407 2AFF
1BE0B0: 0018 0800 0001 0522 EF03 4402 0628 2C50
1BE0C0: FF00 0010 1000 0020 A0F7 C040 80C0 20E0
1BE0D0: 54FF 0018 1000 0080 A044 EFC0 2240 6014
1BE0E0: 340A C000 0000 0000 0000 0000 7A03 0102
1BE0F0: 0201 8C00 0604 9503 1420 244D 0407 1020
1BE100: FF00 0040 C0A0 6080 40FF 0080 0484 1C5C
1BE110: 3088 FF00 A0C0 20E0 00C0 24FF 8044 8440
1BE120: DC20 7804 C000 003F 0101 0507 0A0E C000
1BE130: 007F 0301 0607 080E 11C0 0000 FC40 4080
1BE140: 8000 0001 70FD 40B8 8060 0080 70FF 6E52
1BE150: 6F59 7255 0F24 FF13 2A24 3123 3510 12EB
1BE160: 6180 6068 38C0 F33C 4036 4813 2CFF 50F0
1BE170: 4010 BAAB E56E FFA2 4CF1 11EE 1F77 88DF
1BE180: F009 0B5B 041F 0028 0E00 0101 FF05 060A
1BE190: 0C15 191B 13C7 0000 0101 06FE 0708 0F10
1BE1A0: 1E20 1CFF 080F 4C70 6787 981F FF6F 70BF
1BE1B0: C07F 805F A0EA 0F00 7FF8 E0A0 8000 6308
1BE1C0: 0804 0430 0000 C708 5516 040A 3500 0603
1BE1D0: 01FF C489 89CD 7745 0634 FF22 3213 1211
1BE1E0: 1000 01CF FE00 7688 37C8 FF33 4C13 6C11
1BE1F0: 2A01 3AC3 0000 0101 3000 0007 0101 0275
1BE200: 0600 0900 01FF 0303 1C18 5067 5798 FFA7
1BE210: C80B 2C30 43ED F9FF 031C 1F60 7880 E000
1BE220: BFF0 30C0 7C80 FE00 FE23 0457 783F 501F
1BE230: FF07 2829 3E15 1902 03F0 38C0 6080 CF30
1BE240: 401E 2003 0CFE C420 EA1E FC0A F8FF E014
1BE250: 947C A898 40C0 F01C 0306 01CF 0C02 7804
1BE260: C030 C000 000C 0202 C100 0001 4D03 0204
1BE270: 05C0 0000 0001 8041 0018 FF12 1411 1202
1BE280: 0C0C 09FC 0304 0101 0000 FE17 2013 2C0F
1BE290: 100E FD07 0801 0600 0100 7FC8 1874 619B
1BE2A0: 7E82 FF00 7F31 B12C 3300 00FE 3804 8C03
1BE2B0: 0700 01AF 80CE 3FC0 003F FF14 1A0A 1137
1BE2C0: 2618 2DBB 1965 4964 7F52 FE1E 211F 2039
1BE2D0: 4033 3273 8061 FA40 4080 8000 80F3 0808
1BE2E0: 1010 20B0 F540 A080 4046 5CF3 0894 10A8
1BE2F0: B048 FB03 0200 0101 0000 00F7 031C 010A
1BE300: 0200 0140 00FF FF80 7B44 AA3B A5C1 FC2E
1BE310: 3408 0900 002A 80C4 FEFD 3FC0 0932 0009
1BE320: 00FF 1F17 2434 3320 3522 FF22 371B 171D
1BE330: 1500 08F9 1860 3B40 3FC0 3F1F E01D E208
1BE340: D5F0 BFC0 5768 FF4B 7CAB 3CB5 367A B3E0
1BE350: 0000 802A C0C8 CC80 0000 0000 6C01 0100
1BE360: 0000 DC01 1A0A 0001 4000 0000 5501 0302
1BE370: 0000 FE04 0401 0200 0101 C000 00FD 07D0
1BE380: 0304 0112 20D4 0021 0100

[02: GraphicData_GasAttack01]
1BE38A: FF01 0202 0C1E
1BE390: 232F 4CF3 4B94 7FA0 3758 EA03 000F 3C70
1BE3A0: A2E0 C060 FF80 4040 2060 D8F8 24FF D432
1BE3B0: DA20 DE25 FD00 AAC0 E038 1CA8 0E06 0380
1BE3C0: 000F 0204 0508 C000 000A 060F 8000 AF03
1BE3D0: 0C11 0227 08C0 0000 AA03 0F1C 3082 0001
1BE3E0: AFC2 3291 42E8 01C2 0000 01AA C3F3 3319
1BE3F0: 8A00 F008 FEC8 2008 C030 00C0 8A00 F0F8
1BE400: AA18 38F0 C08A 0103 04C3 0902 0803 CA01
1BE410: 0003 0780 0CFF 3F40 1E21 DC02 1D00 FF9D
1BE420: 4089 54A1 003E 81EA 8000 C0E1 E388 237F
1BE430: BFFF FE01 7E81 7C02 FE39 4402 38C2 003C
1BE440: 8200 81AA 83C6 FE3C F020 8040 00FF 8010
1BE450: 1820 2840 4810 E060 00C0 AA90 3878 6880
1BE460: 002B 0E11 200E C000 002A 0E1F 3182 0003
1BE470: BE0C 1102 1304 93C2 0000 03AA 0F1C 1898
1BE480: 8F00 0408 C004 FF31 0089 40E9 00E4 10CA
1BE490: 0000 0CC4 AAF1 3919 0C8A 0078 84F3 3440
1BE4A0: 3248 8420 CA00 0078 FCA2 8C86 DCBF 0100
1BE4B0: 0101 0002 04F0 0401 0902 C201 0007 A006
1BE4C0: 0CFF 0431 4A80 B340 6804 FE09 9481 4C90
1BE4D0: 409F E2CE 00FF F3A8 6333 3FFB 3E51 7DA2
1BE4E0: 1DDF 63FF AA38 5512 300C 0000 A260 C080
1BE4F0: AAC7 6F3C 00FF 7F82 FF02 FC01 FE04 FF94
1BE500: F298 0460 9800 60CA 0100 0302 AA0E FCF8
1BE510: 6096 0904 0006 8800 01AA 0F0B 0F06 8800
1BE520: 01CF 2708 2304 3902 FF43 849E 213F 407F
1BE530: 008A 3038 3CA8 F8C0 808F E8CE 20D1 00FF
1BE540: 9046 2708 0F90 FF00 8A18 1E3F AA39 F060
1BE550: 000B 1080 10F0 4000 2080 CA00 0030 90A0
1BE560: C060 A804 0300 00A8 0703 0000 BD60 C102
1BE570: 0201 00A0 0100 AAE0 C302 03A0 0100 AF80
1BE580: 40A0 4020 00A0 C000 AA80 C020 E0A0 C000
1BE590: F030 4000 0000 A070 0000 CF26 0910 060C
1BE5A0: 01CF 0500 0401 0200 8A30 190E 8206 03FF
1BE5B0: 9304 7007 0880 C334 F3E4 10F4 0134 C1EA
1BE5C0: 9800 F87F 0F20 0EFF 04C0 3804 C300 803C
1BE5D0: FC3C 437F 80FF 00AA 3CFC FFC3 A080 00FF
1BE5E0: 900C 7C00 22C8 EA00 BC32 1CC0 9040 E8FC
1BE5F0: 007C F6A8 FE3C 30FF 0803 0400 0304 0000
1BE600: 00A2 0C07 0000 FEC4 2004 F109 00F1 8000
1BE610: AA1C 0DF9 F180 00

[03: GraphicData_GasAttack02]
1BE617: BFFF 0FF0 030C CE11 CF
1BE620: 1C22 811C 6281 CA00 00F0 E08A C1E3 FFF1
1BE630: 9040 2080 00FF DC20 A240 4A10 4412 E230
1BE640: 0060 E0AA FCFE 666E 8000 AF03 040A 0108
1BE650: 03C0 0000 A803 070C 8700 0202 05FD 8244
1BE660: 4122 40A0 21CA 0000 0306 AAC7 E360 E180
1BE670: 007B 0707 0805 0609 C000 00A0 070F 8F00
1BE680: 0102 0200 F282 8300 8080 C800 0003 A083
1BE690: 8080 00FF 0101 0506 0105 0F0A C000 00FF
1BE6A0: 0102 0700 0608 0C00 8000 FF80 80A0 6080
1BE6B0: A070 D0C0 0000 FF80 40E0 0060 1030 008F
1BE6C0: 0001 0107 06FF 0F09 1E16 1F14 3B29 CA00
1BE6D0: 0001 07AA 0E1D 1A34 8F00 8080 E060 FFF0
1BE6E0: 9078 68F8 28DC 94CA 0000 80E0 AA70 B858
1BE6F0: 2CBE 000A 0A10 0025 FF42 4211 004B 4917
1BE700: 02FE 0001 0A40 1000 25AB 4811 4214 80FE
1BE710: 0000 5050 0800 A4FF 4242 8800 D292 E840
1BE720: FE00 8050 0208 00A4 AB12 8842 2801 FE00
1BE730: 0002 0208 0001 AF20 0042 4210 00FE 0009
1BE740: 0240 0800 01FB 2080 0000 4010 80FE 0000
1BE750: 4040 1000 80AF 0400 4242 0800 FE00 9040
1BE760: 0210 0080 FB04 0100 0002 0801 FC00 0048
1BE770: 4800 00F0 4040 0000 7802 4800 00A5 4000
1BE780: 8000 3C12 1200 00F0 0202 0000 7840 1200
1BE790: 00A5 0200 0100 FF5C A0A0 0050 8010 00A0
1BE7A0: E000 AAFC E030 F0A0 E000 F038 0400 0000
1BE7B0: A03C 0000 FD08 0207 0800 0700 1F18 1824
1BE7C0: 2005 EA0D 000F 0700 2A18 3C3D F780 0100
1BE7D0: 001C 0824 F518 2000 3000 80EA 8100 001C
1BE7E0: 3CAA 3830 0080 F009 0F00 000F 0818 1028
1BE7F0: E00F 0000 0A18 388F 0020 1010 30C0 0000
1BE800: 0830 8000 FF0E 0B01 0505 0601 01C0 0000
1BE810: BF0C 0608 0700 0102 C000 00FF 70D0 80A0
1BE820: A060 8080 C000 00BF 3060 10E0 0080 40C0
1BE830: 0000 FF3B 291F 141E 160F 09FC 0706 0101
1BE840: 0000 AA34 1A1D 0EA8 0701 00FF DC94 F828
1BE850: 7868 F090 FCE0 6080 8000 00AA 2C58 B870
1BE860: A8E0 8000 FF17 024B 4911 0042 42EF 2500
1BE870: 100A 0A00 00FA 1480 4200 1148 AF25 100A
1BE880: 4000 01FF E840 D292 8800 4242 EFA4 0008
1BE890: 5050 0000 FA28 0142 0088 12AF A408 5002
1BE8A0: 0080 FE10 0042 4200 0020 AF01 0802 0200
1BE8B0: 00FB 1080 4000 0020 80EF 0100 0802 4000
1BE8C0: 09FE 0800 4242 0000 04AF 8010 4040 0000
1BE8D0: FB08 0102 0000 0401 EF80 0010 4002 0090
1BE8E0: 4300 4040 CF00 0048 4800 0016 8000 408B
1BE8F0: 0048 0002 4300 0202 CF00 0012 1200 0016
1BE900: 0100 028B 0012 0040

[04: GraphicData_BlitzBreath01-CannonAttack01]
1BE908: 001E 0402 0000 002A
1BE910: 0402 0187 0001 0100 9F00 0303 0C8D 30C8
1BE920: 0000 012A 020E BE80 0014 0304 5500 4030
1BE930: 3C7C 1F03 1804 08C0 0000 5504 0080 0045
1BE940: 0103 0EFF 0418 0080 8040 0000 0530 2040
1BE950: 001F 7830 4E20 40D1 0060 2000 0000 0000
1BE960: 2A60 7030 8000 AA60 9088 48A0 3000 0000
1BE970: 0000 2A60 7038 AA1C 0E06 00AA 6090 8844
1BE980: AA22 1109 0680 0000 0000 2A60 7038 AA1C
1BE990: 0E07 03AA 6090 8844 AA22 1108 0480 0002
1BE9A0: 8080 000A 8040 A000 0180 00A0 0102 A001
1BE9B0: 0020 8080 00A0 8040 A080 0020 0102 00A0
1BE9C0: 0102 0201 A000 8002 00A0 8040 0280 A401
1BE9D0: 0001 CF01 0202 0413 24E8 0100 0001 8A03
1BE9E0: 0738 FD31 8243 2CBF 4000 FF37 483F 407F
1BE9F0: 80FF 00AA 7C90 80C0 D880 0800 0050 0200
1BEA00: 1408 00F5 0204 0002 0008 7D18 0810 0030
1BEA10: E047 0020 1010 C000 0005 2010 4000 0000
1BEA20: 0000 0000 0000 0000 0000 0000 0000 0000
1BEA30: 0000 0000 0000 A001 0000 A802 0100 0088
1BEA40: C000 008A 20C0 0000 0000 0000 0000 0000
1BEA50: 0000 0000 0000 0000

[05: GraphicData_CannonAttack02]
1BEA58: 2001 0020 0200 A000
1BEA60: 8000 2040 0080 0002 7080 000A 7088 8000
1BEA70: 0000 0000 027E 8000 0A7E 8180 0000 0000
1BEA80: 0002 7F80 000A 7F80 8000 02E0 8000 0AE0
1BEA90: 1080 0007 0301 02C0 0000 1D06 0304 0087
1BEAA0: 0001 0100 8000 1C01 0100 8000 001F 0603
1BEAB0: 0402 0080 002A 0607 039E 0001 0100 00EE
1BEAC0: 0101 0001 0000 2001 8200 8080 0000 0000
1BEAD0: 0000 0000 0000 0000 0000 0000 8201 0000
1BEAE0: 8202 0180 0082 8000 0082 4080 8000 A070
1BEAF0: 0000 A888 7000 0000 0000 00A0 7E00 00A8
1BEB00: 817E 0000 0000 0000 A07F 0000 A880 7F00
1BEB10: 00A0 E000 00A8 10E0 0000 0003 1020 C000
1BEB20: 0003 3040 C000 0000 0000 0003 2A4C E001
1BEB30: 0000 0270 ECC0 C080 0000 0000 0000 0000
1BEB40: 0000 0000 0000 0000 0000 0000 00

[06: GraphicData_AcidBreath]
1BEB4D: 0001 01
1BEB50: 4000 0201 8100 03FF 0204 0005 01F5 920C
1BEB60: C200 0003 AA07 06F6 FFFF 003C 3C42 5A99
1BEB70: 7EA5 3F5A 993C 4200 3DEA 3C00 7EE7 C32A
1BEB80: E77F 3EFC 0102 0204 0401 FF02 0405 8682
1BEB90: 4300 42E8 0300 0706 A807 87C3 FF3C 3C42
1BEBA0: 7EA5 C389 DBBF 99A5 C343 7E3F 3DEA 3C00
1BEBB0: 7EFF E72A FF7F 3E80 003F 8080 40C0 C040
1BEBC0: C000 0028 80C0 BF00 0407 0F0F 0D0C FF18
1BEBD0: 1A10 1419 1111 19FE 0007 0708 0F10 0BFC
1BEBE0: 1621 1C23 1926 FF00 0020 A0B0 D058 E87E
1BEBF0: 68A8 D8D0 9050 FE00 80A0 40F0 00F8 F878
1BEC00: 80F8 00F0 8300 0F0F FE0A 090D 0B02 0606
1BEC10: C700 0003 0F00 4C10 0609 C300 0080 80FB
1BEC20: C0C0 2020 0070 50C7 0000 8080 40F3 C020
1BEC30: 20D0 7080 FF01 0102 0305 0506 07EF 0404
1BEC40: 0502 0105 03EA 0100 0306 048F 0703 0407
1BEC50: 08FF C0C0 20E0 0020 A090 F3F0 7088 8810
1BEC60: 18F7 C020 E010 1870 08B3 F088 7418 E4FE
1BEC70: 0101 0203 0406 05F3 0203 0101 0302 E801
1BEC80: 0003 07A2 0301 03FE 8080 40C0 2060 A0F3
1BEC90: 40C0 8080 C040 E880 00C0 E0A2 C080 C080
1BECA0: 003F 3030 4979 97CE C000 002A 3079 FF80
1BECB0: 000F 8080 58D8 C000 000A 80D8 E201 0200
1BECC0: 01DF 0001 0F09 1002 16C0 0300 AA01 0F1F
1BECD0: 19FF 6867 F194 D1B4 6866 FF92 0904 F50A
1BECE0: 9160 8EF3 9F00 0D02 9E01 EFFF 00FB 9F60
1BECF0: EF10 F402 0400 0300 3F34 4C4A 8784 32E8
1BED00: 0700 0300 2A7C FFCF FF81 4252 F301 5251
1BED10: 72DF 0001 0040 F0B0 48E8 C300 F373 AA01
1BED20: 00F0 F8FC 0506 0303 0000 00A8 0703 0000
1BED30: FF40 C0A0 A070 5020 20C0 0000 BFC0 A050
1BED40: 7000 2050 C000 00CD 0A1B 0C1E 06FF 0B05
1BED50: 0A0B 0505 0303 CF1B 241F 200F 10BA 0E0C
1BED60: 0006 03E7 8020 A0A0 80C0 DFC0 40C0 8080
1BED70: 0000 8AE0 6040 8BC0 8000 80FE 0202 0103
1BED80: 0605 05F0 0303 0000 FE02 0503 0407 0006
1BED90: A003 00FF 90D0 6020 C0C0 4040 F080 8000
1BEDA0: 00AA F0E0 40C0 A080 00FE 0D0B 0A06 050D
1BEDB0: 04EF 0306 0402 0300 00FC 0F10 0E11 0D12
1BEDC0: CF07 0803 0400 03EF 1018 0838 28E0 C0FD
1BEDD0: 60B0 8020 00C0 00CF 18E4 38C4 F008 BFD0
1BEDE0: E010 C020 00C0 FF02 0301 0100 0001 0130
1BEDF0: 0000 AA03 0100 0120 00FF 40C0 8080 0000
1BEE00: 8080 3000 00AA C080 0080 2000 FF97 CE49
1BEE10: 7930 3000 0000 AAFF 7930 0000 FC58 D880
1BEE20: 8000 0000 A8D8 80

[07: GraphicData_BlitzBreath02-Current]
1BEE29: 0000 0007 0301 02C0 00
1BEE30: 001D 0603 0400 8700 0101 0080 001C 0101
1BEE40: 0080 0000 1F06 0304 0200 8000 2A06 0703
1BEE50: 9E00 0101 0000 EE01 0100 0100 0020 0182
1BEE60: 0080 8000 0000 0000 0000 0000 0000 0000
1BEE70: 0000 0000 0301 03C0 0000 0002 01FF 0601
1BEE80: 0C03 1887 3907 C200 0001 AA0F 3F7F FF8F
1BEE90: 001C 1C30 F0FB 63E0 C7C0 CF91 90CF 0000
1BEEA0: 1C03 F00F F7E0 1CC0 3830 8F60 CB00 0038
1BEEB0: E01F FFC3 3F0F FF3C FC18 F8C5 0000 C000
1BEEC0: 0A03 FFFE 3E01 1F00 4540 40FF 3838 1F1F
1BEED0: 070F 0007 FF07 C003 E043 3841 3EFA 3807
1BEEE0: 1F00 0F07 FF33 F0FF 1F88 0F1D 1EFF F8FF
1BEEF0: C1FE 07F8 0EF0 FAF0 0CFF 00F7 E1AB 00C0
1BEF00: F0FE 01FF 2A26 33CF 7F83 C506 FFFA 0CE3
1BEF10: 038E 0F1C 1FF2 DE01 FF00 F8FF 0001 031C
1BEF20: 0F70 1FE0 FBAB 6732 0C0B 9B1C FF3C 3819
1BEF30: E133 C366 87FF E010 03C0 0FF0 1F60 FA3F
1BEF40: C0FE 00FC F880 0003 1020 C000 0003 3040
1BEF50: C000 0000 0000 0003 2A4C E001 0000 0270
1BEF60: ECC0 C080 0000 0000 0000 0000 0000 0000
1BEF70: 0000 0000 0000 0000 00FB 0307 020E 1626
1BEF80: 1EEF 661F 6070 0F7C 03E0 0000 0126 0380
1BEF90: 07FF 300F 3601 0907 D9C7 FF92 8ED4 CCD3
1BEFA0: CF4C C3FD FE00 F008 C030 20F9 8160 C320
1BEFB0: C030 FF66 E1CC C398 873C 1CFB D938 D030
1BEFC0: 4CD5 E6EB 1F00 3F7F FC03 FFF8 06F0 0FC0
1BEFD0: 0307 08FF 38F8 71F0 C7C0 5F30 FFA3 60FE
1BEFE0: C1CC F354 64FF F807 F00E C038 0080 E31F
1BEFF0: 00FF 7B80 E003 0000 00A0 0300 00FB 7E80
1BF000: F000 000F 0FD0 0001 008A FF3F 0000 FF18
1BF010: 1F3C 3FF0 FFC3 FCF8 07F8 1C00 00A8 FFC0
1BF020: 0014 0300 FB89 09F3 03E3 C607 FC0C 0F38
1BF030: 3800 00F7 F106 030C 1C07 38FC 0FF0 38C0

[08: GraphicData_BubbleAttack]
1BF040: 0000 007F 0102 0005 0202 06C0 0000 3601
1BF050: 0100 0280 00FB 8080 C040 2040 20C0 0000
1BF060: 2C80 2040 C300 0002 01FF 0503 0701 0F07
1BF070: 070B C000 0007 0105 02C3 0000 20E0 F770
1BF080: D098 0880 0810 C000 00FA C020 8010 8808
1BF090: CF00 0002 0109 06FF 1F01 1709 3F16 390F
1BF0A0: C200 0001 8B00 091B 04CF 0000 40C0 70F0
1BF0B0: FFC8 4058 9048 9C9C 0CC2 0000 C0BF C808
1BF0C0: D08C 500C 90DF 0000 030B 061F 02FF 2F12
1BF0D0: 3E1D 1D63 0B7C C800 0001 2B03 3F00 3F7F
1BF0E0: 00C0 C0F0 3078 80FE 4894 8804 8402 04C7
1BF0F0: 0000 C008 F0DD 04D8 8802 8404 C000 00A1
1BF100: 4000 4055 0100 1000 5240 0040 8F00 0410
1BF110: 0000 3C02 0200 0055 4000 1400 2802 0000
1BF120: 0000 0000 0000 0000 0000 0000 0000 0000
1BF130: 0000 0000 0000 00F8 0203 0100 0000 7801
1BF140: 0100 0000 A8C0 8000 00F8 4080 8000 0000
1BF150: EF06 080C 0605 0300 8000 5706 0403 0300
1BF160: 8000 5F08 18B0 D000 C040 00FF 1810 2820
1BF170: 10E0 C000 8000 F70E 3010 2010 1818 FC0D
1BF180: 0902 0100 0055 1E10 0008 F806 0303 0000
1BF190: FF10 0C2C 1018 28A0 C8FC 10D0 4080 0000
1BF1A0: FD0C 101C 2030 00C0 F860 80C0 0000 E52C
1BF1B0: 4020 2030 FA19 100F 0003 0055 2C20 0010
1BF1C0: 7E09 0C03 0300 00FF 0806 061C 1C24 305C
1BF1D0: FEB8 7830 C0C0 0000 FF02 0C0A 1418 2020
1BF1E0: 40FA 00F0 F000 C000 0F40 4000 1068 0008
1BF1F0: 000A 4010 9500 0801 0050 0100 2D08 0040
1BF200: 00A1 0100 025E 0008 4000 0000 0000 0000
1BF210: 0000 0000 0000 0000 0000 0000 0000 0000
1BF220: 0000 00

[09: GraphicData_FreezeBreath01]
1BF223: 0000 0000 0000 0000 0000 0000 00
1BF230: 0000 0000 0000 000F 300E 5133 F760 3000
1BF240: 4060 1030 C200 000E A210 2010 8000 3180
1BF250: 80C0 C200 0080 22C0 E080 0000 0000 0000
1BF260: 0000 FF82 4685 2383 44C3 04FF 06A9 0F75
1BF270: 1B6D 315A E841 0060 24AA 6C38 3021 FC69
1BF280: 87C1 01C0 80D3 C181 4181 83E8 B800 4641
1BF290: A240 C080 8B00 8000 80AD 8000 8000 A040
1BF2A0: 0002 60FB 0808 0000 0801 08F0 0602 0101
1BF2B0: EA00 0008 0C0D A805 0201 FF35 1F50 18AC
1BF2C0: 3048 74FF B8C0 70B8 C8F8 B0C0 EA23 0064
1BF2D0: C484 FB00 0430 00F0 F804 FF14 4C34 2C08
1BF2E0: 1818 08FF 0919 1A1A 190C 0A15 E83C 001C
1BF2F0: 082A 0913 1BEF 0030 1040 40A0 80FF 5020
1BF300: B060 40D0 8090 EA40 0000 3070 8AF0 D090
1BF310: 8000 0000 0000 0000 0000 0000 0000 0000
1BF320: 0000 0000 00F3 1030 1818 0206 3F6A 1E80
1BF330: 0A8C 05E2 1000 080E 2206 03EF 80C0 A0AA
1BF340: D995 F3FF AAC6 94CC A8F8 A0D8 EAE0 00F8
1BF350: F7EF AAFE FCD8 C083 0080 800A 0080 C000
1BF360: 0000 5801 0204 FF0E 0406 0A04 0C08 08C0
1BF370: 0000 AA02 0604 00FD 20F2 1133 3100 107F
1BF380: 0010 0109 1618 10E2 0100 1000 A220 0007
1BF390: FF02 8685 44C6 A5B6 75FF 4CCF B987 F50B
1BF3A0: 7A06 EA81 00C3 630B AA31 7877 8EFF A070
1BF3B0: 60F0 9080 1000 FF20 2040 6030 D060 70CA
1BF3C0: F000 9010 AA30 7060 00CC 0101 0000 0088
1BF3D0: 0100 00FF 4080 488C CC8A C60D FF4B 7618
1BF3E0: 240B 1903 07FE C804 C402 4600 43A8 0103
1BF3F0: 07EF 010F 0B1F 1C36 35FF 61E3 8343 F4FD
1BF400: C6F6 EA0B 0008 1B33 AAE7 C7FB FEFF 1010
1BF410: 5030 60E0 C0C0 CC80 8000 00AA 10F0 E0C0
1BF420: 8880 00

[0A: GraphicData_FreezeBreath02-BeamAttacks]
1BF423: 0057 0100 0101 0080 008A 0100 02
1BF430: 8000 0380 50C0 0000 0A80 3085 0001 00FF
1BF440: 0101 0003 0104 0516 C800 0001 AA00 0206
1BF450: 1881 0080 7F00 80C0 00A0 D034 C200 0080
1BF460: 2A40 600C 8100 107F 0404 0D01 0303 06C2
1BF470: 0000 10A8 0C0B 0481 0008 7F20 20B0 80C0
1BF480: C060 C200 0008 A830 D020 FF80 4040 A020
1BF490: 5010 28FF 0814 040A 0205 0102 EA20 0010
1BF4A0: 8844 AA22 1108 0480 0001 8040 000A 8040
1BF4B0: CC28 1004 08CC 0204 0102 C824 0012 8809
1BF4C0: 0480 0000 0008 8082 00C0 3F30 C00C 3003
1BF4D0: 0CC2 0000 C0AA 300C C330 8000 0000 02C0
1BF4E0: 8001 00A0 0002 00C0 0080 0060 0040 0080
1BF4F0: 0002 FF80 000A 7F00 0002 FF80 000A FE00
1BF500: F001 0A00 0000 A80C 0100 00B5 8000 8000
1BF510: 8040 00A8 4000 8080 00FF 0B2C 0005 0103
1BF520: 0000 5001 00AA 3006 0201 2000 FFA0 6880
1BF530: 2000 C080 80D4 0000 8000 AA18 6040 0088
1BF540: 8000 FF03 0601 0304 0D00 0450 1000 8A04
1BF550: 0B0C A010 00FF C060 80C0 20B0 0020 5008
1BF560: 008A 20D0 30A0 0800 5001 0000 A802 0100
1BF570: 00FF 8040 40A0 2050 1028 FF08 1404 0A02
1BF580: 0501 02EA 2000 1088 44AA 2211 0804 C400
1BF590: 0100 0088 0201 8000 8C80 4080 CC20 4010
1BF5A0: 20C8 4000 2088 9048 D000 0300 00A8 0C03
1BF5B0: 0000 BFC0 30C0 0C30 030C F800 0303 0000
1BF5C0: AA30 0CC3 30A8 0C03 0080 0100 8002 0200
1BF5D0: 4080 00C0 4000 0200 50FF 0000 287F 0000
1BF5E0: 50FF 0000 28FE 0000

[0B: GraphicData_HoopPulseRingGlareAttacks]
1BF5E8: 0000 0000 0007 0302
1BF5F0: 0CC0 0000 0A03 0F80 0000 0000 005F 0718
1BF600: 0767 189F C000 00AA 071F 78E0 8000 5F01
1BF610: 0201 0502 0BC0 0000 AA01 0306 0C97 0007
1BF620: 3807 C7FD 3838 C0E0 0080 002A 073F F8A0
1BF630: C000 0301 01FF 0203 0506 0A0C 1418 C200
1BF640: 0001 AA03 070E 1CFF 0707 383F C7F8 38C0
1BF650: E0C0 0000 AA07 3FFF F8A0 C000 0301 01FF
1BF660: 0203 0406 080C 1018 C200 0001 AA03 060C
1BF670: 18FF 0707 383F C0F8 00C0 4000 AA07 3FF8
1BF680: C080 0000 0A18 1080 002A 1038 3080 0000
1BF690: 0000 0101 6D07 0818 0600 8200 01AA 071F
1BF6A0: 3E38 8300 C0C0 FCE0 E0C0 C000 0002 C0A8
1BF6B0: E0C0 0001 0165 0718 0600 8200 01AA 071F
1BF6C0: 3E38 8F00 1010 F0F0 3CE0 E000 000E 100F
1BF6D0: F038 E000 0000 4E01 0102 0040 0088 0103
1BF6E0: 7F33 2C4F 509C 20B0 CC40 6080 C0EA 3C00
1BF6F0: 70E0 C088 8000 5301 0201 0530 020B E201
1BF700: 0003 0620 0CF7 6078 80E0 C000 8010 00A0
1BF710: 8000 00DD 0416 1408 2C28 3010 50C8 1800
1BF720: 3020 6080 0000 0000 CC28 3050 6030 A0C0
1BF730: C838 0070 20E0 8000 0000 00CC 2030 4060
1BF740: 3080 C0C8 3000 6020 C080 0000 0000 BD10
1BF750: 0808 0E0E 0FF4 0607 0001 0082 3010 8000
1BF760: 0320 C08E 3F1F 0000 0000 BD10 0808 0E0E
1BF770: 0FF4 0607 0001 0082 3010 8000 0320 C0AE
1BF780: 3E3F 1E00 0000 007F 1008 080C 0C0E 0EF0
1BF790: 0404 0000 8230 1080 0000 0000 0080 1000
1BF7A0: A080 0000 DD04 1614 082C 2830 1050 C818
1BF7B0: 0030 2060 8000 0000 00CC 2830 5060 30A0
1BF7C0: C0C8 3800 7020 E080 0000 0000 CC20 3040
1BF7D0: 6030 80C0 C830 0060 20C0 8000 0000 00BD
1BF7E0: 1008 080E 0E0F F406 0700 0100 8230 1080
1BF7F0: 0003 20C0 8E3F 1F00 0000 00BD 1008 080E
1BF800: 0E0F F406 0700 0100 8230 1080 0003 20C0
1BF810: AE3E 3F1E 0000 0000 7F10 0808 0C0C 0E0E
1BF820: F004 0400 0082 3010 8000 0000 0000

----------------------------------------------------------------------------------------------------------------------------------------------------------------

[Buffer Space]
1BF82E: FFFF
1BF830: FFFF FFFF FFFF FFFF FFFF FFFF FFFF FFFF
1BF840: FFFF FFFF FFFF FFFF FFFF FFFF FFFF FFFF
1BF850: FFFF FFFF FFFF FFFF FFFF FFFF FFFF FFFF
1BF860: FFFF FFFF FFFF FFFF FFFF FFFF FFFF FFFF
1BF870: FFFF FFFF FFFF FFFF FFFF FFFF FFFF FFFF
1BF880: FFFF FFFF FFFF FFFF FFFF FFFF FFFF FFFF
1BF890: FFFF FFFF FFFF FFFF FFFF FFFF FFFF FFFF
1BF8A0: FFFF FFFF FFFF FFFF FFFF FFFF FFFF FFFF
1BF8B0: FFFF FFFF FFFF FFFF FFFF FFFF FFFF FFFF
1BF8C0: FFFF FFFF FFFF FFFF FFFF FFFF FFFF FFFF
1BF8D0: FFFF FFFF FFFF FFFF FFFF FFFF FFFF FFFF
1BF8E0: FFFF FFFF FFFF FFFF FFFF FFFF FFFF FFFF
1BF8F0: FFFF FFFF FFFF FFFF FFFF FFFF FFFF FFFF

----------------------------------------------------------------------------------------------------------------------------------------------------------------

[A boss related subroutine]
[Called as part of the graphical refresh from closing a menu...but for what?]
DB/F900:	E230		SEP #$30        ;Disable 16-Bit Accumulator & Index Registers.
DB/F902:	A900    	LDA #$00        ;Load 0x00 into Accumulator.
DB/F904:	48      	PHA             ;Push 0x00 into the stack.
DB/F905:	AB      	PLB             ;Pull 0x00 into Data Bank Register.
DB/F906:	A201    	LDX #$01        ;Load 0x01 into Register X.
DB/F908:	8E6043  	STX $4360       ;Store 0x01 into [DMA Channel 6 Control].
DB/F90B:	8E7043  	STX $4370       ;Store 0x01 into [DMA Channel 7 Control].
DB/F90E:	A218    	LDX #$18        ;Load 0x18 into Register X.
DB/F910:	8E6143  	STX $4361       ;Store 0x18 into [DMA Channel 6 Destination Register].
DB/F913:	8E7143  	STX $4371       ;Store 0x18 into [DMA Channel 7 Destination Register].
DB/F916:	A27F    	LDX #$7F        ;Load 0x7F into Register X.
DB/F918:	8E6443  	STX $4364       ;Store 0x7F into [DMA Channel 6 Source Address Bank].
DB/F91B:	8E7443  	STX $4374       ;Store 0x7F into [DMA Channel 7 Source Address Bank].
DB/F91E:	A200    	LDX #$00        ;Load 0x00 into Register X.
DB/F920:	BF550F7E	LDA $7E0F55,X
DB/F924:	3008    	BMI $F92E
DB/F926:	8568    	STA $68
DB/F928:	8A      	TXA             ;Transfer Register X To Accumulator.
DB/F929:	DA      	PHX             ;Push Register X.
DB/F92A:	2036F9  	JSR $F936
DB/F92D:	FA      	PLX             ;Pull Register X.
DB/F92E:	E8      	INX             ;Increment Register X.
DB/F92F:	E04D    	CPX #$4D
DB/F931:	D0ED    	BNE $F920
DB/F933:	C230    	REP #$30        ;Enable 16-Bit Accumulator & Index Registers.
DB/F935:	6B          RTL             ;Return Long.

[]
DB/F936:	856A    	STA $6A
DB/F938:	C220    	REP #$20
DB/F93A:	A568    	LDA $68
DB/F93C:	29F800  	AND #$00F8
DB/F93F:	0A      	ASL A
DB/F940:	0A      	ASL A
DB/F941:	856C    	STA $6C
DB/F943:	A568    	LDA $68
DB/F945:	290700  	AND #$0007
DB/F948:	0A      	ASL A
DB/F949:	18      	CLC 
DB/F94A:	656C    	AND $6C
DB/F94C:	0A      	ASL A
DB/F94D:	0A      	ASL A
DB/F94E:	0A      	ASL A
DB/F94F:	0A      	ASL A
DB/F950:	0A      	ASL A
DB/F951:	C90020  	CMP #$2000
DB/F954:	9004    	BCC $F95A
DB/F956:	18      	CLC 
DB/F957:	690020  	ADC #$2000
DB/F95A:	18      	CLC 
DB/F95B:	690020  	ADC #$2000
DB/F95E:	8F7D0E7E	STA $7E0E7D
DB/F962:	A56A    	LDA $6A
DB/F964:	0A      	ASL A
DB/F965:	AA      	TAX
DB/F966:	BF357FD9	LDA $D97F35,X
DB/F96A:	0A      	ASL A
DB/F96B:	0A      	ASL A
DB/F96C:	0A      	ASL A
DB/F96D:	0A      	ASL A
DB/F96E:	18      	CLC 
DB/F96F:	690060  	ADC #$6000
DB/F972:	8F7F0E7E	STA $7E0E7F
DB/F976:	A94000  	LDA #$0040
DB/F979:	8D6543  	STA $4365		[DMA Size]
DB/F97C:	8D7543  	STA $4375
DB/F97F:	AF7D0E7E	LDA $7E0E7D
DB/F983:	8D6243  	STA $4362		[DMA Source Address]
DB/F986:	18      	CLC 
DB/F987:	690002  	ADC #$0200
DB/F98A:	8D7243  	STA $4372		[DMA Source Address]
DB/F98D:	AF7F0E7E	LDA $7E0E7F
DB/F991:	8D1621  	STA $2116		[VRAM Address]
DB/F994:	A240	  	LDX #$40
DB/F996:	8E0B42		STX $420B
DB/F999:	18			CLC
DB/F99A:	690001  	ADC #$0100
DB/F99D:	8D1621  	STA $2116		[VRAM Address]
DB/F9A0:	A280  		LDX #$80
DB/F9A2:	8E0B42		STX $420B
DB/F9A5:	E220		SEP #$20
DB/F9A7:	60			RTS

----------------------------------------------------------------------------------------------------------------------------------------------------------------

[PointerTable_BossAnimations]
[General]
DB/F9A8:	4E66	[00: BossAnimationScript_General_Invisible]
DB/F9AA:	5166	[01: BossAnimationScript_General_Debug (Dummied Out)]
DB/F9AC:	0000	[02: BossAnimationScript_General_Dummied]
DB/F9AE:	5466	[03: BossAnimationScript_General_VerySmallShadow]
DB/F9B0:	5766	[04: BossAnimationScript_General_SmallShadow]
DB/F9B2:	5A66	[05: BossAnimationScript_General_MediumShadow]
DB/F9B4:	5D66	[06: BossAnimationScript_General_LargeShadow]
DB/F9B6:	6066	[07: BossAnimationScript_General_VerySmallShadow (Dummied Out)]
DB/F9B8:	6366	[08: BossAnimationScript_General_VerySmallShadow (Dummied Out)]
DB/F9BA:	6666	[09: BossAnimationScript_General_VerySmallShadow (Dummied Out)]

[Mantis Ant/Metal Mantis]
DB/F9BC:	6966	[0A: BossAnimationScript_MantisAnt_Idle]
DB/F9BE:	7266	[0B: BossAnimationScript_MantisAnt_HeadTurn (Dummied Out) (Broken)]
DB/F9C0:	7766	[0C: BossAnimationScript_MantisAnt_SkillUse]
DB/F9C2:	7C66	[0D: BossAnimationScript_MantisAnt_WalkSideView]
DB/F9C4:	8B66	[0E: BossAnimationScript_MantisAnt_WalkDownView]
DB/F9C6:	A866	[0F: BossAnimationScript_MantisAnt_DoubleKamaSwing]
DB/F9C8:	C366	[10: BossAnimationScript_MantisAnt_KamaDance]
DB/F9CA:	D466	[11: BossAnimationScript_MantisAnt_WalkBackView (Dummied Out)]
DB/F9CC:	F166	[12: BossAnimationScript_MantisAnt_KamaSwing]
DB/F9CE:	0567	[13: BossAnimationScript_MantisAnt_Jump]
DB/F9D0:	0D67	[14: BossAnimationScript_MantisAnt_GuardPose]
DB/F9D2:	1567	[15: BossAnimationScript_MantisAnt_PreJump]
DB/F9D4:	2367	[16: BossAnimationScript_MantisAnt_PostJump]
DB/F9D6:	3467	[17: BossAnimationScript_MantisAnt_KamaProjectile]

[]
DB/F9D8:	4567	[18: Jabberwocky Idle]
DB/F9DA:	4A67	[19: Jabberwocky Walk, Down View (High Speed)]
DB/F9DC:	6767	[1A: Jabberwocky Walk, Back View (High Speed)]
DB/F9DE:	8467	[1B: Jabberwocky Walk, Diagnoal View (High Speed)]
DB/F9E0:	9367	[1C: Jabberwocky Walk, Side View (High Speed)]
DB/F9E2:	A267	[1D: Head Related]
DB/F9E4:	AB67	[1E: Head Related]

[Kilroy/Kettle Kin]
DB/F9E6:	B467	[1F: BossAnimationScript_Kilroy_Idle]
DB/F9E8:	B967	[20: BossAnimationScript_Kilroy_LeftHammerSwing]
DB/F9EA:	CA67	[21: BossAnimationScript_Kilroy_ArchHammerSwing]
DB/F9EC:	D867	[22: BossAnimationScript_Kilroy_ShortCircuit]
DB/F9EE:	E967	[23: BossAnimationScript_Kilroy_WalkDownView]
DB/F9F0:	0C68	[24: BossAnimationScript_Kilroy_HammerSpin]
DB/F9F2:	2968	[25: BossAnimationScript_Kilroy_Shake (Dummied Out)]
DB/F9F4:	4468	[26: BossAnimationScript_Kilroy_WheelieDownView]
DB/F9F6:	4D68	[27: BossAnimationScript_Kilroy_IdleSideView]
DB/F9F8:	5268	[28: BossAnimationScript_Kilroy_RightHammerSmash]
DB/F9FA:	6668	[29: BossAnimationScript_Kilroy_IdleSideViewAlternate (Dummied Out)]
DB/F9FC:	7568	[2A: BossAnimationScript_Kilroy_WalkSideView]
DB/F9FE:	9668	[2B: BossAnimationScript_Kilroy_ShakeSideView (Dummied Out)]
DB/FA00:	B168	[2C: BossAnimationScript_Kilroy_WheelieSideView]
DB/FA02:	BA68	[2D: BossAnimationScript_Kilroy_IdleBackView]
DB/FA04:	BF68	[2E: BossAnimationScript_Kilroy_UpHammerSmash]
DB/FA06:	D068	[2F: BossAnimationScript_Kilroy_UpArchHammer]
DB/FA08:	DE68	[30: BossAnimationScript_Kilroy_ArmTwitchBackView (Dummied Out)]
DB/FA0A:	EF68	[31: BossAnimationScript_Kilroy_WalkBackView]
DB/FA0C:	1269	[32: BossAnimationScript_Kilroy_ShakeBackView (Dummied Out)]
DB/FA0E:	2D69	[33: BossAnimationScript_Kilroy_WheelieBackView]

[Kilroy/Kettle Kin Legs]
DB/FA10:	3669	[34: BossAnimationScript_KilroyAuxiliary_LegsIdle]
DB/FA12:	3B69	[35: BossAnimationScript_KilroyAuxiliary_LegsWalkDownView]
DB/FA14:	5269	[36: BossAnimationScript_KilroyAuxiliary_LegsIdleSideView]
DB/FA16:	5769	[37: BossAnimationScript_KilroyAuxiliary_LegsWalkSideView]
DB/FA18:	6C69	[38: BossAnimationScript_KilroyAuxiliary_LegsIdleBackView]
DB/FA1A:	7169	[39: BossAnimationScript_KilroyAuxiliary_LegsWalkBackView]
DB/FA1C:	8869	[3A: BossAnimationScript_KilroyAuxiliary_WheelTurn (Dummied Out)]
DB/FA1E:	A369	[3B: BossAnimationScript_KilroyAuxiliary_WheelIdleDownView]
DB/FA20:	AC69	[3C: BossAnimationScript_KilroyAuxiliary_WheelIdleSideView]
DB/FA22:	B569	[3D: BossAnimationScript_KilroyAuxiliary_WheelIdleDiagonalView (Dummied Out)]
DB/FA24:	BE69	[3E: BossAnimationScript_DeathMachineAuxiliary_DrillIdle (Dummied Out)]
DB/FA26:	C369	[3F: BossAnimationScript_DeathMachineAuxiliary_DrillSpin (Dummied Out)]
DB/FA28:	CA69	[40: BossAnimationScript_DeathMachineAuxiliary_DrillInGround (Dummied Out)]

[Death Machine (Dummied Out)]
DB/FA2A:	E369	[41: BossAnimationScript_DeathMachine_Dummied (Dummied Out)]
DB/FA2C:	E369    [42: BossAnimationScript_DeathMachine_Dummied (Dummied Out)]
DB/FA2E:	E369    [43: BossAnimationScript_DeathMachine_Dummied (Dummied Out)]
DB/FA30:	E369    [44: BossAnimationScript_DeathMachine_Dummied (Dummied Out)]
DB/FA32:	E369    [45: BossAnimationScript_DeathMachine_Dummied (Dummied Out)]
DB/FA34:	E369    [46: BossAnimationScript_DeathMachine_Dummied (Dummied Out)]
DB/FA36:	E369    [47: BossAnimationScript_DeathMachine_Dummied (Dummied Out)]
DB/FA38:	E369    [48: BossAnimationScript_DeathMachine_Dummied (Dummied Out)]
DB/FA3A:	E369    [49: BossAnimationScript_DeathMachine_Dummied (Dummied Out)]
DB/FA3C:	E369    [4A: BossAnimationScript_DeathMachine_Dummied (Dummied Out)]
DB/FA3E:	E369    [4B: BossAnimationScript_DeathMachine_Dummied (Dummied Out)]
DB/FA40:	E369    [4C: BossAnimationScript_DeathMachine_Dummied (Dummied Out)]
DB/FA42:	E369    [4D: BossAnimationScript_DeathMachine_Dummied (Dummied Out)]

[Minotaur/Gorgon Bull]
DB/FA44:	E369    [4E: BossAnimationScript_MinoBull_WalkDownView]
DB/FA46:	006A	[4F: BossAnimationScript_MinoBull_ExtendingHornsDownView (Dummied Out)]
DB/FA48:	006A	[50: BossAnimationScript_MinoBull_ExtendingHornsDownView]
DB/FA4A:	146A	[51: BossAnimationScript_MinoBull_PunchDownView]
DB/FA4C:	1F6A	[52: BossAnimationScript_MinoBull_ArmClawDownView]
DB/FA4E:	306A	[53: BossAnimationScript_MinoBull_ArmClawRushDownView]
DB/FA50:	3B6A	[54: BossAnimationScript_MinoBull_SkillPose]
DB/FA52:	496A	[55: BossAnimationScript_MinoBull_GuardPose]
DB/FA54:	4E6A	[56: BossAnimationScript_MinoBull_Idle]
DB/FA56:	536A	[57: BossAnimationScript_MinoBull_WalkBackView]
DB/FA58:	706A	[58: BossAnimationScript_MinoBull_ExtendingHornsBackView (Dummied Out)]
DB/FA5A:	706A	[59: BossAnimationScript_MinoBull_ExtendingHornsBackView]
DB/FA5C:	846A	[5A: BossAnimationScript_MinoBull_PunchBackView]
DB/FA5E:	8F6A	[5B: BossAnimationScript_MinoBull_ArmClawBackView]
DB/FA60:	A06A	[5C: BossAnimationScript_MinoBull_ArmClawRushBackView]
DB/FA62:	AB6A	[5D: BossAnimationScript_MinoBull_GuardPoseBackView (Dummied Out)]
DB/FA64:	AB6A	[5E: BossAnimationScript_MinoBull_GuardPoseBackView]
DB/FA66:	B06A	[5F: BossAnimationScript_MinoBull_IdleBackView]
DB/FA68:	B56A	[60: BossAnimationScript_MinoBull_WalkSideView]
DB/FA6A:	D06A	[61: BossAnimationScript_MinoBull_HornAttackSideView (Dummied Out)]
DB/FA6C:	D06A	[62: BossAnimationScript_MinoBull_HornAttackSideView]
DB/FA6E:	E46A	[63: BossAnimationScript_MinoBullPunchSideView]
DB/FA70:	F26A	[64: BossAnimationScript_MinoBullArmClawSideView]
DB/FA72:	066B	[65: BossAnimationScript_MinoBullArmClawRushSideView]
DB/FA74:	176B	[66: BossAnimationScript_MinoBull_GuardPoseSideView (Dummied Out)]
DB/FA76:	176B	[67: BossAnimationScript_MinoBull_GuardPoseSideView]
DB/FA78:	1C6B	[68: BossAnimationScript_MinoBull_IdleSideView]
DB/FA7A:	216B    [69: BossAnimationScript_MinoBull_HornChargeDownView]	 
DB/FA7C:	3E6B	[6A: BossAnimationScript_MinoBull_HornChargeBackView]
DB/FA7E:	5B6B    [6B: BossAnimationScript_MinoBull_HornChargeSideView]	 
DB/FA80:	766B	[6C: BossAnimationScript_MinoBull_CastSpell]
DB/FA82:	846B	[6D: BossAnimationScript_MinoBull_JumpAttack (Dummied Out)]
DB/FA84:	956B	[6E: BossAnimationScript_MinoBull_ArmBladeShowOff]
DB/FA86:	AC6B	[6F: BossAnimationScript_MinoBull_DeathPose]
DB/FA88:	B16B	[70: BossAnimationScript_MinoBull_PowerBomb (Dummied Out)]
DB/FA8A:	B16B    [71: BossAnimationScript_MinoBull_PowerBomb]

DB/FA8C:	D06B	[72: ]
DB/FA8E:	056C	[73: ]
DB/FA90:	526C	[74: ]
DB/FA92:	9A6C	[75: Pumpkin Bomb Animation]
DB/FA94:	AB6C	[76: ]
DB/FA96:	B96C	[77: ]
DB/FA98:	C46C	[78: ]

[Aegagropilon]
DB/FA9A:	D16C	[79: BossAnimationScript_AegagropilonBody_Layer2_MouthChomping (Dummied Out)]
DB/FA9C:	D16C	[7A: BossAnimationScript_AegagropilonBody_Layer2_MouthChomping (Dummied Out)]
DB/FA9E:	D16C    [7B: BossAnimationScript_AegagropilonBody_Layer2_MouthChomping (Dummied Out)]
DB/FAA0:	D16C    [7C: BossAnimationScript_AegagropilonBody_Layer2_MouthChomping (Dummied Out)]
DB/FAA2:	D16C    [7D: BossAnimationScript_AegagropilonBody_Layer2_MouthChomping (Dummied Out)]
DB/FAA4:	D16C    [7E: BossAnimationScript_AegagropilonBody_Layer2_MouthChomping]
DB/FAA6:	E06C	[7F: BossAnimationScript_AegagropilonBody_Layer2_MouthClosed]
DB/FAA8:	E66C	[80: BossAnimationScript_AegagropilonBody_Layer2_WalkSouth]
DB/FAAA:	3A6D	[81: BossAnimationScript_AegagropilonBody_Layer2_MouthChomping_UpsideDown (Dummied Out)]
DB/FAAC:	496D	[82: BossAnimationScript_AegagropilonBody_Layer2_CastSpell]
DB/FAAE:	4F6D	[83: BossAnimationScript_AegagropilonBody_Layer2_Devour (Dummied Out)]
DB/FAB0:	556D	[84: BossAnimationScript_AegagropilonBody_Layer2_Devour_Pinball (Dummied Out)]
DB/FAB2:	796D	[85: Legs Idle]
DB/FAB4:	886D	[86: Legs Pump]
DB/FAB6:	976D	[87: Legs Twirl]
DB/FAB8:	AC6D	[88: ]
DB/FABA:	C16D	[89: ]
DB/FABC:	F46D	[8A: ]
DB/FABE:	276E	[8B: ]
DB/FAC0:	386E	[8C: ]
DB/FAC2:	4F6E	[8D: ]

[Spikey Tiger/Blue Spike]
DB/FAC4:	5A6E	[8E: BossAnimationScript_Tiger_Idle]
DB/FAC6:	696E	[8F: BossAnimationScript_Tiger_Damaged]
DB/FAC8:	6E6E	[90: BossAnimationScript_Tiger_SkillUse]
DB/FACA:	7C6E	[91: BossAnimationScript_Tiger_BallCurlWindup]
DB/FACC:	8A6E	[92: BossAnimationScript_Tiger_FeignDeath]
DB/FACE:	996E	[93: BossAnimationScript_Tiger_HeadRegrowth]
DB/FAD0:	B36E	[94: BossAnimationScript_Tiger_SpikeBall]
DB/FAD2:	CB6E	[95: BossAnimationScript_Tiger_Idle_LookLeft]
DB/FAD4:	DA6E	[96: ???]
DB/FAD6:	F26E	[97: BossAnimationScript_Tiger_WalkRight]
DB/FAD8:	046F	[98: BossAnimationScript_Tiger_WalkLeft]
DB/FADA:	166F	[99: BossAnimationScript_Tiger_Maw]

[Tonpole/Biting Lizard/Snap Dragon]
DB/FADC: 366F	[9A: BossAnimationScript_Tonpole_Egg]
DB/FADE: 3B6F	[9B: BossAnimationScript_Tonpole_Hatch]
DB/FAE0: 586F	[9C: BossAnimationScript_Tonpole_Hop]
DB/FAE2: 676F	[9D: BossAnimationScript_Tonpole_Damaged]
DB/FAE4: 6C6F	[9E: BossAnimationScript_Tonpole_Transform]
DB/FAE6: 836F	[9F: BossAnimationScript_Lizard_Idle_SideView]
DB/FAE8: 8C6F	[A0: BossAnimationScript_Lizard_Walk_SideView]
DB/FAEA: AD6F	[A1: BossAnimationScript_Lizard_Devour_SideView (Dummied Out)]
DB/FAEC: AD6F	[A2: BossAnimationScript_Lizard_Devour_SideView]
DB/FAEE: E46F	[A3: BossAnimationScript_Lizard_Swallow_SideView]
DB/FAF0: F26F	[A4: BossAnimationScript_Lizard_Full_SideView (Dummied Out)]
DB/FAF2: F26F	[A5: BossAnimationScript_Lizard_Full_SideView]
DB/FAF4: FB6F	[A6: BossAnimationScript_Lizard_Damaged_ThrowUp]
DB/FAF6: 0370	[A7: BossAnimationScript_Lizard_Idle_DownView]
DB/FAF8: 0E70	[A8: BossAnimationScript_Lizard_Walk_DownView]
DB/FAFA: 5170	[A9: BossAnimationScript_Lizard_Devour_DownView (Dummied Out)]
DB/FAFC: 5170	[AA: BossAnimationScript_Lizard_Devour_DownView]
DB/FAFE: 8870	[AB: BossAnimationScript_Lizard_Swallow_DownView]
DB/FB00: 9670	[AC: BossAnimationScript_Lizard_Damaged (Dummied Out)]
DB/FB02: 9670	[AD: BossAnimationScript_Lizard_Damaged]
DB/FB04: 9B70	[AE: BossAnimationScript_Lizard_Dead]
DB/FB06: A070	[AF: BossAnimationScript_Lizard_Idle_BackView]
DB/FB08: AB70	[B0: BossAnimationScript_Lizard_Walk_BackView]
DB/FB0A: EE70	[B1: BossAnimationScript_Lizard_Devour_BackView (Dummied Out)]
DB/FB0C: EE70	[B2: BossAnimationScript_Lizard_Devour_BackView]
DB/FB0E: 2571	[B3: BossAnimationScript_Lizard_Swallow_BackView]
DB/FB10: 3371	[B4: BossAnimationScript_Tonpole_Explode]
DB/FB12: 4A71	[B5: BossAnimationScript_Tonpole_Attack]

[Gigas Family]
DB/FB14:	5971	[B6: BossAnimationScript_Gigas_Idle]
DB/FB16:	6071	[B7: BossAnimationScript_Gigas_WalkSideView]
DB/FB18:	7671	[B8: BossAnimationScript_Gigas_FaceDown]
DB/FB1A:	7971	[B9: BossAnimationScript_Gigas_ClawAttack]
DB/FB1C:	9A71	[BA: BossAnimationScript_Gigas_Disassemble]
DB/FB1E:	AF71	[BB: BossAnimationScript_Gigas_Reassemble]
DB/FB20:	C471	[BC: BossAnimationScript_Gigas_Damaged]
DB/FB22:	C771	[BD: BossAnimationScript_Gigas_SkillUse_OrbCrush]
DB/FB24:	EA71	[BE: BossAnimationScript_Gigas_SkillUse_WindBlow (Dummied Out)]
DB/FB26:	EA71	[BF: BossAnimationScript_Gigas_SkillUse_WindBlow]
DB/FB28:	F971	[C0: BossAnimationScript_Gigas_TeleportOrb]

[Hexas]
DB/FB2A:	0372	[C1: BossAnimationScript_Hexas_Idle]
DB/FB2C:	1C72	[C2: BossAnimationScript_Hexas_Movement]
DB/FB2E:	3572	[C3: BossAnimationScript_Hexas_Damaged]
DB/FB30:	3B72	[C4: BossAnimationScript_Hexas_LowerArmSpellCast]
DB/FB32:	7572	[C5: BossAnimationScript_Hexas_UpperArmSpellCast]
DB/FB34:	AF72	[C6: BossAnimationScript_Hexas_LowerToUpperArmSpellCast]
DB/FB36:	0173	[C7: BossAnimationScript_HexasSerpent_Idle_01]
DB/FB38:	0473	[C8: BossAnimationScript_HexasSerpent_Idle_02]
DB/FB3A:	0773	[C9: BossAnimationScript_HexasSerpent_Idle_03]
DB/FB3C:	0A73	[CA: BossAnimationScript_HexasSerpent_Idle_04]
DB/FB3E:	0D73	[CB: BossAnimationScript_Hexas_SpellSummon (Dummied Out)]
DB/FB40:	0D73	[CC: BossAnimationScript_Hexas_SpellSummon (Dummied Out)]
DB/FB42:	0D73	[CD: BossAnimationScript_Hexas_SpellSummon]

[Vampire Family]
DB/FB44:	4073	[CE: BossAnimationScript_Vampire_IdleGround]
DB/FB46:	4373	[CF: BossAnimationScript_Vampire_RightHeadTurn]
DB/FB48:	4673	[D0: BossAnimationScript_Vampire_LeftHeadTurn]
DB/FB4A:	4973	[D1: BossAnimationScript_Vampire_JumpLanding]
DB/FB4C:	4F73	[D2: BossAnimationScript_Vampire_TakeFlight]
DB/FB4E:	5B73	[D3: BossAnimationScript_Vampire_Flight]
DB/FB50:	5E73	[D4: BossAnimationScript_Vampire_FlightLanding]
DB/FB52:	6A73	[D5: BossAnimationScript_Vampire_Damaged]
DB/FB54:	6D73	[D6: BossAnimationScript_Vampire_ClawAttack]
DB/FB56:	8873	[D7: BossAnimationScript_Vampire_ClawFrame]
DB/FB58:	9773	[D8: BossAnimationScript_Vampire_BloodDrain]
DB/FB5A:	AD73	[D9: BossAnimationScript_Vampire_BloodDrainClaws]
DB/FB5C:	C073	[DA: BossAnimationScript_Vampire_SmileOpenCape]
DB/FB5E:	C373	[DB: BossAnimationScript_Vampire_FootHop]
DB/FB60:	CC73	[DC: BossAnimationScript_Vampire_SnapSpellCast]
DB/FB62:	E073	[DD: BossAnimationScript_Vampire_AlternatingSnapSpellCast]
DB/FB64:	E473	[DE: BossAnimationScript_Vampire_DoubleSnapSpellCast]
DB/FB66:	FA73	[DF: BossAnimationScript_Vampire_IdleBlink]
DB/FB68:	0374	[E0: BossAnimationScript_Vampire_SpellSummon]
DB/FB6A:	1574	[E1: BossAnimationScript_Vampire_MiniBat]
DB/FB6C:	1574	[E2: BossAnimationScript_Vampire_MiniBat]
DB/FB6E:	1574	[E3: BossAnimationScript_Vampire_MiniBat]
DB/FB70:	1574	[E4: BossAnimationScript_Vampire_MiniBat]
DB/FB72:	1574	[E5: BossAnimationScript_Vampire_MiniBat]

[Elliot]
DB/FB74:	1C74	[E6: BossAnimationScript_MantisAnt_ElliotScared]
DB/FB76:	2674	[E7: BossAnimationScript_MantisAnt_ElliotPoint]

[Dark Lich]
DB/FB78:	3074	[E8: BossAnimationScript_DarkLich_Idle]
DB/FB7A:	4974	[E9: BossAnimationScript_DarkLich_LookSideView]
DB/FB7C:	6274	[EA: BossAnimationScript_DarkLich_Damaged]
DB/FB7E:	8074	[EB: BossAnimationScript_DarkLich_SpellCast_EvilGate]
DB/FB80:	9274	[EC: BossAnimationScript_DarkLich_SpellCast_HPAbsorb]
DB/FB82:	A474	[ED: BossAnimationScript_DarkLich_SpellCast_DarkForce]
DB/FB84:	BB74	[EE: BossAnimationScript_DarkLich_SpellCast_DispelMagic]
DB/FB86:	D374	[EF: BossAnimationScript_DarkLich_SpellCast_Thunderbolt]
DB/FB88:	E874	[F0: BossAnimationScript_DarkLich_SpellCast_EarthSlide]
DB/FB8A:	0A75	[F1: BossAnimationScript_DarkLich_SpellCast_Freeze]
DB/FB8C:	1F75	[F2: BossAnimationScript_DarkLich_SkillUse]
DB/FB8E:	2B75	[F3: BossAnimationScript_DarkLich_GasSkillUse]
DB/FB90:	3775	[F4: BossAnimationScript_DarkLich_SkeletalHands_Idle]
DB/FB92:	3E75	[F5: BossAnimationScript_DarkLich_SkeletalHands_HeadPeak]
DB/FB94:	4775	[F6: BossAnimationScript_DarkLich_SkeletalHands_HeadOut]
DB/FB96:	4E75	[F7: BossAnimationScript_DarkLich_SkeletalHands_Damaged]
DB/FB98:	5575	[F8: BossAnimationScript_DarkLich_SkeletalHands_HeadHiding]
DB/FB9A:	5E75	[F9: BossAnimationScript_DarkLich_SkeletalHands_SkeletalSqueeze]
DB/FB9C:	8575	[FA: BossAnimationScript_DarkLichBody_Layer2_Idle]
DB/FB9E:	B575	[FB: BossAnimationScript_DarkLichBody_Layer2_Fade]
DB/FBA0:	BE75	[FC: BossAnimationScript_SkeletalHands_Layer2_Fade]

[Mech Rider]
DB/FBA2:	C775	[FD: BossAnimationScript_MechRider_Idle]
DB/FBA4:	EA75	[FE: BossAnimationScript_MechRider_HorizontalMovement]
DB/FBA6:	2576	[FF: BossAnimationScript_MechRider_BikeDrift]
DB/FBA8:	4876	[100: BossAnimationScript_MechRider_Idle_DownView]
DB/FBAA:	4F76	[101: BossAnimationScript_MechRider_SpellSkillUse]
DB/FBAC:	7576	[102: BossAnimationScript_MechRider_OpenMissilePod]
DB/FBAE:	8676	[103: BossAnimationScript_MechRider_CloseMissilePod]
DB/FBB0:	9276	[104: BossAnimationScript_MechRider_VerticalMissile]
DB/FBB2:	9576	[105: BossAnimationScript_MechRider_AngledMissile]
DB/FBB4:	9876	[106: BossAnimationScript_MechRider_HorizontalMissile]
DB/FBB6:	9B76	[107: BossAnimationScript_MechRider_Idle_SlowGas (Dummied Out)]
DB/FBB8:	A376	[108: BossAnimationScript_MechRider_BikeGasClouds]
DB/FBBA:	BB76	[109: BossAnimationScript_MechRider_FastBikeGasClouds]
DB/FBBC:	D376	[10A: BossAnimationScript_MechRider_TurnTail]

[Lime Slime/Dread Slime]
DB/FBBE:	1377	[10B: BossAnimationScript_Slime_Idle]
DB/FBC0:	4477	[10C: BossAnimationScript_Slime_SlimeShoot]
DB/FBC2:	5977	[10D: BossAnimationScript_Slime_SlimeFlight]
DB/FBC4:	6377	[10E: BossAnimationScript_Slime_SlimeCrash]
DB/FBC6:	7877	[10F: BossAnimationScript_SlimeBody_Layer2_Idle]

[Mana Beast]
DB/FBC8:	8577	[110: BossAnimationScript_ManaBeast_CloseIdle]
DB/FBCA:	9477	[111: BossAnimationScript_ManaBeast_DistanceUTurn]
DB/FBCC:	CC77	[112: BossAnimationScript_ManaBeast_DistanceIdle]
DB/FBCE:	D577	[113: BossAnimationScript_ManaBeast_FlyInFromDistance]
DB/FBD0:	DB77	[114: BossAnimationScript_ManaBeast_FlyInFromBehind]
DB/FBD2:	E177	[115: BossAnimationScript_ManaBeast_FlyBy]
DB/FBD4:	E777	[116: BossAnimationScript_ManaBeast_Fireball]
DB/FBD6:	ED77	[117: BossAnimationScript_ManaBeast_Invisible]

[Wall Family]
DB/FBD8:	F377	[118: Left Sclera Open]
DB/FBDA:	F877	[119: Junk]
DB/FBDC:	0378	[11A: Left Sclera Opening]
DB/FBDE:	0B78	[11B: Iris]
DB/FBE0:	1078	[11C: ]
DB/FBE2:	1E78	[11D: ]
DB/FBE4:	2C78	[11E: ]
DB/FBE6:	3178	[11F: ]
DB/FBE8:	3978	[120: ]
DB/FBEA:	4178	[121: Center Eye Idle]
DB/FBEC:	4678	[122: ]
DB/FBEE:	5178	[123: ]
DB/FBF0:	5C78	[124: BossAnimationScript_Skill_WallDesperationRockCrashPlayer]
DB/FBF2:	7F78	[125: BossAnimationScript_Skill_WallDesperationRockFloatPlayer]
DB/FBF4:	BE78	[126: BossAnimationScript_Skill_CaveInBoss]
DB/FBF6:	C378	[127: BossAnimationScript_Skill_CaveInPlayer]
DB/FBF8:	DD78	[128: ]
DB/FBFA:	DD78	[129: ]
DB/FBFC:	E378	[12A: ]
DB/FBFE:	E978	[12B: ]
DB/FC00:	EF78	[12C: ]
DB/FC02:	F578	[12D: ]
DB/FC04:	FA78	[12E: ]
DB/FC06:	FF78	[12F: ]
DB/FC08:	0D79	[130: ]
DB/FC0A:	1379	[131: ]
DB/FC0C:	1979	[132: ]

[Layer 2 General]
DB/FC0E:	1F79	[133: BossAnimationScript_Layer2_Invisible]

[Great Viper/Dragon Worm]
DB/FC10:	2479	[134: BossAnimationScript_SnakeFamily_Head_Bite_DownView]
DB/FC12:	2F79	[135: BossAnimationScript_SnakeFamily_Head_Idle_DownView]
DB/FC14:	4479	[136: BossAnimationScript_SnakeFamily_Head_Bite_UpView]
DB/FC16:	4F79	[137: BossAnimationScript_SnakeFamily_Head_Idle_UpView]
DB/FC18:	6479	[138: BossAnimationScript_SnakeFamily_Head_Damaged_DownView]
DB/FC1A:	6979	[139: BossAnimationScript_SnakeFamily_Head_Damaged_UpView]
DB/FC1C:	6E79	[13A: ]
DB/FC1E:	6E79	[13B: ]
DB/FC20:	7979	[13C: ]
DB/FC22:	7F79	[13D: ]
DB/FC24:	8579	[13E: ]
DB/FC26:	8B79	[13F: ]
DB/FC28:	8B79	[140: ]
DB/FC2A:	9179	[141: ]

[Spring Beak/Axe Beak]
DB/FC2C:	9779	[142: BossAnimationScript_BeakFamily_Idle_NoLegMovement (Dummied Out)]
DB/FC2E:	9779	[143: BossAnimationScript_BeakFamily_Idle_NoLegMovement (Dummied Out)]
DB/FC30:	9F79	[144: BossAnimationScript_BeakFamily_HairFlareUp]
DB/FC32:	A779	[145: BossAnimationScript_BeakFamily_SkillUse]
DB/FC34:	AF79	[146: BossAnimationScript_BeakFamily_Damaged]
DB/FC36:	B779	[147: BossAnimationScript_BeakFamily_SpellCast]
DB/FC38:	C379	[148: BossAnimationScript_BeakFamily_LegStompSlow (Dummied Out)]
DB/FC3A:	D179	[149: BossAnimationScript_BeakFamily_LegStompFast (Dummied Out)]
DB/FC3C:	E679	[14A: BossAnimationScript_BeakFamily_LegRetractedWithDelay (Dummied Out)]
DB/FC3E:	EC79	[14B: BossAnimationScript_BeakFamily_Jump]
DB/FC40:	067A	[14C: BossAnimationScript_BeakFamily_Idle]
DB/FC42:	2D7A	[14D: BossAnimationScript_BeakFamily_LegRetracted]
DB/FC44:	327A	[14E: BossAnimationScript_BeakFamily_LegExtending_01]
DB/FC46:	377A	[14F: BossAnimationScript_BeakFamily_LegExtending_02]
DB/FC48:	3C7A	[150: BossAnimationScript_BeakFamily_LegExtended]
DB/FC4A:	417A	[151: BossAnimationScript_BeakFamily_FullBodyIdle (Dummied Out)]
DB/FC4C:	417A	[152: BossAnimationScript_BeakFamily_FullBodyIdle (Dummied Out)]

[Dragon Animations]
DB/FC4E:	507A	[153: BossAnimationScript_Dragon_Idle]
DB/FC50:	697A	[154: BossAnimationScript_Dragon_LookAround]
DB/FC52:	797A	[155: BossAnimationScript_Dragon_HeadBack]
DB/FC54:	8B7A	[156: BossAnimationScript_Dragon_SkillUse]
DB/FC56:	AF7A	[157: BossAnimationScript_DragonTail_Idle]
DB/FC58:	D47A	[158: BossAnimationScript_DragonTail_Attack]
DB/FC5A:	F57A	[159: BossAnimationScript_DragonBody_WingBeat (Dummied Out)]
DB/FC5C:	F57A	[15A: BossAnimationScript_DragonBody_WingBeat]
DB/FC5E:	027B	[15B: BossAnimationScript_DragonBody_WingBeat_Fast]

[Skills & Other]
DB/FC60:	097B	[15C: BossAnimationScript_ViperWormBody_Explosion]
DB/FC62:	267B	[15D: BossAnimationScript_Skill_FireFreezeBreathBoss]
DB/FC64:	3D7B	[15E: BossAnimationScript_Skill_FireBreathPlayer]
DB/FC66:	4C7B	[15F: BossAnimationScript_Skill_AcidBreathBoss]
DB/FC68:	697B	[160: BossAnimationScript_Skill_AcidBreathPlayer]
DB/FC6A:	7E7B	[161: BossAnimationScript_Skill_GasAttacksBoss]
DB/FC6C:	A27B	[162: BossAnimationScript_Skill_GasAttacksPlayer]
DB/FC6E:	C97B	[163: BossAnimationScript_Skill_HoopPulseRingAttacksBoss]
DB/FC70:	E77B	[164: BossAnimationScript_Skill_HoopPulseRingAttacksPlayer]
DB/FC72:	227C	[165: BossAnimationScript_Skill_CurrentPlayer]
DB/FC74:	267C	[166: BossAnimationScript_Skill_GlareAttacksBoss]
DB/FC76:	417C	[167: BossAnimationScript_Skill_BubbleAttacksBoss]
DB/FC78:	627C	[168: BossAnimationScript_Skill_BubbleAttacksPlayer]
DB/FC7A:	AA7C	[169: ]
DB/FC7C:	CE7C	[16A: BossAnimationScript_Skill_BeamAttacksBoss]
DB/FC7E:	DD7C	[16B: BossAnimationScript_Skill_FreezeBreathPlayer]
DB/FC80:	047D	[16C: BossAnimationScript_Skill_WaveDiffuserCannonBoss]
DB/FC82:	397D	[16D: BossAnimationScript_Skill_WaveDiffuserCannonPlayer]
DB/FC84:	577D	[16E: BossAnimationScript_Skill_BlitzBreathBoss]
DB/FC86:	717D	[16F: BossAnimationScript_Skill_BlitzBreathPlayer]
DB/FC88:	8E7D	[170: BossAnimationScript_Tropicallo_PumpkinBombExplosion]
DB/FC8A:	AB7D	[171: BossAnimationScript_Object_ManaBeastBattlePlatform (Dummied Out)]
DB/FC8C:	B07D	[172: BossAnimationScript_Object_ManaBeastBattlePlatform]
DB/FC8E:	B57D	[173: BossAnimationScript_Object_SlimeCrystalDecorations]
DB/FC90:	BA7D	[174: BossAnimationScript_Skill_BreathWingPlayer]
DB/FC92:	CB7D	[175: BossAnimationScript_Skill_BeamHorizontal]
DB/FC94:	D07D	[176: BossAnimationScript_Skill_Beam115DegreeAngle]
DB/FC96:	D57D	[177: BossAnimationScript_Skill_Beam135DegreeAngle]
DB/FC98:	DA7D	[178: BossAnimationScript_Skill_Beam160DegreeAngle]
DB/FC9A:	DF7D	[179: BossAnimationScript_Skill_BeamVertical]
DB/FC9C:	E47D	[17A: BossAnimationScript_MessageBox]
DB/FC9E:	E87D	[17B: BossAnimationScript_SlimeBody]

--------------------------------------------------------------------------------------------------------------------------------------------------------------------

[BossFrameData_Skill_BlitzBreathPlayer01]
1BFCA0: 0100        [Length: 01]
1BFCA2: E8 E0 84 1F [00: ]

[BossFrameData_Skill_BlitzBreathPlayer02]
1BFCA6: 0100        [Length: 01]
1BFCA8: E8 E0 88 1F [00: ]

[BossFrameData_Skill_BlitzBreathPlayer03]
1BFCAC: 0500        [Length: 05]
1BFCAE: E0 D8 C2 1F [00: ]
1BFCB2: E0 E8 C2 9F [01: ]
1BFCB6: F0 E8 C2 DF [02: ]
1BFCBA: F0 D8 C2 5F [03: ]
1BFCBE: 08 F8 84 1F [04: ]

[BossFrameData_Skill_BlitzBreathPlayer04]
1BFCC2: 0600        [Length: 06]
1BFCC4: E0 D8 C0 1F [00: ]
1BFCC8: E0 E8 C0 9F [01: ]
1BFCCC: F0 E8 C0 DF [02: ]
1BFCD0: F0 D8 C0 5F [03: ]
1BFCD4: 08 F8 88 1F [04: ]
1BFCD8: E0 08 84 1F [05: ]

[BossFrameData_Skill_BlitzBreathPlayer05]
1BFCDC: 0500        [Length: 05]
1BFCDE: 00 F0 C2 1F [00: ]
1BFCE2: 00 00 C2 9F [01: ]
1BFCE6: 10 00 C2 DF [02: ]
1BFCEA: 10 F0 C2 5F [03: ]
1BFCEE: E0 08 88 1F [04: ]

[BossFrameData_Skill_BlitzBreathPlayer06]
1BFCF2: 0900        [Length: 09]
1BFCF4: 00 F0 C0 1F [00: ]
1BFCF8: 00 00 C0 9F [01: ]
1BFCFC: 10 00 C0 DF [02: ]
1BFD00: 10 F0 C0 5F [03: ]
1BFD04: D8 00 C2 1F [04: ]
1BFD08: D8 10 C2 9F [05: ]
1BFD0C: E8 00 C2 5F [06: ]
1BFD10: E8 10 C2 DF [07: ]
1BFD14: 00 10 84 1F [08: ]

[BossFrameData_Skill_BlitzBreathPlayer07]
1BFD18: 0500        [Length: 05]
1BFD1A: D8 00 C0 1F [00: ]
1BFD1E: D8 10 C0 9F [01: ]
1BFD22: E8 10 C0 DF [02: ]
1BFD26: E8 00 C0 5F [03: ]
1BFD2A: 00 10 88 1F [04: ]

[BossFrameData_Skill_BlitzBreathPlayer08]
1BFD2E: 0400        [Length: 04]
1BFD30: F8 08 C2 1F [00: ]
1BFD34: 08 08 C2 5F [01: ]
1BFD38: 08 18 C2 DF [02: ]
1BFD3C: F8 18 C2 9F [03: ]

[BossFrameData_Skill_BlitzBreathPlayer09]
1BFD40: 0400        [Length: 04]
1BFD42: F8 08 C0 1F [00: ]
1BFD46: F8 18 C0 9F [01: ]
1BFD4A: 08 18 C0 DF [02: ]
1BFD4E: 08 08 C0 5F [03: ]

--------------------------------------------------------------------------------------------------------------------------------------------------------------------

[BossFrameData_Tropicallo_PumpkinBombExplosion_01]
1BFD52: 0100        [Length: 01]
1BFD54: F8 E8 8C 1F [00: ]
1BFD58: 00 00 06 06 [01: ]
1BFD5A: 00 00 00 00 [02: ]

[BossFrameData_Tropicallo_PumpkinBombExplosion_02]
1BFD60: 0100        [Length: 01]
1BFD62: F8 E8 8A 1F [00: ]
1BFD66: 00 00 08 08 [01: ]
1BFD6A: 00 00 00 00 [02: ]

[BossFrameData_Tropicallo_PumpkinBombExplosion_03]
1BFD6E: 0400        [Length: 04]
1BFD70: F0 E0 8E 5F [00: ]
1BFD74: 00 E0 8E 1F [01: ]
1BFD78: 00 F0 8E 9F [02: ]
1BFD7C: F0 F0 8E DF [03: ]
1BFD7F: 00 00 0C 0C [04: ]
1BFD84: 00 00 00 00 [05: ]

[BossFrameData_Tropicallo_PumpkinBombExplosion_04]
1BFD88: 0400        [Length: 04]
1BFD8A: F0 E0 80 1F [00: ]
1BFD8E: 00 E0 80 5F [01: ]
1BFD92: F0 F0 A0 1F [02: ]
1BFD96: 00 F0 A0 5F [03: ]
1BFD9A: 00 00 10 10 [04: ]
1BFD9E: 00 00 00 00 [05: ]

[BossFrameData_Tropicallo_PumpkinBombExplosion_05]
1BFDA2: 0400        [Length: 04]
1BFDA4: F0 E0 82 5F [00: ]
1BFDA8: 00 E0 82 1F [01: ]
1BFDAC: F0 F0 A2 5F [02: ]
1BFDAF: 00 F0 A2 1F [03: ]
1BFDB4: 00 00 10 10 [04: ]
1BFDB8: 00 00 00 00 [05: ]

[BossFrameData_Tropicallo_PumpkinBombExplosion_06]
1BFDBC: 0400        [Length: 04]
1BFDBE: F0 E0 84 1F [00: ]
1BFDC2: 00 E0 84 5F [01: ]
1BFDC6: F0 F0 A4 1F [02: ]
1BFDCA: 00 F0 A4 5F [03: ]
1BFDCE: 00 00 14 14 [04: ]
1BFDD2: 00 00 00 00 [05: ]

[BossFrameData_Tropicallo_PumpkinBombExplosion_07]
1BFDD6: 0400        [Length: 04]
1BFDD8: F0 E0 86 5F [00: ]
1BFDDC: 00 E0 86 1F [01: ]
1BFDE0: F0 F0 A6 5F [02: ]
1BFDE4: 00 F0 A6 1F [03: ]
1BFDE8: 00 00 14 14 [04: ]
1BFDEC: 00 00 00 00 [05: ]

[BossFrameData_Tropicallo_PumpkinBombExplosion_08]
1BFDF0: 0400        [Length: 04]
1BFDF2: F0 E0 88 5F [00: ]
1BFDF4: 00 E0 88 1F [01: ]
1BFDFA: F0 F0 A8 5F [02: ]
1BFDFE: 00 F0 A8 1F [03: ]
1BFE02: 00 00 14 14 [04: ]
1BFE06: 00 00 00 00 [05: ]

--------------------------------------------------------------------------------------------------------------------------------------------------------------------

[BossFrameData_Object_ManaBeastBattlePlatform]
1BFE0A: 1B00        [Length: 1B]
1BFE0C: E8 10 0C 2A [00: ]
1BFE10: 08 10 0C 4A [01: ]
1BFE14: 08 20 2C 4A [02: ]
1BFE18: F8 30 22 0C [03: ]
1BFE1A: E8 30 40 0A [04: ]
1BFE20: 08 30 40 4A [05: ]
1BFE24: E8 00 28 0C [06: ]
1BFE28: 08 00 28 4C [07: ]
1BFE2C: F8 00 0A 0C [08: ]
1BFE30: C8 F0 24 2C [09: ]
1BFE34: 18 F0 24 6C [0A: ]
1BFE38: C8 10 2A 0C [0B: ]
1BFE3C: 28 10 2A 4C [0C: ]
1BFE40: D8 10 22 0C [0D: ]
1BFE44: 18 10 22 4C [0E: ]
1BFE48: 18 20 22 4C [0F: ]
1BFE4C: 18 30 22 4C [10: ]
1BFE50: D8 20 22 0C [11: ]
1BFE54: D8 30 22 0C [12: ]
1BFE58: C8 20 22 0A [13: ]
1BFE5C: 28 20 22 4A [14: ]
1BFE60: C8 30 40 0A [15: ]
1BFE64: 28 30 40 4A [16: ]
1BFE68: A8 20 20 2A [17: ]
1BFE6C: B8 10 20 0A [18: ]
1BFE70: 38 20 20 6A [19: ]
1BFE74: 38 10 20 4A [1A: ]

--------------------------------------------------------------------------------------------------------------------------------------------------------------------

[BossFrameData_Object_SlimeCrystalDecorations]
1BFE78: 1200        [Length: 12]
1BFE7A: A0 D0 44 0C [00: ]
1BFE7E: D0 C0 44 0C [01: ]
1BFE82: C0 A0 40 0C [02: ]
1BFE86: C0 B0 42 0C [03: ]
1BFE8A: 20 C0 44 0C [04: ]
1BFE8E: 30 A0 40 0C [05: ]
1BFE92: 30 B0 42 0C [06: ]
1BFE96: 50 D0 44 0C [07: ]
1BFE9A: 70 00 44 0C [08: ]
1BFE9E: 20 50 44 0C [09: ]
1BFEA2: 60 40 44 0C [0A: ]
1BFEA6: 50 20 40 0C [0B: ]
1BFEAA: 50 30 42 0C [0C: ]
1BFEAE: 80 00 44 0C [0D: ]
1BFEB2: D0 50 44 0C [0E: ]
1BFEB6: 90 40 44 0C [0F: ]
1BFEBA: A0 20 40 0C [10: ]
1BFEBE: A0 30 42 0C [11: ]

--------------------------------------------------------------------------------------------------------------------------------------------------------------------

[BossFrameData_Skill_BreathWingPlayer01]
;     Despite being considered an enemy skill, the graphics for this attack are loaded with the dragon tiles.
;     This means only a dragon boss can use the attack correctly.
1BFEC2: 0500        [Length: 05]
1BFEC4: E0 10 86 0E [00: ]
1BFEC8: E0 10 86 0E [01: ]
1BFECC: 10 00 86 0E [02: ]
1BFED0: 00 18 86 0E [03: ]
1BFED4: D3 00 86 0E [04: ]

[BossFrameData_Skill_BreathWingPlayer02]
1BFED8: 0600        [Length: 06]
1BFEDA: DC 14 88 0E [00: ]
1BFEDE: 1A 03 88 0E [01: ]
1BFEE2: 02 1D 88 0E [02: ]
1BFEE6: CF 02 88 0E [03: ]
1BFEEA: F0 10 86 0E [04: ]
1BFEEE: 10 10 86 0E [05: ]

[BossFrameData_Skill_BreathWingPlayer03]
1BFEF2: 0600        [Length: 06]
1BFEF4: D8 17 8A 0E [00: ]
1BFEF8: 21 06 8A 0E [01: ]
1BFEFC: 03 25 8A 0E [02: ]
1BFF00: CB 04 8A 0E [03: ]
1BFF04: F0 16 88 0E [04: ]
1BFF08: 14 14 88 0E [05: ]

[BossFrameData_Skill_BreathWingPlayer04]
1BFF0C: 0600        [Length: 06]
1BFF0E: D6 1A 8C 0E [00: ]
1BFF12: 2A 0B 8C 0E [01: ]
1BFF16: 04 28 8C 0E [02: ]
1BFF1A: C3 06 8C 0E [03: ]
1BFF1E: F0 1B 8A 0E [04: ]
1BFF22: 18 18 8A 0E [05: ]

[BossFrameData_Skill_BreathWingPlayer05]
1BFF26: 0200        [Length: 02]
1BFF28: F0 1F 8C 0E [00: ]
1BFF2C: 1C 1C 8C 0E [01: ]

--------------------------------------------------------------------------------------------------------------------------------------------------------------------

[BossFrameData_Skill_BeamHorizontal]
1BFF30: 0200        [Length: 02]
1BFF32: FE F9 AE 1F [00: ]
1BFF36: 0C F9 AE 1F [01: ]
1BFF3A: 00 00 04 04 [02: ]
1BFF3E: 14 00 00 00 [03: ]

[BossFrameData_Skill_Beam150DegreeAngle]
1BFF42: 0200        [Length: 02]
1BFF44: 00 FB AA 1F [00: ]
1BFF48: 10 03 AA 1F [01: ]
1BFF4C: 00 00 04 04 [02: ]
1BFF50: 18 0B 00 00 [03: ]

[BossFrameData_Skill_Beam135DegreeAngle]
1BFF54: 0200        [Length: 02]
1BFF56: 00 00 A6 1F [00: ]
1BFF5A: 0E 0E A6 1F [01: ]
1BFF5E: 00 00 04 04 [02: ]
1BFF62: 16 16 00 00 [03: ]

[BossFrameData_Skill_Beam115DegreeAngle]
1BFF66: 0200        [Length: 02]
1BFF68: FC 00 A8 1F [00: ]
1BFF6C: 04 10 A8 1F [01: ]
1BFF70: 00 00 04 04 [02: ]
1BFF74: 0C 18 00 00 [03: ]

[BossFrameData_Skill_BeamVertical]
1BFF78: 0200        [Length: 02]
1BFF7A: F8 FF AC 1F [00: ]
1BFF7E: F8 0D AC 1F [01: ]
1BFF82: 00 00 04 04 [02: ]
1BFF86: 00 15 00 00 [03: ]

--------------------------------------------------------------------------------------------------------------------------------------------------------------------

[...?]
DB/FF8A:	C0 C1 C2 C3 C4 C5 C6 C7 C8 C9 CA CB CC CD CE CF CF
DB/FF9B:	D0 D1 D2 D3 D4 D5 D6 D7 D7 D8 D9 DA DB DC DC DD DE DF
DB/FFAD:	E0 E0 E1 E2 E3 E3 E4 E5 E5 E6 E7 E7 E8 E9 E9 EA EB EB EC ED ED EE EE EF EF
DB/FFC6:	F0 F1 F1 F2 F2 F3 F3 F4 F4 F5 F5 F5 F6 F6 F7 F7 F8 F8 F8 F9 F9 F9 FA FA FA FB FB FB FC FC FC FC FD FD FD FD FE FE FE FE FE FF
DB/FFF0:	FFFF FFFF FFFF FFFF FFFF FFFF FFFF FFFF