[0000-8000: Sprite Graphics]
[8000-????: Map Tile Add On Graphics(Flames, etc)]

--------------------------------------------------------------------------------------------

[DB: GraphicData_GeyserEffect]
;     These graphics are used in exactly one place: When Randi crashes after falling off the Waterfall Log Bridge.
1C0000: 1236 1137 183B 131B 191D 0C1F 0717 0511
1C0010: 3C00 3E00 3F10 1D00 1E10 1F08 0F03 0F00
1C0020: 8ACF 18FF 84BD 085A 6B6E 6677 6BFF BBFF
1C0030: 6500 EF00 FF00 FF00 F742 FF42 FF21 FF18
1C0040: 0510 0114 0114 0514 0514 0114 0114 0114
1C0050: 0F00 0F00 0F00 0F00 0F00 0F00 0F00 0F00
1C0060: 6EFF 6AFF 6AFF 6AFF 6AFF 6AFF 6AFF 6AFF
1C0070: FF28 FF28 FF28 FF28 FF28 FF28 FF28 FF28
1C0080: 2D18 1D32 0C1D 0206 0001 0000 0000 0000
1C0090: 0700 0F00 0300 0100 0000 0000 0000 0000
1C00A0: 7EFF 7EFF 3DFE 4A35 6CFF 0000 0000 0000
1C00B0: FF28 FF28 FF00 FF00 0000 0000 0000 0000
1C00C0: 0167 31F9 0E7F 7FFF 777F FBFF 4757 0515
1C00D0: 1800 7E00 3F00 3F34 FF46 4F01 0B00 0B00
1C00E0: 4D31 01FF 6667 A5FF FFFF FFFF FDBF FD7F
1C00F0: FE00 0000 9900 FF00 FF67 FF5A CE08 B210
1C0100: 0000 8180 0008 0000 0404 0020 0000 0000
1C0110: 0000 8100 0800 0000 0400 2000 0000 0000
1C0120: 0080 0000 2020 0202 0000 0010 0000 0000
1C0130: 8000 0000 0000 0200 0000 1000 0000 0000

[Buffer Space]
1C0140: FFFF FFFF FFFF FFFF FFFF FFFF FFFF FFFF
1C0150: FFFF FFFF FFFF FFFF FFFF FFFF FFFF FFFF
1C0160: FFFF FFFF FFFF FFFF FFFF FFFF FFFF FFFF
1C0170: FFFF FFFF FFFF FFFF FFFF FFFF FFFF FFFF
1C0180: FFFF FFFF FFFF FFFF FFFF FFFF FFFF FFFF
1C0190: FFFF FFFF FFFF FFFF FFFF FFFF FFFF FFFF
1C01A0: FFFF FFFF FFFF FFFF FFFF FFFF FFFF FFFF
1C01B0: FFFF FFFF FFFF FFFF FFFF FFFF FFFF FFFF

[D3: GraphicData_HighStepper]
1C01C0: 0000 0600 0C00 1E07 1507 3002 3002 3C00
1C01D0: 0000 0303 0700 0800 0A02 1F02 1F02 1F00
1C01E0: 1F00 2800 2D01 443C 4328 3C00 0000 0000
1C01F0: 0F08 1F07 1E10 3F02 2A16 0000 0000 0000
1C0200: 0000 0600 0C00 1E07 1505 3000 3002 3C00
1C0210: 0000 0303 0700 0800 0A00 1F00 1F02 1F00
1C0220: 0000 0000 0000 0000 0600 1C00 3607 630F
1C0230: 0000 0000 0000 0000 0303 0700 1800 3C0C
1C0240: 6002 2E00 7000 8E78 8650 7800 0000 0000
1C0250: 3F02 1F10 3F2F 7F00 532B 0000 0000 0000
1C0260: 0300 0600 0D01 0A03 1B03 1903 1903 1802
1C0270: 0101 0300 0600 0400 0C00 0E02 0E02 0F02
1C0280: 1802 1C04 0F03 0700 0300 0000 0001 0001
1C0290: 0F02 0B00 0400 0300 0000 0000 0101 0101
1C02A0: 1840 3820 F0C0 E000 C000 0080 0000 0000
1C02B0: F040 D000 2000 C000 0000 8080 0000 0000
1C02C0: 0001 0000 0000 0000 0001 0601 0E07 1B0C
1C02D0: 0101 0000 0000 0000 0101 0303 0107 030F
1C02E0: 0000 0080 0080 0080 0000 6000 F0E0 58B0
1C02F0: 0000 8080 8080 8080 0000 C0C0 00E0 C0F0
1C0300: 1906 2800 2D01 443C 4328 3C00 0000 0000
1C0310: 080F 1F07 1E10 3F02 2814 0000 0000 0000
1C0320: 0000 0000 0000 0000 0000 0600 1C00 3707
1C0330: 0000 0000 0000 0000 0000 0303 0700 1800
1C0340: 6407 610D 6002 7000 3E00 0700 0000 0001
1C0350: 3800 3E0C 3F02 3F00 0700 0000 0000 0101
1C0360: 26E0 86B0 0640 0E00 7C00 E000 0080 0000
1C0370: 1C00 7C30 FC40 FC00 E000 0000 8080 0000
1C0380: 0002 0001 0000 0000 0000 0601 0C07 1A0D
1C0390: 0202 0101 0000 0000 0000 0303 0207 030F
1C03A0: 0000 0000 0080 0040 0080 6000 70E0 58B0
1C03B0: 0000 0000 8080 4040 8080 C0C0 00E0 C0F0
1C03C0: 0000 0C00 1800 2407 433B 807C 807F C438
1C03D0: 0000 0707 0F00 1818 0404 0303 1010 0347
1C03E0: 0000 C000 6000 B080 0870 04F8 04F8 8C70
1C03F0: 0000 8080 C000 4040 8080 0000 2020 0088
1C0400: 6B10 2B03 1C00 0003 0000 0403 0F07 180F
1C0410: 072C 1C10 0F0F 0303 0000 0303 0007 030F
1C0420: 5820 5000 E000 0000 00C0 6000 30E0 D830
1C0430: 80D0 E020 C0C0 0000 C0C0 C0C0 C0E0 C0F0
1C0440: 9860 1400 B480 223C C214 3C00 0000 0000
1C0450: 10F0 F8E0 7808 FC40 1428 0000 0000 0000
1C0460: 0000 0000 0000 0000 0000 6000 3800 ECE0
1C0470: 0000 0000 0000 0000 0000 C0C0 E000 1800
1C0480: C000 6000 B080 50C0 D8C0 98C0 98C0 1840
1C0490: 8080 C000 6000 2000 3000 7040 7040 F040

[Buffer Space]
1C04A0: FFFF FFFF FFFF FFFF FFFF FFFF FFFF FFFF
1C04B0: FFFF FFFF FFFF FFFF FFFF FFFF FFFF FFFF

[D2: GraphicData_CrystalOrb]
1C04C0: 0002 020D 1A0E 343A 6877 273E EFBF 9CDC
1C04D0: 0303 0E0F 1515 2303 4101 0141 C000 E380
1C04E0: 0040 C0B0 D860 AC64 66E2 C440 9381 6505
1C04F0: C0C0 70F0 B8A8 DCC0 9E80 BC82 7F00 FB01
1C0500: A1C0 DF60 0877 207F 032E 0615 0B18 0707
1C0510: FF80 FFC1 7F61 5E73 3C3E 1A1E 1F1F 0707
1C0520: AD4D D31A 68FE 14EE C074 60A8 D018 E0E0
1C0530: F301 E783 8686 4ACE 3C7C 5878 F8F8 E0E0

[Buffer Space]
1C0540: FFFF FFFF FFFF FFFF FFFF FFFF FFFF FFFF
1C0550: FFFF FFFF FFFF FFFF FFFF FFFF FFFF FFFF
1C0560: FFFF FFFF FFFF FFFF FFFF FFFF FFFF FFFF
1C0570: FFFF FFFF FFFF FFFF FFFF FFFF FFFF FFFF
1C0580: FFFF FFFF FFFF FFFF FFFF FFFF FFFF FFFF
1C0590: FFFF FFFF FFFF FFFF FFFF FFFF FFFF FFFF
1C05A0: FFFF FFFF FFFF FFFF FFFF FFFF FFFF FFFF
1C05B0: FFFF FFFF FFFF FFFF FFFF FFFF FFFF FFFF
1C05C0: FFFF FFFF FFFF FFFF FFFF FFFF FFFF FFFF
1C05D0: FFFF FFFF FFFF FFFF FFFF FFFF FFFF FFFF
1C05E0: FFFF FFFF FFFF FFFF FFFF FFFF FFFF FFFF
1C05F0: FFFF FFFF FFFF FFFF FFFF FFFF FFFF FFFF
1C0600: FFFF FFFF FFFF FFFF FFFF FFFF FFFF FFFF
1C0610: FFFF FFFF FFFF FFFF FFFF FFFF FFFF FFFF
1C0620: FFFF FFFF FFFF FFFF FFFF FFFF FFFF FFFF
1C0630: FFFF FFFF FFFF FFFF FFFF FFFF FFFF FFFF
1C0640: FFFF FFFF FFFF FFFF FFFF FFFF FFFF FFFF
1C0650: FFFF FFFF FFFF FFFF FFFF FFFF FFFF FFFF
1C0660: FFFF FFFF FFFF FFFF FFFF FFFF FFFF FFFF
1C0670: FFFF FFFF FFFF FFFF FFFF FFFF FFFF FFFF
1C0680: FFFF FFFF FFFF FFFF FFFF FFFF FFFF FFFF
1C0690: FFFF FFFF FFFF FFFF FFFF FFFF FFFF FFFF
1C06A0: FFFF FFFF FFFF FFFF FFFF FFFF FFFF FFFF
1C06B0: FFFF FFFF FFFF FFFF FFFF FFFF FFFF FFFF
1C06C0: FFFF FFFF FFFF FFFF FFFF FFFF FFFF FFFF
1C06D0: FFFF FFFF FFFF FFFF FFFF FFFF FFFF FFFF
1C06E0: FFFF FFFF FFFF FFFF FFFF FFFF FFFF FFFF
1C06F0: FFFF FFFF FFFF FFFF FFFF FFFF FFFF FFFF
1C0700: FFFF FFFF FFFF FFFF FFFF FFFF FFFF FFFF
1C0710: FFFF FFFF FFFF FFFF FFFF FFFF FFFF FFFF
1C0720: FFFF FFFF FFFF FFFF FFFF FFFF FFFF FFFF
1C0730: FFFF FFFF FFFF FFFF FFFF FFFF FFFF FFFF
1C0740: FFFF FFFF FFFF FFFF FFFF FFFF FFFF FFFF
1C0750: FFFF FFFF FFFF FFFF FFFF FFFF FFFF FFFF
1C0760: FFFF FFFF FFFF FFFF FFFF FFFF FFFF FFFF
1C0770: FFFF FFFF FFFF FFFF FFFF FFFF FFFF FFFF
1C0780: FFFF FFFF FFFF FFFF FFFF FFFF FFFF FFFF
1C0790: FFFF FFFF FFFF FFFF FFFF FFFF FFFF FFFF
1C07A0: FFFF FFFF FFFF FFFF FFFF FFFF FFFF FFFF
1C07B0: FFFF FFFF FFFF FFFF FFFF FFFF FFFF FFFF
1C07C0: FFFF FFFF FFFF FFFF FFFF FFFF FFFF FFFF
1C07D0: FFFF FFFF FFFF FFFF FFFF FFFF FFFF FFFF
1C07E0: FFFF FFFF FFFF FFFF FFFF FFFF FFFF FFFF
1C07F0: FFFF FFFF FFFF FFFF FFFF FFFF FFFF FFFF
1C0800: FFFF FFFF FFFF FFFF FFFF FFFF FFFF FFFF
1C0810: FFFF FFFF FFFF FFFF FFFF FFFF FFFF FFFF
1C0820: FFFF FFFF FFFF FFFF FFFF FFFF FFFF FFFF
1C0830: FFFF FFFF FFFF FFFF FFFF FFFF FFFF FFFF
1C0840: FFFF FFFF FFFF FFFF FFFF FFFF FFFF FFFF
1C0850: FFFF FFFF FFFF FFFF FFFF FFFF FFFF FFFF
1C0860: FFFF FFFF FFFF FFFF FFFF FFFF FFFF FFFF
1C0870: FFFF FFFF FFFF FFFF FFFF FFFF FFFF FFFF
1C0880: FFFF FFFF FFFF FFFF FFFF FFFF FFFF FFFF
1C0890: FFFF FFFF FFFF FFFF FFFF FFFF FFFF FFFF
1C08A0: FFFF FFFF FFFF FFFF FFFF FFFF FFFF FFFF
1C08B0: FFFF FFFF FFFF FFFF FFFF FFFF FFFF FFFF
1C08C0: FFFF FFFF FFFF FFFF FFFF FFFF FFFF FFFF
1C08D0: FFFF FFFF FFFF FFFF FFFF FFFF FFFF FFFF
1C08E0: FFFF FFFF FFFF FFFF FFFF FFFF FFFF FFFF
1C08F0: FFFF FFFF FFFF FFFF FFFF FFFF FFFF FFFF

[B9: GraphicData_AdmiralMorie]
1C0900: 0300 0300 0E01 120D 2A19 2E0D 5F30 752C
1C0910: 0000 0100 0101 0101 0501 1909 1110 0200
1C0920: 0000 0000 0000 0100 0201 0300 0503 0A03
1C0930: 0000 0000 0000 0000 0000 0000 0300 0304
1C0940: 6917 AB5B D54D 9D23 F685 6497 EB07 DD23
1C0950: 0000 0703 2301 4000 041C 471E 6710 3B20
1C0960: C000 C000 7080 48B0 5498 74B0 FA0C AE34
1C0970: 0000 8000 8080 8080 A080 9890 8808 4000
1C0980: 96E8 D5DA ABB2 B9C4 6FA0 26E9 D6E2 B9C5
1C0990: 0000 E0C0 C480 0200 2038 E278 E508 DF05
1C09A0: 0000 0000 0000 0000 0000 8000 C080 6040
1C09B0: 0000 0000 0000 0000 0000 0000 0000 8000
1C09C0: 110C 1608 0C00 0000 0000 0000 0000 0000
1C09D0: 000E 000C 0000 0000 0000 0000 0000 0000
1C09E0: 6718 3807 1F00 3513 3D18 7B3B 7531 6E20
1C09F0: 3E18 1F07 0300 011E 001B 043F 0E3F 1F3F
1C0A00: 6F20 6F20 3610 3919 1F0F 1600 1906 0F00
1C0A10: 1F3F 1F3F 0F1F 061F 000F 000F 000F 0000
1C0A20: C53B 3FC0 FA01 ADC0 BC0B FEF9 EFEC CE4C
1C0A30: 7C38 F8C0 C110 8073 00CB 00FB 10FC 307C
1C0A40: A0C0 C000 C080 4000 C000 8000 0000 0000
1C0A50: 0000 0000 8000 0080 0080 0000 0000 0000
1C0A60: CC48 DC98 F8B0 F080 8000 8000 8000 0000
1C0A70: 3078 20B8 00B0 0080 0000 0000 0000 0000
1C0A80: 0000 0000 0000 0100 0201 0300 0201 0503
1C0A90: 0000 0000 0000 0000 0000 0000 0100 0300
1C0AA0: 6917 AB5B D54D 9D23 7605 A497 AB47 6D93
1C0AB0: 0000 0703 2301 4000 841C 471E 2710 BB10
1C0AC0: 0A03 1D00 1906 1700 0E00 0000 0000 0000
1C0AD0: 0304 0006 000E 000E 0000 0000 0000 0000
1C0AE0: B30C 1C03 3700 3D13 7D38 6727 6B23 6D21
1C0AF0: 1E0C 0F03 0308 0116 003B 183F 1C3F 1E3F
1C0B00: 6D21 3313 3F1E 1F00 1500 1B04 0E00 0000
1C0B10: 1E3F 0C1F 001E 0000 000E 000E 0000 0000
1C0B20: 96E8 D5DA ABB2 B9C4 6EA1 24EA D7E3 B6C9
1C0B30: 0000 E0C0 C480 0200 2038 E178 E509 DC08
1C0B40: 0000 0000 0000 0000 8000 C080 2040 E000
1C0B50: 0000 0000 0000 0000 0000 0000 8000 0000
1C0B60: CE31 39C0 EC00 BDC8 BF1C EEEC D6C4 D644
1C0B70: 7930 F0C0 C010 8068 00DC 10FC 38FC 387C
1C0B80: A0C0 50E0 D000 30C0 9040 E000 0000 0000
1C0B90: C000 E000 0060 00E0 00E0 0000 0000 0000
1C0BA0: CE4C FC78 FC00 A800 7000 0000 0000 0000
1C0BB0: 307C 0078 0000 0070 0000 0000 0000 0000
1C0BC0: 0700 0700 1C03 241B 5C3B 6C2B 5C1B 9F58
1C0BD0: 0000 0300 0303 0303 0303 1B0B 3B1B 3B18
1C0BE0: 8000 8000 E000 9060 E870 D850 E860 E468
1C0BF0: 0000 0000 0000 0000 0000 6040 7060 7060
1C0C00: 8F48 E720 BC44 9B7B F737 ABDB 7F40 8FB0
1C0C10: 3B08 1800 0300 0703 0F07 0703 A000 DF90
1C0C20: C448 9C10 F488 6478 BAB4 5D66 FD06 EB14
1C0C30: 7040 6000 0000 8000 C080 8800 1800 F810
1C0C40: 0000 0000 0000 0000 0100 0201 0301 0402
1C0C50: 0000 0000 0000 0000 0000 0000 0000 0100
1C0C60: 0503 0300 0301 0603 0603 0B04 0D02 0600
1C0C70: 0000 0000 0100 0300 0300 0006 0006 0000
1C0C80: 536C BC43 5F80 FB27 F030 6D20 6B23 6624
1C0C90: 9F0C 0F03 8320 033C 0F3F 1F3F 1C3F 193D
1C0CA0: 9D62 7A84 EC00 7080 1000 F810 5810 F810
1C0CB0: FA60 E480 8010 00E0 E0E0 E0F0 E0F0 E0F0
1C0CC0: 6622 7E3A 3F1B 1F02 0700 0200 0200 0100
1C0CD0: 193B 013B 001B 0002 0001 0001 0001 0000
1C0CE0: F810 5810 1810 F020 7080 2000 2000 C000
1C0CF0: E0F0 E0F0 E0F0 0020 00C0 00C0 00C0 0000
1C0D00: 0000 0000 0000 0000 0100 0201 0503 0602
1C0D10: 0000 0000 0000 0000 0000 0000 0000 0100
1C0D20: 8F48 E720 BC44 9B7B F737 EB9B 7F40 DFE0
1C0D30: 3B08 1800 0300 0703 0F07 4703 A000 BFA0
1C0D40: 0301 0502 0A07 150A 1E00 0C00 0000 0000
1C0D50: 0000 0200 0700 020C 000C 0000 0000 0000
1C0D60: A7D8 7887 DF00 7B27 6020 DD40 D840 C644
1C0D70: 3F18 1F07 0720 033C 1F3F 3F7F 3F7F 397D
1C0D80: C644 6624 7F3D 3F00 2B00 1D00 0000 0000
1C0D90: 397D 193D 003D 0000 001C 0000 0000 0000
1C0DA0: C448 9C10 F488 6478 BEB0 5D66 FA03 ED16
1C0DB0: 7040 6000 0000 8000 C080 8800 1C00 F810
1C0DC0: 0000 0000 0000 0000 0000 0000 8000 0000
1C0DD0: 0000 0000 0000 0000 0000 0000 0000 0000
1C0DE0: 9F60 7D83 EA01 7990 1810 CC08 6C08 6C08
1C0DF0: F860 E380 8110 00F0 E0F0 F0F8 F0F8 F0F8
1C0E00: 8000 4080 4080 8000 0000 0000 0000 0000
1C0E10: 0000 8000 8000 0000 0000 0000 0000 0000
1C0E20: 6C08 6800 1810 F0E0 F000 B040 E000 0000
1C0E30: F0F8 F0F0 E0F0 00E0 0000 00E0 0000 0000
1C0E40: BA00 BA00 F644 CE4C FC30 9400 6208 1E00
1C0E50: 7C7C 7C7C 387C 307C 0030 0078 001C 0000
1C0E60: 4D00 5D00 5D00 6F22 B312 9F0C 5508 3E00
1C0E70: 3E3E 3E3E 3E3E 1C3E 0C5E 006C 003E 0000
1C0E80: 0F00 3807 601F 4F30 D72F AC5C BB5B FB1B
1C0E90: 0000 0F07 3F1F 3030 6020 4340 4743 4703
1C0EA0: F000 38C0 0CF0 E618 D4E8 2830 7840 ECA8
1C0EB0: 0000 F0C0 F8F0 1C18 0808 C000 8000 3020
1C0EC0: EB1B 5927 5636 6C2D 6324 7C00 7F20 FD43
1C0ED0: 4703 0000 0F06 1E0C 1800 0003 0C00 1800
1C0EE0: 9478 9E5C D736 F10E CE70 44F8 F438 E8D0
1C0EF0: 0000 3818 0C04 0040 70E0 78E0 3800 9080
1C0F00: BA46 7906 5F28 BB6A 9C63 7909 3010 EE20
1C0F10: 1100 1000 2008 640E 6007 060F 0F1F 1F3F
1C0F20: 0100 0201 0201 0300 0300 0300 0200 0100
1C0F30: 0000 0001 0001 0001 0001 0001 0001 0000
1C0F40: 8E80 3F01 3D01 8382 4E48 F800 8000 0000
1C0F50: 7FFF FEFF FEFF 7CFE 30F8 0000 0000 0000
1C0F60: 7860 DC20 7CE0 B678 C53A FFC0 0E08 3604
1C0F70: D040 0800 E000 7800 3886 00C6 F0F8 F8FC
1C0F80: BB82 DD40 ED20 2203 3210 1D00 1200 0C00
1C0F90: 7CFE 3E7E 1E3E 1C1F 0C1F 000E 000C 0000
1C0FA0: 0000 C000 C080 4000 8000 0000 0000 0000
1C0FB0: 0000 0000 8080 0080 0000 0000 0000 0000
1C0FC0: EB1B 5927 5636 6C2D 6324 7C00 1F00 3D05
1C0FD0: 4703 0000 0F06 1E0C 1800 0003 0800 1200
1C0FE0: 9478 9E5C D736 F10E CE70 44F8 3478 C830
1C0FF0: 0000 3818 0C04 0040 70E0 78E0 7880 7000
1C1000: 3A0A 3807 1D0B 1D0B 0E01 1F0E 1909 1300
1C1010: 0702 1000 0308 0308 0100 000E 060F 0F0F
1C1020: F880 EC10 FC00 F880 F8C0 28D0 F800 7060
1C1030: 3000 7810 3800 8000 C000 C030 0030 80E0
1C1040: 3710 3710 3610 3010 1F0F 1700 2E01 3F00
1C1050: 0F1F 0F1F 0F1F 0F1F 000F 000E 001F 0000
1C1060: 7060 5810 6800 E880 D850 FC30 E688 FC00
1C1070: 80E0 A0B0 B0B0 30B0 2070 0030 80DC 0000
1C1080: EB1B 5927 5636 6C2D 6324 7C00 0F00 1B0A
1C1090: 4703 0000 0F06 1E0C 1800 0003 0000 0400
1C10A0: 9478 9E5C D736 F10E CE70 44F8 B478 C830
1C10B0: 0000 3818 0C04 0040 70E0 78E0 7800 F000
1C10C0: 3515 310E 160C 2B1C 2C1B 360A 3C00 1D04
1C10D0: 0E04 0000 0D01 1D01 1803 011B 031B 0307
1C10E0: F800 EC10 FC80 7840 38C0 3C20 DC00 D810
1C10F0: 7000 F810 3880 80C0 00E0 C0E8 E0E8 E0F0
1C1100: 1908 3910 2D04 6C24 6622 7F1C 5220 7F00
1C1110: 070F 0717 1317 1337 193B 001C 003D 0000
1C1120: E800 EC08 EC08 CC08 1810 7C00 CE38 FC00
1C1130: F0F0 F0F8 F0F8 F0F8 E0F0 00E0 08FC 0000
1C1140: EB1B 5927 5636 6C2D 6324 7C00 3F00 6F2C
1C1150: 4703 0000 0F06 1E0C 1800 0003 0000 1908
1C1160: 9478 9E5C D736 F10E CE70 44F8 3478 4AB4
1C1170: 0000 3818 0C04 0040 70E0 78E0 7880 F080
1C1180: 1A0A 1C03 150E 2B1D 2F18 3709 3F01 1F01
1C1190: 0702 0000 0E00 1C01 1800 0019 0019 0001
1C11A0: B7C8 7986 9F90 6F08 8678 C6C4 9B82 BD81
1C11B0: 1E08 2F06 67F0 F0F8 00FC 38FC 7CFE 7EFF
1C11C0: FF05 BF5E B171 E020 F131 FF1E BE00 C000
1C11D0: 0005 005E 0E7F 1F7F 0E7F 005E 0040 0000
1C11E0: BE80 DEC0 EC20 F1D1 DF8E 8F00 0600 0300
1C11F0: 7FFF 3FFF 1F3F 0EDF 008F 0003 0003 0000
1C1200: A0C0 D020 A850 F800 3000 0000 0000 8000
1C1210: 0000 2000 4030 0030 0000 0000 0000 0000
1C1220: 8000 F080 F0A0 9040 2080 4000 8000 0000
1C1230: 0000 0080 20A0 00E0 00C0 0080 0000 0000
1C1240: 0100 0201 0503 0A05 0F00 0600 0000 0000
1C1250: 0000 0100 0300 0106 0006 0000 0000 0000
1C1260: D3EC BC43 6F80 BD13 3010 6E20 6C20 6322
1C1270: 1F0C 0F03 8310 011E 0F1F 1F3F 1F3F 1C3E

[BA: GraphicData_Elinee]
1C1280: 0300 0C03 170F 2A1A 5F3F 723B 8556 D97C
1C1290: 0000 0000 0000 0500 0A0A 1410 2800 0303
1C12A0: 0000 0000 0000 0000 0000 0100 0100 0301
1C12B0: 0000 0000 0000 0000 0000 0000 0000 0000
1C12C0: 872C EE62 AD77 653F DF37 AA86 6E09 E497
1C12D0: 5307 1503 0C05 0D04 0F00 57C1 D3C0 48C0
1C12E0: 0200 0703 0501 0602 0703 0603 0401 0603
1C12F0: 0100 0101 0301 0302 0303 0203 0201 0001
1C1300: B78F DC43 7730 3808 5F83 FFCC FFB7 EDB5
1C1310: 60E0 3070 8C3C C70F 00E3 C0C0 B080 B381
1C1320: 0502 0300 0200 0100 0100 0100 0000 0000
1C1330: 0001 0001 0001 0000 0000 0000 0000 0000
1C1340: 5B2B 7B2B D181 2C8C F737 5CC3 D939 3F00
1C1350: 8703 8703 2F01 5F0C 0F07 003F 0701 0000
1C1360: 0300 0C03 130F 2D1D 4B2B 4B2B 8969 A474
1C1370: 0000 0000 0000 0301 1703 1703 1701 0B00
1C1380: 925A 896F 5333 6919 D32F D8B7 6C1F DA86
1C1390: 2500 1000 0C00 0701 0000 0080 C0C0 61E0
1C13A0: 0200 0602 0501 0703 0703 0501 0501 0602
1C13B0: 0100 0100 0301 0303 0303 0301 0301 0100
1C13C0: AF88 DB43 E7A0 7C4C BF90 FCDC F3D3 A787
1C13D0: 70F8 3C7F 1F3F 830F C080 C3C0 CFC3 DF87
1C13E0: 0200 0301 0100 0100 0100 0000 0000 0000
1C13F0: 0100 0000 0000 0000 0000 0000 0000 0000
1C1400: 6747 E3A3 D858 5F5F AF8F C847 7313 1F00
1C1410: 9F07 1F03 3F18 3F9F 1F6F 201F 0F03 0000
1C1420: 0300 0C03 130F 2A1B 7F3F 9E5F 885A E87A
1C1430: 0000 0000 0000 0C08 1111 2202 2500 0500
1C1440: C000 30C0 68F0 E4E8 64F8 DAE4 AEE4 1E80
1C1450: 0000 0000 0000 1000 4040 8080 183C 7C7C
1C1460: D175 D175 9175 5236 5A3E 291F 360D 7F20
1C1470: 0A00 0A00 0A00 0900 0100 0000 0000 1E3E
1C1480: 6AE0 56F4 4AFC 72FC 2CE0 6C10 B4C8 08C0
1C1490: 1C7C 485C 5048 7800 7810 B000 0000 3000
1C14A0: C140 BE20 F352 8F6F DF7F DF7F BE1F B627
1C14B0: 3F7F 4161 0C40 1F0F 1F1F 1F1F 4E0F 6E27
1C14C0: BC38 7A00 C6C4 D418 AC88 FC48 FCB0 ECB0
1C14D0: C0F8 FCFC 38FC 2000 90C0 40C0 B080 B080
1C14E0: BA2B BDB4 3E3A 3F3C 9F9F 611F 40C0 FF00
1C14F0: 6623 7231 F839 FC3C 7F1F 01FF 3F00 0000
1C1500: F684 D6A4 5A28 DAE8 F918 8BF2 1A1C FC00
1C1510: 8880 8880 8C08 0C08 1C1A 80FC E000 0000
1C1520: 0000 0100 0100 0100 0200 0301 0100 0000
1C1530: 0000 0000 0000 0000 0001 0000 0000 0000
1C1540: 0000 0000 0000 0000 0000 1800 3C18 2E18
1C1550: 0000 0000 0000 0000 0000 0000 1800 1800
1C1560: 1508 2E11 351B 250B 240A 2301 2F03 3717
1C1570: 0802 0002 0002 1002 1102 0D13 130F 0F07
1C1580: 872C EE62 AD77 A57F FF37 42AE EA9D 640F
1C1590: 5307 1503 0C05 0D04 0F00 1701 2320 B030
1C15A0: FDD3 77A3 EA46 150F FEDF F737 CBCB 3B3B
1C15B0: 0919 1939 3170 E0E0 00C0 0800 3C08 FC38
1C15C0: ECE8 D8D0 D8D0 3020 E000 8000 8000 8000
1C15D0: F0E0 E0C0 E0C0 C000 0000 0000 0000 0000
1C15E0: E5E5 E5E5 9999 3031 ECEC 3AC3 9B9C FC00
1C15F0: FAE0 FEE4 FE98 FE30 F0E3 00FC E080 0000
1C1600: 8000 8000 8000 8000 8000 8000 0000 0000
1C1610: 0000 0000 0000 0000 0000 0000 0000 0000
1C1620: 0000 0000 0000 0000 0000 0000 0100 0301
1C1630: 0000 0000 0000 0000 0000 0000 0000 0000
1C1640: 872C EE62 AD77 A57F 7F37 422E F608 1B16
1C1650: 5307 1503 0C05 0D04 0F00 1701 0101 A640
1C1660: 0703 0501 0501 0501 0703 0602 0503 0201
1C1670: 0101 0301 0301 0301 0101 0100 0000 0000
1C1680: D78E BBE5 BEE1 B4E8 FFBB E3CC 2B3B 98F8
1C1690: AEC0 ACE0 A0E0 A3E3 A0E3 C0F0 C400 0F08
1C16A0: DF1F 8F8F B3B3 1C9C 3737 5CC3 D939 3F00
1C16B0: 3F1F 7F0F 7F33 7F1C 0FC7 003F 0701 0000
1C16C0: C000 30C0 E8F0 5458 FAFC 4EDC A368 9F3B
1C16D0: 0000 0000 0000 A000 5050 2808 1400 C3C0
1C16E0: 0000 0000 0000 0000 0000 0000 0000 8000
1C16F0: 0000 0000 0000 0000 0000 0000 0000 0000
1C1700: E533 7A41 BCE7 AFF6 FCE5 4B73 5FB5 20F5
1C1710: CBE0 A7C0 35A4 B424 F604 E286 C103 0A09
1C1720: 8000 C080 4000 2080 E0C0 6040 A080 6080
1C1730: 0000 0000 8000 4000 4040 C040 C080 00C0
1C1740: F8D4 76A2 EE42 150B EEDD F332 CACB 3B3B
1C1750: 0B18 1938 3170 E0E0 00C0 0C00 3C08 FC38
1C1760: 2000 6040 6040 A0C0 4080 8000 8000 8000
1C1770: C000 8000 8000 0000 0000 0000 0000 0000
1C1780: 0000 0000 0000 0000 0E00 1B0A 3D1D 3212
1C1790: 0000 0000 0000 0000 0000 0400 0E0C 1F12
1C17A0: 672E 6635 4F1D 6C3B 6F31 B46F FF6D B60D
1C17B0: 1404 0D04 2908 2320 2720 2D24 0F00 4E01
1C17C0: BD12 FD4B EA41 7928 5FA3 FFCC FFB7 EDB5
1C17D0: 4310 1318 1D1C 860E 0083 C0C0 B080 B381
1C17E0: 6635 4F1D 6C3B 6F31 B46F DF4D B62D BD12
1C17F0: 0D04 2908 2320 2720 2D24 2F00 4E01 4310
1C1800: FD48 EF41 F552 7F2D 5FA2 FFCC FFB7 EDB5
1C1810: 1218 1819 0A18 810C 0082 C0C0 B080 B381
1C1820: 0100 0100 0100 0100 0100 0100 0000 0000
1C1830: 0000 0000 0000 0000 0000 0000 0000 0000
1C1840: 0000 0000 0000 0E00 1B0A 3D1D 3212 672E
1C1850: 0000 0000 0000 0000 0400 0E0C 1F12 1404
1C1860: 0000 0000 0000 0000 0000 0000 0000 0000
1C1870: 0000 0000 0000 0000 0000 0000 0000 0000

[BC: GraphicData_GreenHairFemaleVillager]
1C1880: 0000 0F00 1109 2F1F 3515 612F 6D3D 5637
1C1890: 0000 0000 0600 0000 0E04 1000 0E0C 1810
1C18A0: 0000 F000 48D0 74F8 ACA8 82F4 B6BC 52D8
1C18B0: 0000 0000 2000 0000 7020 0800 6020 3410
1C18C0: 4B2C AA6E 521E EE75 4E34 905E DA55 CE51
1C18D0: 1000 1107 2107 0F06 0F06 2700 2300 2400
1C18E0: B67C 296E 5674 6BBE 663C 0674 56B4 56B0
1C18F0: 1010 9080 88C0 E060 E060 E800 C800 0800
1C1900: 9D42 70A8 DAA7 7D8A 6BA7 DD45 D24A B909
1C1910: 2700 870B 8007 C803 A11E 423F 473F 077F
1C1920: 8D6A 0728 1D72 8D74 C9EE B1A6 6F76 8B92
1C1930: D000 D240 86C0 04C2 8E70 46F8 C6F8 E2FC
1C1940: A818 A414 C252 6B3B 2C1C 170F 0D03 0300
1C1950: 077F 0F7F 4F3F 271F 031F 000F 0000 0000
1C1960: 1510 1518 131A B6BC 6C70 B0C0 C000 0000
1C1970: E0FE E0FE E2FC 44F8 80F0 00C0 0000 0000
1C1980: 0000 0100 0100 0100 0100 0000 0000 0000
1C1990: 0000 0000 0000 0000 0000 0000 0000 0000
1C19A0: 4B2C AA6E 521E EE75 4E34 905E 9A55 8E51
1C19B0: 1000 1107 2107 0F06 0F06 2700 2300 2400
1C19C0: B67C 296E 5674 6BBE 663C 097A 59BA 55A6
1C19D0: 1010 9080 88C0 E060 E060 E400 C400 0800
1C19E0: 0000 0100 0100 0100 0000 0000 0000 0000
1C19F0: 0000 0000 0000 0000 0000 0000 0000 0000
1C1A00: 8D52 E0F8 12FF 7D8A EB27 5D05 D24A B909
1C1A10: 2700 C705 C007 C803 211E 023F 473F 077F
1C1A20: A818 A414 C353 6838 3C0C 0F03 0300 0000
1C1A30: 077F 0F7F 4F3F 271F 030F 0003 0000 0000
1C1A40: 9364 1700 5EEA B44B CCEB B7A4 6B72 9590
1C1A50: C800 EAA0 02E1 03C0 8B70 44F8 C2FC E0FE
1C1A60: 0000 0000 8000 8000 8000 0000 0000 0000
1C1A70: 0000 0000 0000 0000 0000 0000 0000 0000
1C1A80: 1710 5358 1218 B4B8 D8E0 6080 8000 0000
1C1A90: E0FE E0FE E0FC 40F8 00E0 0080 0000 0000
1C1AA0: 0000 0F00 160F 3B1B 4F2F 7A3A 5515 7A3A
1C1AB0: 0000 0000 0000 0400 1808 1712 2E04 0D08
1C1AC0: 0000 F000 C8F0 9498 EAEC 9E9C FAF8 3A38
1C1AD0: 0000 0000 0000 6000 1000 6808 1410 C400
1C1AE0: 5333 9272 5333 B577 4C2F 642D 553D 2C0C
1C1AF0: 0D21 0D3C 0C1C 0800 1000 1200 0604 1704
1C1B00: 2A3C E9FE 0A1C 8D9E E2F4 69FA 95FC EDED
1C1B10: E024 E0EC E008 6000 0800 0400 0200 1A08
1C1B20: 0000 0000 0000 0000 0000 0000 0000 8000
1C1B30: 0000 0000 0000 0000 0000 0000 0000 0000
1C1B40: 321A 623A F52F F907 7C07 3919 5C00 BF06
1C1B50: 0500 2500 6000 4000 0400 1906 003F 067F
1C1B60: F0F5 1316 091E 8798 EFF2 0EE9 3704 FB32
1C1B70: EAE0 E800 E000 6200 0200 0B10 07F8 32FC
1C1B80: FF47 BF03 BF00 BF00 D941 6C2C 3808 0F00
1C1B90: 473F 037F 007F 007F 403F 231F 070F 0000
1C1BA0: FDF0 FDE0 FF02 FA00 C6C4 1C18 0800 F000
1C1BB0: F0FE E0FE 02FC 00FC 00FC E0F8 F0F0 0000
1C1BC0: 8000 0000 0000 0000 0000 8000 8000 0000
1C1BD0: 0000 0000 0000 0000 0000 0000 0000 0000
1C1BE0: 0000 0F00 160F 3B1B 4F2F 5D1D 5B1B 5414
1C1BF0: 0000 0000 0000 0400 1808 3614 2C08 2B00
1C1C00: 0000 F000 C8F0 9498 E2E4 9A98 FAF8 2A28
1C1C10: 0000 0000 0000 6000 1800 6C08 1410 D400
1C1C20: 5636 9575 5236 BA7E 492F 642F 5A1B 5919
1C1C30: 0B22 0B39 0918 0100 1000 1000 2400 2E08
1C1C40: 2A3C C9CE 2A2C 2D3E 1234 D6F4 39FA DBDA
1C1C50: E024 F0DC D018 C000 C800 0800 0400 3410
1C1C60: 0000 0000 0000 0100 0100 0000 0000 0000
1C1C70: 0000 0000 0000 0000 0000 0000 0000 0000
1C1C80: 4919 4232 E85A F54F F80F F111 5C00 FF46
1C1C90: 2F09 0D00 4500 C000 C800 110E 003F 463F
1C1CA0: FF47 BF03 BF00 BF00 D941 6C2C 3808 0F00
1C1CB0: 473F 037F 007F 007F 403F 231F 070F 0000
1C1CC0: C1CA 222C 123C 0F36 DEF9 27E4 3F06 FF62
1C1CD0: F4C0 D000 C400 C600 1B00 2718 06F8 62FC
1C1CE0: 0000 0000 0000 0000 8000 8000 8000 0000
1C1CF0: 0000 0000 0000 0000 0000 0000 0000 0000
1C1D00: FDE0 FDC0 FD00 FD00 CBC2 1A18 1C10 F000
1C1D10: E0FE C0FE 00FE 00FE 02FC E0FC E0F0 0000
1C1D20: 0000 0000 0000 0000 0100 0201 0402 0602
1C1D30: 0000 0000 0000 0000 0000 0000 0100 0100
1C1D40: 1F00 201F 4E3F D131 2AEB A6E7 94F7 9DFF
1C1D50: 0000 0000 0000 0E00 1C08 1800 0800 0020
1C1D60: 0C04 0B07 0905 0702 0502 0200 0000 0100
1C1D70: 0300 0202 0200 0000 0000 0000 0000 0000
1C1D80: 92F3 4DFF 24BF 28BA D87A A567 8A4D 16D9
1C1D90: 0C3F 001C 4000 4500 0D08 1800 3000 2000
1C1DA0: 0000 F800 44B8 7AFC 6AEC 69EA C1CA 151E
1C1DB0: 0000 0000 0000 0000 3020 3420 7440 E000
1C1DC0: 65FE 027C 7AC4 6CD0 08D0 1860 5060 A8B0
1C1DD0: 0000 8010 7060 7060 7000 B000 8000 4000
1C1DE0: A9FF 3A6F A1DE ACD3 5C8C B310 6F22 DF42
1C1DF0: 0003 8106 0106 0003 0C03 100F 221F 423F
1C1E00: 58D0 9478 54A8 B840 F880 0870 50E0 A8B0
1C1E10: 2000 8000 C020 E020 F040 30C0 00E0 40F0
1C1E20: BE86 7F0D 7C1C 7E3A B890 C444 AB5B 7F00
1C1E30: 867F 0CFF 1DFF 39FF 937F 433F 041F 0000
1C1E40: 2830 1810 1810 1810 3830 E4F8 86FC FC00
1C1E50: C0F0 E0F0 E0F0 E0F0 C0F0 00F8 00F0 0000
1C1E60: 0100 0201 0200 0200 0301 0201 0100 0000
1C1E70: 0000 0000 0100 0100 0000 0000 0000 0000
1C1E80: 0100 0301 0301 0301 0100 0000 0000 0000
1C1E90: 0000 0100 0100 0100 0000 0000 0000 0000
1C1EA0: 1F00 201F 4E3F D131 2AEB A6E7 5477 5A7E
1C1EB0: 0000 0000 0000 0E00 1C08 1800 8800 8120
1C1EC0: 0000 F800 44B8 7AFC A9AA 5D5C A5BC 233A
1C1ED0: 0000 0000 0000 0000 7420 E240 C280 C400
1C1EE0: 90F3 0A7E 257F A8FA 08FA D436 4D2B 856B
1C1EF0: 8CBE 8118 8000 0500 0D08 0900 1000 1000
1C1F00: 437A 95DE 76CC 6CD0 08D0 18E0 1060 6040
1C1F10: 8410 2030 7060 7060 7000 7000 8000 8000
1C1F20: 0000 0000 0000 0000 0100 0100 0201 0301
1C1F30: 0000 0000 0000 0000 0000 0000 0000 0000
1C1F40: 0301 0301 0201 0201 0100 0000 0000 0000
1C1F50: 0000 0000 0000 0000 0000 0000 0000 0000
1C1F60: 503B 6A2D 6A2D 5739 2E12 2C14 1B08 3710
1C1F70: 0400 1001 1001 0100 0201 0403 0807 100F
1C1F80: 2CE8 52B4 4ABC 24D8 EC80 3450 8810 C408
1C1F90: 9000 C800 C020 6098 E078 7088 00F0 10F8
1C1FA0: 6F20 5F01 DF43 DF47 DF46 6E20 2919 1F00
1C1FB0: 201F 013F 433F 473F 463F 201F 0807 0000
1C1FC0: EAAC 8A8C 8604 C644 0604 8A8C 7478 F800
1C1FD0: 90FC B0FC 38FC 38FC 78FC 70FC 80F8 0000
1C1FE0: 0100 0100 0301 0301 0301 0100 0000 0000
1C1FF0: 0000 0000 0100 0100 0100 0000 0000 0000
1C2000: 1F00 201F 4E3F D131 2AEB A5E7 597F 547C
1C2010: 0000 0000 0000 0E00 1C08 1800 8000 8320
1C2020: 0301 0301 0201 0201 0100 0000 0000 0000
1C2030: 0000 0000 0000 0000 0000 0000 0000 0000
1C2040: 5077 CAFE 417F C4F6 5CFE C426 AD6B A56B
1C2050: 883C 8198 8000 0900 0908 1900 1000 1000
1C2060: 437A 93DA 76CC 6CD0 08D0 98E0 1060 2040
1C2070: 8410 2430 7060 7060 7000 3000 8000 8000
1C2080: 4C3F 642F 602F 5639 3F12 2C15 1A08 3710
1C2090: 0000 1100 1100 0100 0301 0502 0807 100F
1C20A0: 04D8 AA78 A274 D23C EE60 D450 4418 F418
1C20B0: A800 8C0C 880C 8418 E498 D028 00F8 00F8
1C20C0: 6F20 5F01 FF43 FF47 DF47 6F22 3A08 0F00
1C20D0: 201F 013F 433F 473F 473F 221F 0807 0000
1C20E0: C488 CCA8 ECA8 AC28 8C48 4448 68F0 F000
1C20F0: 90F8 90F8 90F8 10F8 30F8 30F8 00F0 0000
1C2100: 1F00 201F 4E3F D031 25E7 B1FF 4979 527E
1C2110: 0000 0000 0000 0E00 1800 0000 8600 8120
1C2120: 0000 F800 8478 FAFC 696A BDBC 253C 033A
1C2130: 0000 0000 0000 0000 F460 C280 C200 C400
1C2140: 5177 C4FC 417F 91B3 58FA D436 6E2A AE6A
1C2150: 883C 8390 8000 4C00 0D08 0900 1100 1100
1C2160: 637A 9BDA 76C4 64D8 08D0 18E0 90E0 A0C0
1C2170: 8430 2430 7860 7060 7000 7000 0000 0000
1C2180: 884C 915D B965 522F 3806 3D04 7B38 DF42
1C2190: 3300 2200 0A00 1800 1819 1C03 3807 423F
1C21A0: 90E0 28E0 48D0 D468 BC80 D840 9060 6870
1C21B0: 2000 7030 2070 1870 9870 40A0 00E0 00F0
1C21C0: BF86 7F0E FF1C FE3C 7E38 BC91 D943 7F00
1C21D0: 867F 0EFF 1CFF 3CFF 38FF 907F 403F 0000
1C21E0: 4850 1498 8C88 0C08 4C48 8C88 F6FC FC00
1C21F0: 20F0 60F8 70F8 F0F8 B0F8 70F8 00F0 0000

[BD: GraphicData_King]
1C2200: 0700 1E01 2A00 3002 300A 370A 2907 F300
1C2210: 0000 0005 001F 001F 021F 021F 071F 000F
1C2220: 0100 0301 0200 0300 0200 0301 0403 0907
1C2230: 0000 0001 0101 0101 0101 0001 0000 0000
1C2240: B583 570F E713 EC1D DD05 FD0B 6F0C D580
1C2250: 51CF BFA0 BFAE BDA6 BDB6 DFDC DFDE 6FEF
1C2260: E000 7880 5400 0C40 0C50 EC50 94E0 CF00
1C2270: 0000 00A0 00F8 00F8 40F8 40F8 E0F8 00F0
1C2280: 0B07 0B07 0A06 0A06 120E 160E 140C 150D
1C2290: 0000 0000 0100 0100 0100 0100 0300 0300
1C22A0: 3F95 A7C3 E9C0 5844 1906 9D92 9E91 9896
1C22B0: 6377 333B 333F B13F F63F F036 F030 F130
1C22C0: 150D 150D 241C 371F 3317 180B 0D04 0700
1C22D0: 0300 0300 0300 0010 0818 040C 0307 0000
1C22E0: 9D95 1D05 5E46 EBC7 2987 5807 BC03 FF00
1C22F0: F330 F330 B130 3030 7070 E0E8 C1C7 0000
1C2300: 0700 1E01 2902 3002 300A 350A 3B07 2907
1C2310: 0000 0005 001F 001F 021F 021F 071F 031F
1C2320: 0000 0100 0301 0200 0200 0301 0403 0907
1C2330: 0000 0000 0001 0101 0101 0001 0000 0000
1C2340: E300 B7B3 E908 7F63 FF3C 5C00 63E3 00FF
1C2350: 101F 4FFF F7FF FFFF FFFF FFFF 1C7F 0000
1C2360: E000 7880 9440 0C40 0C50 AC50 DCE0 94E0
1C2370: 0000 00A0 00F8 00F8 40F8 40F8 E0F8 C0F8
1C2380: 80FF F8FF E3E3 6060 2626 A7A7 B3B3 9090
1C2390: 0000 0000 1C00 9F00 DF00 DF00 CF00 EF00
1C23A0: 150D 150D 341C 220E 3117 1809 0E06 0700
1C23B0: 0300 0300 0310 1110 0818 060E 0107 0000
1C23C0: D0D0 D8D8 DCDC 0F0F CFCF 3FFF 1F03 FF00
1C23D0: EF00 E700 E300 F000 3000 0000 FFFF 0000
1C23E0: 0B07 0A06 0A06 140E 160E 1D0D 1D0D 3D1D
1C23F0: 0000 0100 0100 0100 0100 0300 0300 0310
1C2400: 3F95 A7C3 E9C0 5844 9986 9D92 9E91 1917
1C2410: 6377 333B 333F B13F F63F F036 F030 F030
1C2420: 341C 260E 3B17 1C0B 0D04 0700 0000 0000
1C2430: 0310 1110 0818 040C 0307 0000 0000 0000
1C2440: 5C44 734B FB8B F42C 605E DE21 7712 3F00
1C2450: B330 A720 6760 C3E0 8DDE 0161 0C1E 0000
1C2460: ADC1 EAF0 E7C8 37B8 BBA0 BFD0 F630 AB01
1C2470: 8AF3 FD05 FD75 BD65 BD6D FB3B FB7B F6F7
1C2480: 8000 C080 4000 C000 4000 C080 20C0 90E0
1C2490: 0000 0080 8080 8080 8080 0080 0000 0000
1C24A0: FCA9 E5C3 9703 1A22 9860 B949 7989 99E9
1C24B0: C6EE CCDC CCFC 8DFC 6FFC 0F6C 0F0C 0F0C
1C24C0: D0E0 D0E0 5060 5060 4870 6870 2830 A8B0
1C24D0: 0000 0000 8000 8000 8000 8000 C000 C000
1C24E0: F9E9 7860 7A62 7763 DCE9 3EC4 E702 0300
1C24F0: 0F0C 8F0C 8D0C 8C0C 060E 03E7 0103 0000
1C2500: A8B0 A8B0 2438 ECF8 CCE8 18D0 B020 E000
1C2510: C000 C000 C000 0008 1018 2030 C0E0 0000
1C2520: 0B07 0B07 0A06 0A06 160E 140C 1D0D 1D0D
1C2530: 0000 0000 0100 0100 0100 0300 0300 0300
1C2540: 3F95 A7C3 E9C0 5844 1906 9D92 9E91 9A96
1C2550: 6377 333B 333F B13F F63F F036 F030 F130
1C2560: 3D1D 341C 260E 3317 1B08 0E02 0300 0000
1C2570: 0310 0310 1110 0818 070F 0103 0000 0000
1C2580: 1D15 5D45 544C B68E D30F 7C63 F714 1E00
1C2590: F330 B330 A320 6160 E0E0 80E3 081C 0000
1C25A0: FCA9 E5C3 9703 1A22 9860 B949 7989 1969
1C25B0: C6EE CCDC CCFC 8DFC 6FFC 0F6C 0F0C 8F0C
1C25C0: D0E0 D0E0 5060 5060 4870 6870 2830 A8B0
1C25D0: 0000 0000 8000 8000 8000 8000 C000 C000
1C25E0: B9A9 B8A0 3A22 7763 DAE9 7D84 E701 0100
1C25F0: CF0C CF0C CD0C 8C0C 060E 83E7 0001 0000
1C2600: A8B0 A8B0 2438 ECF8 CCE8 D810 F0C0 C000
1C2610: C000 C000 C000 0008 1018 E0F0 00C0 0000
1C2620: C700 EDCD 9710 FEC6 FF3C 3A00 C7C6 00FF
1C2630: 08F8 F2FF EFFF FFFF FFFF FFFF 38FE 0000
1C2640: 0000 8000 C080 4000 4000 C080 20C0 90E0
1C2650: 0000 0000 0080 8080 8080 0080 0000 0000
1C2660: 0B07 0A06 0A06 0A06 140C 150D 150D 150D
1C2670: 0000 0100 0100 0100 0300 0300 0300 0300
1C2680: 00FF 38FF B3F3 A0E0 6666 6767 3333 B1B1
1C2690: 0000 0000 0C00 1F00 9F00 9F00 CF00 CF00
1C26A0: 150D 150D 341C 321E 3117 1D0C 0F00 0000
1C26B0: 0300 0300 0310 0110 0818 030F 0000 0000
1C26C0: 9898 DCDC CECE 4747 8787 7FFF CFC1 FF00
1C26D0: E700 E300 F100 F800 7800 0000 3FFF 0000
1C26E0: 00FF 1EFF C7C7 0303 6262 E2E2 E6E6 C5C5
1C26F0: 0000 0000 3800 FC00 FD00 FD00 F900 FB00
1C2700: D0E0 D0E0 5060 4870 6870 E8F0 A8B0 A8B0
1C2710: 0000 0000 8000 8000 8000 8000 C000 C000
1C2720: 0909 0B0B 1212 E4E4 E3E3 F1FE F9E1 FF00
1C2730: F700 F700 EF00 1F00 1C00 0101 FEFF 0000
1C2740: ACB8 4470 4C78 88E0 18D0 3020 E080 8000
1C2750: C008 8808 8008 1010 2030 C0E0 0080 0000
1C2760: 0B07 0B07 0A06 0A06 120E 140C 150D 150D
1C2770: 0000 0000 0100 0100 0100 0300 0300 0300
1C2780: 00FF 18FF A3E3 A0E0 6666 6767 3333 B1B1
1C2790: 0000 0000 1C00 1F00 9F00 9F00 CF00 CF00
1C27A0: 150D 150D 341C 321E 3117 1C0D 0F01 0100
1C27B0: 0300 0300 0310 0110 0818 020E 0001 0000
1C27C0: D0D0 D8D8 CCCC 0707 C7C7 3FFF CFC3 FF00
1C27D0: EF00 E700 F300 F800 3800 0000 3FFF 0000
1C27E0: 00FF 19FF C7C7 0707 6666 E6E6 C4C4 CDCD
1C27F0: 0000 0000 3800 F800 F900 F900 FB00 F300
1C2800: D0E0 D0E0 5060 4870 4870 6870 A8B0 A8B0
1C2810: 0000 0000 8000 8000 8000 8000 C000 C000
1C2820: 0D0D 1919 3B3B F0F0 F3F3 FCFF F9E1 FF00
1C2830: F300 E700 C700 0F00 0C00 0000 FEFF 0000
1C2840: A8B0 ACB8 6470 4C68 98D0 B020 E080 8000
1C2850: C000 C008 8808 9018 2030 C0E0 0080 0000
1C2860: 1F00 2C03 5400 6004 6014 6F14 530F 4F00
1C2870: 0000 001B 003F 003F 043F 043F 073F 003F
1C2880: E000 D000 A800 1880 18A0 D8A0 28C0 C800
1C2890: 0000 0060 00F0 00F0 80F0 80F0 80F0 00F0
1C28A0: D00F 6C21 EC21 F601 2C00 1BE1 E5F0 3338
1C28B0: 073F 9FBE 9FBE CFCE F3F3 1D1D 0E0E C606
1C28C0: 28C0 E8F0 6830 D8C0 D8D0 DC78 E8C0 5810
1C28D0: 80F0 F000 F0E0 D060 50E0 B8C0 F0F0 E0F0
1C28E0: 0100 0301 0200 0200 0301 0100 0301 0602
1C28F0: 0000 0001 0101 0101 0001 0000 0000 0100
1C2900: 1109 1B0B 1303 2717 3616 3010 2919 473F
1C2910: 0700 0700 0F00 0F00 0F00 0F00 0600 0000
1C2920: B5B8 9398 9A9C 191C 1114 6565 C5C5 1515
1C2930: C606 E606 E303 E303 EB03 9B03 3B03 FB03
1C2940: 5838 7838 5333 D030 CF7F C05F 6F20 3F00
1C2950: 0700 0700 0F00 0F00 0040 2060 1F3F 0000
1C2960: 3332 E7E0 CDC8 3E39 E2F1 34C3 9F00 FF00
1C2970: FE06 FE06 F606 C404 0C0C 3939 E0E6 0000
1C2980: 5040 D880 B800 F448 FC08 FC18 F410 F410
1C2990: A0E0 60E0 5050 1050 1010 10B0 18B0 1810
1C29A0: 32D4 DEEC DAE8 FEE4 3AC4 F508 BB92 FE00
1C29B0: 1810 0808 0C08 0808 C8E8 0E0E 64F6 0000
1C29C0: C8B0 E830 E830 6830 7820 DC28 B650 FE00
1C29D0: 8080 8080 8080 8080 8090 0028 0CDC 0000
1C29E0: D00F 6C21 EC21 F601 2C00 1BE1 E5F0 3338
1C29F0: 073F 9FBE 9FBE CFCE F3F3 1D1D 0E0E C606
1C2A00: 0804 0D05 0D05 130B 1B0B 1E0E 140C 1B0F
1C2A10: 0300 0300 0300 0700 0700 0300 0300 0000
1C2A20: DADC E9EC E5E6 C4C6 8C8E 1A1A 7272 CACA
1C2A30: E303 F303 F901 F901 F101 E501 8D01 3D01
1C2A40: 2C1C 2818 2919 6C1C 673F 602F 3310 1F00
1C2A50: 0300 0700 0700 0300 0020 1030 0F1F 0000
1C2A60: 1B1A 7172 E5E4 1A1C F5F8 16E1 EF00 FF00
1C2A70: FD01 FD01 FB03 E303 0606 1818 F0F1 0000
1C2A80: A820 E840 5800 F820 F400 FC88 FA8C FA8C
1C2A90: 5070 3070 A0A0 80A0 8888 88D8 88D8 8888
1C2AA0: 5A20 7A20 F664 9E64 8F72 7982 DD14 FE00
1C2AB0: 8C88 8C88 0808 0404 2464 0494 6276 0000
1C2AC0: 0100 0301 0200 0200 0301 0100 0201 0301
1C2AD0: 0000 0001 0101 0101 0001 0000 0000 0000
1C2AE0: D00F 6C21 EC21 7601 2C00 8B71 F5F8 9B9C
1C2AF0: 073F 9FBE 9FBE CFCE F3F3 0D0D 0606 6202
1C2B00: 0201 0503 0503 0402 0402 0A06 0B07 0B07
1C2B10: 0000 0000 0000 0100 0100 0100 0000 0000
1C2B20: 686E 7D7E F4F6 E4E6 E4E6 4646 0A0A F2F2
1C2B30: F101 F101 F901 F901 F901 F901 F501 0D01
1C2B40: 140C 1109 1C0C 6C1C 673F 602F 3C0C 0F00
1C2B50: 0300 0700 0300 0300 0020 1030 030F 0000
1C2B60: 0606 181A E5E6 0D0E F3FC 04F0 F900 FF00
1C2B70: FD01 FD01 F901 F101 0303 0F0F FEFE 0000
1C2B80: A820 E840 5800 F020 F800 F880 F480 FC80
1C2B90: 5070 3070 A0A0 80A0 8080 80D0 88D8 8888
1C2BA0: DCA8 FC28 FC20 7420 7E20 AA70 9E64 FC00
1C2BB0: 8888 8888 8888 8888 8484 0404 40E4 0000
1C2BC0: D00F 6C21 EC21 7601 2C00 8B71 01FC 49CE
1C2BD0: 073F 9FBE 9FBE CFCE F3F3 0D0D 0202 3000
1C2BE0: 0201 0201 0503 0503 0503 0503 0503 0B07
1C2BF0: 0000 0000 0000 0000 0000 0000 0000 0000
1C2C00: B4B6 797A 787B 7073 3033 2627 0A0B B2B3
1C2C10: 7901 FD01 FC00 FC00 FC00 F800 F400 4C00
1C2C20: 140C 160E 1909 6C1C 673F 6027 3C0C 0F00
1C2C30: 0300 0300 0700 0300 0020 1838 030F 0000
1C2C40: A820 E840 5800 F820 F800 F880 F880 F880
1C2C50: 5070 3070 A0A0 80A0 8080 80D0 80D0 8080
1C2C60: 0607 3A3B E4E7 0C0F F9FE 02FC 7D00 FF00
1C2C70: FC00 FC00 F800 F000 0101 0303 FEFE 0000

[BE: GraphicData_ManaFortressCannon]
;     Apparently the cannon had a much wider array of graphics at some point.
1C2C80: 0000 0101 020B 0915 0008 1010 2838 3050
1C2C90: 0000 0000 0000 2200 1000 0800 0000 0000
1C2CA0: 2020 5070 A0A0 0000 0000 0000 0000 0000
1C2CB0: 0000 8800 0000 0000 0000 0000 0000 0000
1C2CC0: 3050 2838 1018 0815 050A 0005 0000 0000
1C2CD0: 8000 0000 0000 2000 0000 0000 0000 0000
1C2CE0: 0000 0000 0000 0000 00A0 A8DC 163B 0004
1C2CF0: 0000 0000 0000 2000 0400 0000 0000 2000
1C2D00: 0000 0000 0000 0000 0000 0000 0501 0404
1C2D10: 0000 0000 0000 0000 0000 0000 0400 0000
1C2D20: 0000 0000 0800 0B09 3E14 8888 E840 8080
1C2D30: 0000 0000 0800 0200 2200 0000 2800 0000
1C2D40: 1B0E 3C14 2C08 2820 F850 6020 6040 F0A0
1C2D50: 1100 2000 2400 0800 8800 4000 2000 1000
1C2D60: 1000 0202 D090 C040 8080 0000 0000 0000
1C2D70: 1200 9500 6A00 1000 0000 0000 0000 0000
1C2D80: F0A0 6040 6020 F850 2820 2C08 3C14 1F0A
1C2D90: 1000 2000 4000 8800 0800 2400 2000 1100
1C2DA0: 0404 0501 0000 0000 0000 0000 0000 0000
1C2DB0: 0000 0400 0000 0000 0000 0000 0000 0000
1C2DC0: 8080 C840 A8E8 3E14 0B09 0800 0000 0000
1C2DD0: 0000 0800 0000 6200 0200 0800 0000 0000
1C2DE0: 0000 0000 9000 8080 F050 BAA8 9111 0000
1C2DF0: 0000 0000 9000 1000 2000 4600 8200 1000
1C2E00: 0000 0000 0000 0000 4040 0141 50B1 0B42
1C2E10: 0000 0000 0000 4000 0100 0000 0800 0C00
1C2E20: 4041 0101 0000 0000 0000 0000 0000 0000
1C2E30: 0000 4000 0100 0000 0000 0000 0000 0000
1C2E40: 0000 0000 0000 0000 0000 0000 0000 0404
1C2E50: 0000 0000 0000 0000 0000 0000 0000 0000
1C2E60: 0000 0000 0100 1010 0000 0000 0000 0000
1C2E70: 0000 0000 1100 2800 1000 8000 0000 0000
1C2E80: 1000 3810 1000 4000 E040 4000 8000 C080
1C2E90: 1000 2800 1000 4000 A000 4000 8000 4000
1C2EA0: 1200 A800 D080 8000 0000 0000 0000 0000
1C2EB0: 1200 B800 5000 8000 0000 0000 0000 0000
1C2EC0: C080 8000 4000 E040 4000 1000 3810 1000
1C2ED0: 4000 8000 4000 A000 4000 1000 2800 1000
1C2EE0: 0000 0000 0000 0000 0000 0000 0000 0000
1C2EF0: 0800 0100 0000 0000 0000 0000 0000 0000
1C2F00: 0000 0000 0000 0010 0101 0203 0101 0000
1C2F10: 0000 0000 9000 2800 1000 0000 0000 0000
1C2F20: 0000 0000 0000 0000 0000 8080 1010 0101
1C2F30: 0000 0000 0000 0000 0000 1000 2800 1200
1C2F40: 0000 0000 0000 0000 0000 0000 8080 8242
1C2F50: 0000 0000 0000 0000 0000 8000 0200 2000
1C2F60: 8785 0202 0000 0000 0000 0000 0000 0000
1C2F70: 0800 8000 0200 0000 0000 0000 0000 0000
1C2F80: 0000 0000 1000 0000 8000 0000 0000 0000
1C2F90: 0000 0000 1000 0000 8000 0000 0000 0000
1C2FA0: 0801 8000 0000 0000 0000 0000 0000 0000
1C2FB0: 0900 8000 0000 0000 0000 0000 0000 0000
1C2FC0: 1000 0000 0000 0000 8000 0000 0000 0000
1C2FD0: 1000 0000 0000 0000 8000 0000 0000 0000
1C2FE0: 0000 0000 0000 8000 0000 0000 0000 1000
1C2FF0: 0000 0000 0000 8000 0000 0000 0000 1000
1C3000: 0000 0000 0100 0000 0000 0000 0000 0000
1C3010: 0000 0000 0100 0000 0000 0000 0000 0000
1C3020: 0000 0000 0000 0000 0000 0000 0202 0000
1C3030: 0000 0000 0000 0000 1000 0000 0000 0000
1C3040: 0000 0000 0000 0000 0000 0000 0000 0100
1C3050: 0000 0000 0000 0000 0000 0000 0000 2100
1C3060: 0301 0100 0000 0000 0000 0000 0000 0000
1C3070: 0200 0100 0000 0000 0000 0000 0000 0000
1C3080: 8000 0404 0000 0000 0000 0000 0000 0000
1C3090: 8400 0A00 0400 0000 0000 0000 0000 0000
1C30A0: 0409 0409 0409 0409 0409 0409 0409 0409
1C30B0: 0E00 0E00 0E00 0E00 0E00 0E00 0E00 0E00
1C30C0: C824 C824 C824 C824 C824 C824 C824 C824
1C30D0: 1C00 1C00 1C00 1C00 1C00 1C00 1C00 1C00
1C30E0: 0409 0409 0409 0409 0409 0409 0204 0102
1C30F0: 0E00 0E00 0E00 0E00 0E00 0E00 0700 0300
1C3100: C824 C824 C824 C824 C824 C824 10C8 2010
1C3110: 1C00 1C00 1C00 1C00 1C00 1C00 3800 F000
1C3120: 0000 0000 0000 0000 0000 0000 0000 0000
1C3130: 0000 0000 0000 0000 0000 0000 0000 0000
1C3140: 0000 0000 0000 0000 0000 0000 0000 0000
1C3150: 0000 0000 0000 0000 0000 0000 0000 0000
1C3160: 0000 0000 0000 0000 0000 0000 0000 0000
1C3170: 0000 0000 0000 0000 0000 0000 0000 0000
1C3180: 0000 0000 0000 0000 0000 0000 0000 0000
1C3190: 0000 0000 0000 0000 0000 0000 0000 0000
1C31A0: 0000 0000 0000 0000 0000 0000 0000 0000
1C31B0: 0000 0000 0000 0000 0000 0000 0000 0000
1C31C0: 0000 0000 0000 0000 0000 0000 0000 0000
1C31D0: 0000 0000 0000 0000 0000 0000 0000 0000
1C31E0: 0000 0000 0000 0000 0000 0000 0000 0000
1C31F0: 0000 0000 0000 0000 0000 0000 0000 0000
1C3200: 0000 0000 0000 0000 0000 0000 0000 0000
1C3210: 0000 0000 0000 0000 0000 0000 0000 0000
1C3220: 0000 0000 0000 0000 0000 0000 0000 0000
1C3230: 0000 0000 0000 0000 0000 0000 0000 0000
1C3240: 0000 0000 0000 0000 0000 0000 0000 0000
1C3250: 0000 0000 0000 0000 0000 0000 0000 0000
1C3260: 0000 0000 0000 0000 0000 0000 0000 0000
1C3270: 0000 0000 0000 0000 0000 0000 0000 0000
1C3280: 0000 0000 0000 0000 0000 0000 0000 0000
1C3290: 0000 0000 0000 0000 0000 0000 0000 0000
1C32A0: 0000 0000 0000 0000 0000 0000 0000 0000
1C32B0: 0000 0000 0000 0000 0000 0000 0000 0000
1C32C0: 0000 0000 0000 0000 0000 0000 0000 0000
1C32D0: 0000 0000 0000 0000 0000 0000 0000 0000
1C32E0: 0000 0000 0000 0000 0000 0000 0000 0000
1C32F0: 0000 0000 0000 0000 0000 0000 0000 0000
1C3300: 0000 0000 0000 0000 0000 0000 0000 0000
1C3310: 0000 0000 0000 0000 0000 0000 0000 0000
1C3320: 0000 0000 0000 0000 0000 0000 0000 0000
1C3330: 0000 0000 0000 0000 0000 0000 0000 0000
1C3340: 0000 0000 0000 0000 0000 0000 0000 0000
1C3350: 0000 0000 0000 0000 0000 0000 0000 0000
1C3360: 0000 0000 0000 0000 0000 0000 0000 0000
1C3370: 0000 0000 0000 0000 0000 0000 0000 0000
1C3380: 0000 0000 0000 0000 0000 0000 0000 0000
1C3390: 0000 0000 0000 0000 0000 0000 0000 0000
1C33A0: 0000 0000 0000 0000 0000 0000 0000 0000
1C33B0: 0000 0000 0000 0000 0000 0000 0000 0000
1C33C0: 0000 0000 0000 0000 0000 0000 0000 0000
1C33D0: 0000 0000 0000 0000 0000 0000 0000 0000
1C33E0: 0000 0000 0000 0000 0000 0000 0000 0000
1C33F0: 0000 0000 0000 0000 0000 0000 0000 0000
1C3400: 0000 0000 0000 0000 0000 0000 0000 0000
1C3410: 0000 0000 0000 0000 0000 0000 0000 0000
1C3420: 0000 0000 0000 0000 0000 0000 0000 0000
1C3430: 0000 0000 0000 0000 0000 0000 0000 0000
1C3440: 0000 0000 0000 0000 0000 0000 0000 0000
1C3450: 0000 0000 0000 0000 0000 0000 0000 0000
1C3460: 0000 0000 0000 0000 0000 0000 0000 0000
1C3470: 0000 0000 0000 0000 0000 0000 0000 0000
1C3480: 0000 0000 0000 0000 0000 0000 0000 0000
1C3490: 0000 0000 0000 0000 0000 0000 0000 0000
1C34A0: 0000 0000 0000 0000 0000 0000 0000 0000
1C34B0: 0000 0000 0000 0000 0000 0000 0000 0000
1C34C0: 0000 0000 0000 0000 0000 0000 0000 0000
1C34D0: 0000 0000 0000 0000 0000 0000 0000 0000
1C34E0: 0000 0000 0000 0000 0000 0000 0000 0000
1C34F0: 0000 0000 0000 0000 0000 0000 0000 0000
1C3500: 0000 0000 0000 0000 0000 0000 0000 0000
1C3510: 0000 0000 0000 0000 0000 0000 0000 0000
1C3520: 0000 0000 0000 0000 0000 0000 0000 0000
1C3530: 0000 0000 0000 0000 0000 0000 0000 0000
1C3540: 0000 0000 0000 0000 0000 0000 0000 0000
1C3550: 0000 0000 0000 0000 0000 0000 0000 0000
1C3560: 0000 0000 0000 0000 0000 0000 0000 0000
1C3570: 0000 0000 0000 0000 0000 0000 0000 0000

[B4: GraphicData_Sheex]
1C3580: 2F00 5200 AC01 A902 C802 8540 9420 BC00
1C3590: 0010 002D 005B 005F 007F 007F 007F 0043
1C35A0: E000 3800 8400 5A20 A540 1D02 E10C 6B00
1C35B0: 0000 00C0 00F8 00FC 00FA 00FE 00DE 00F4
1C35C0: F30F B1CF 5EA1 57AC F60D 8B47 5503 0D20
1C35D0: 5F07 5F13 2B19 2D14 0D14 0F30 03B8 00DE
1C35E0: FF00 FA85 7B85 F802 E812 D1E3 ABC0 B304
1C35F0: 0068 84A8 8CA8 9124 9124 F00C C01C 0078
1C3600: 2D00 5200 AC01 E10A 8A40 9520 D500 BC00
1C3610: 0002 002D 005B 005F 007F 007F 003F 0043
1C3620: E000 9000 8C00 1260 C200 A618 4500 7300
1C3630: 0000 00E0 00F0 00FC 00FC 00F8 00FE 00DC
1C3640: F30F B14F 5EA1 D7AC 964D 8BC7 D543 CDA0
1C3650: 5F07 5F13 2B19 2D14 0D34 0F30 0338 001E
1C3660: FF00 FE81 7A84 FA06 6593 D2E1 ABC0 B205
1C3670: 0068 80A8 85A0 9520 B048 F00C C01C 0078
1C3680: 0D00 5600 AD00 E609 8248 9520 9400 DC00
1C3690: 0000 002D 005B 005B 007F 007F 007F 0023
1C36A0: F000 A840 0480 4C30 8A00 7600 D708 B904
1C36B0: 0000 00F0 00F8 00F8 00F4 00F8 00FC 00DE
1C36C0: F30F B14F 5EA1 576C B6CD 4B87 D503 4DA0
1C36D0: 5F07 5F13 2B19 AC14 0D14 0F30 0338 001E
1C36E0: F100 EE01 FA05 F907 E112 D163 ABC2 B305
1C36F0: 005E 0050 0440 1C80 308C 708C C01C 0078
1C3700: 1700 2B00 6904 A208 E108 A540 9220 FB00
1C3710: 0008 0016 0017 005F 005F 007F 007F 000C
1C3720: F000 A840 0400 C230 8E00 4230 D708 EB04
1C3730: 0000 00F0 00F8 00FC 00FC 00FC 00FC 00DE
1C3740: F30F B14F DE21 176C 374D 8BC6 D503 CD20
1C3750: 5F07 5F13 2B19 AC14 8D14 0E31 0338 001E
1C3760: D500 FB01 BE01 FA05 EF10 D1E2 AAC0 B004
1C3770: 007E 0054 00C0 1480 3080 F00C C01D 007B
1C3780: 0000 0000 0000 0000 0000 1F00 2919 2616
1C3790: 0000 0000 0000 0000 0000 0000 0600 0F06
1C37A0: 0300 0C02 550E E351 BE1A BD24 DD14 A901
1C37B0: 0000 0100 0000 0C41 494B 4367 6377 7777
1C37C0: 1E0E 1008 0B07 0D02 0B06 1405 1207 1007
1C37D0: 0706 0700 0000 0000 0000 0208 0008 0308
1C37E0: F763 EFA3 5F82 FE20 AD02 B513 FE09 4F10
1C37F0: 3F7F 1F3F 3133 1131 1A58 0B58 0128 00B0
1C3800: C000 3040 AA70 C78A 7D58 BD24 BB28 9580
1C3810: 0000 8000 0000 3082 92D2 C2E6 C6EE EEEE
1C3820: EFC6 F7C5 FA41 7F04 B540 ADC8 7F90 F308
1C3830: FCFE F8FC 8CCC 888C 581A D01A 8014 000C
1C3840: 0000 C000 3000 E8F0 D4D8 5458 A8B0 F000
1C3850: 0000 0000 C000 C0C0 E0C0 E040 4000 0000
1C3860: 2F03 3C03 2B10 4C10 6910 6710 6900 3100
1C3870: 0318 0318 001C 003F 003E 0038 0030 0000
1C3880: F414 EB1B 770C CD73 F2E0 1220 3540 DA84
1C3890: 0C07 0703 0080 4040 414C C10C 800E 000F
1C38A0: 0100 0E01 340C 4B3B 5737 5636 3909 0D02
1C38B0: 0000 0000 0300 0703 0F07 0F06 0600 0000
1C38C0: 8A04 0A04 0A04 1500 1500 0807 2E1F 3F00
1C38D0: 001F 001F 001F 000F 000F 0000 0000 0000
1C38E0: 2E29 D6D9 EF31 3C42 8AA7 8FA7 4A67 B7C0
1C38F0: 30E0 E0C0 0000 8100 C790 C790 8710 0018
1C3900: F0C0 2880 A8C0 5860 B8C0 4490 E410 E410
1C3910: 0000 4010 0010 8010 0010 0038 0038 0038
1C3920: D500 4800 7000 4000 4000 8000 8000 8000
1C3930: 0038 00B0 0080 0080 0080 0000 0000 0000
1C3940: EC10 DC20 5420 5820 6800 5000 2000 0000
1C3950: 0038 0038 0038 0030 0030 0020 0000 0000
1C3960: 0000 0000 0000 0000 0000 0000 3F00 5131
1C3970: 0000 0000 0000 0000 0000 0000 0000 0E00
1C3980: 6626 5636 2919 130F 0F00 0A07 1D04 1C05
1C3990: 1F06 0F06 0600 0000 0000 0000 0200 0200
1C39A0: CC30 3A3C EAEC D4D8 2830 B0C0 D000 50E0
1C39B0: 0000 F030 F0E0 E0C0 C000 0000 0020 0000
1C39C0: 1807 2703 3403 3F00 4910 4B11 4A10 4E10
1C39D0: 0300 0318 0318 0018 003E 003C 0134 0130
1C39E0: 7494 EB9B 778C CCF2 A5A1 C5E1 2A42 F58B
1C39F0: 8C07 8703 8000 4140 C399 8399 811C 001C
1C3A00: 3B01 1100 0000 0000 0000 0000 0000 0000
1C3A10: 0010 0000 0000 0000 0000 0000 0000 0000
1C3A20: D509 5409 5208 2A00 2000 2D1E 1E00 0000
1C3A30: 003E 003E 003F 001F 001F 0000 0000 0000
1C3A40: 2F28 D7D8 EE31 B3C9 FEC5 FBC6 2452 E593
1C3A50: 30E0 E0C0 0100 0500 8190 8090 8118 0038
1C3A60: 88A0 58E0 B8C0 F8C0 B8C0 C410 4C10 4C10
1C3A70: 4010 0010 C010 C010 C010 0038 8038 8038
1C3A80: 6681 8900 F000 8000 8000 0000 0000 0000
1C3A90: 0038 0070 0000 0000 0000 0000 0000 0000
1C3AA0: EC90 A410 3800 2800 1000 0000 0000 0000
1C3AB0: 0018 0018 0010 0010 0000 0000 0000 0000
1C3AC0: 0000 0300 0C00 170F 2B1B 2A1A 150D 0F00
1C3AD0: 0000 0000 0300 0303 0703 0702 0200 0000
1C3AE0: 0000 0000 0000 0000 0000 F800 9498 6468
1C3AF0: 0000 0000 0000 0000 0000 0000 6000 F060
1C3B00: 7870 0810 D0E0 B040 D060 28A0 48E0 08E0
1C3B10: E060 E000 0000 0000 0000 4010 0010 C010
1C3B20: 0000 0000 0000 0000 0000 0000 0000 0700
1C3B30: 0000 0000 0000 0000 0000 0000 0000 0000
1C3B40: 330C 5C3C 5737 2B1B 140C 0D03 0B00 0A07
1C3B50: 0000 0F0C 0F07 0703 0300 0000 0004 0000
1C3B60: 0000 0000 0000 0000 0000 0000 FC00 8A8C
1C3B70: 0000 0000 0000 0000 0000 0000 0000 7000
1C3B80: 6664 6A6C 9498 C8F0 F000 50E0 B820 38A0
1C3B90: F860 F060 6000 0000 0000 0000 4000 4000
1C3BA0: 0F00 1502 2000 430C 7100 420C 6811 E802
1C3BB0: 0000 000F 001F 003F 003F 003F 003F 0037
1C3BC0: E800 D400 9420 4210 8210 A600 0A44 5300
1C3BD0: 0010 0068 00E8 00FC 00FC 00FC 00FC 00EC
1C3BE0: B847 5CA3 7788 D30B 552D 2A16 8700 8403
1C3BF0: 4F03 2700 0000 0763 03E1 01F0 00F8 00FF
1C3C00: 11E2 3BC4 EC13 CBD1 ABB5 5669 E100 20C0
1C3C10: F2CC E400 0000 E0C4 C084 800C 001E 00FF
1C3C20: 4300 EE42 BB0A F720 D956 B40C C959 6B9B
1C3C30: 0000 0143 454F 4969 6070 6360 2761 0703
1C3C40: C200 7742 DD50 EF04 9B6A 2D30 939A D6D9
1C3C50: 0000 80C2 A2F2 9296 060E C606 E486 E0C0
1C3C60: EBBB E5AD 69AB 5BBB A61E 1907 0700 0000
1C3C70: 0703 1301 1C08 0703 0140 00E0 00F8 00FF
1C3C80: D7DC A7B5 97D5 DBDD 657B 9AE1 E100 0000
1C3C90: E0C0 C880 3810 E0C0 8000 0004 001E 00FF
1C3CA0: 310E 5636 5636 2919 130F 0F00 0400 0500
1C3CB0: 0000 0F06 0F06 0600 0000 0000 0003 0003
1C3CC0: F000 2C30 CACC EEEC DADC CCF0 30C0 E000
1C3CD0: 0000 C000 F0C0 F0E0 E0C0 0000 0000 0000
1C3CE0: 0A01 0D02 0A04 0A04 1408 1408 1508 1D00
1C3CF0: 0007 0007 0007 0007 000F 000F 000F 000F
1C3D00: 1800 2910 5A21 5A21 9261 B241 30C3 34C3
1C3D10: 00FF 00FF 00FF 00FF 00FF 00FF 00FF 00FF
1C3D20: 1500 0900 0600 0100 0000 0000 0000 0000
1C3D30: 000F 0007 0001 0000 0000 0000 0000 0000
1C3D40: 24C3 A443 EC03 4300 9D00 720C 0D00 0000
1C3D50: 00FF 00FF 00FF 00FF 0063 0001 0000 0000
1C3D60: 0900 1900 9408 9408 D20C 4A84 4A84 4986
1C3D70: 00FF 00FF 00FF 00FF 00FF 00FF 00FF 00FF
1C3D80: 2000 9000 5080 B040 A840 1860 5820 5420
1C3D90: 00C0 00E0 00E0 00E0 00F0 00F0 00F0 00F8
1C3DA0: 29C6 28C7 28C7 28C7 E906 0E00 E100 1E00
1C3DB0: 00FF 00FF 00FF 00FF 00FF 00FF 001E 0000
1C3DC0: 1420 B400 A800 8800 1000 E000 0000 0000
1C3DD0: 00F8 00F8 00F0 00F0 00E0 0000 0000 0000
1C3DE0: 8000 7080 2C30 D2DC EAEC 6A6C 9C90 B040
1C3DF0: 0000 0000 C000 E0C0 F0E0 F060 6000 0000
1C3E00: 0502 0502 0402 0A04 0804 0804 0D00 1100
1C3E10: 0003 0003 0003 0007 0007 0007 0007 000F
1C3E20: 9800 2910 6A11 5221 9261 B443 24C3 4887
1C3E30: 00FF 00FF 00FF 00FF 00FF 00FF 00FF 00FF
1C3E40: 1201 1201 1201 0900 0600 0100 0000 0000
1C3E50: 000F 000F 000F 0007 0001 0000 0000 0000
1C3E60: 4887 D00F 9E01 9C00 9B0A 110E F10E 0E00
1C3E70: 00FF 00FF 00FF 00F3 04E0 00E0 0000 0000
1C3E80: 2200 1320 2A11 2811 A518 9608 920C 920C
1C3E90: 00FF 00FF 00FF 00FF 00FF 00FF 00FF 00FF
1C3EA0: D060 E870 4830 B000 1080 5080 8840 A840
1C3EB0: 0000 0000 0080 00C0 00E0 00E0 00F0 00F0
1C3EC0: 518E 4986 4986 C906 C906 8A04 0100 7E00
1C3ED0: 00FF 00FF 00FF 00FF 00FF 00FF 00FE 0000
1C3EE0: 2C40 1460 5420 5420 6800 3000 C000 0000
1C3EF0: 00F0 00F8 00F8 00F8 00F0 00C0 0000 0000
1C3F00: D754 6A28 3604 1F00 2E1F 3616 6F2F 9F31
1C3F10: 3810 1D09 0901 0000 0000 0F06 1101 0040
1C3F20: 4D00 F3C2 FE8C 6C10 B810 D4A8 2C50 2C40
1C3F30: FEFE 8CCE 808C D0C0 5040 2008 8018 8010
1C3F40: 0000 0000 0000 0000 0000 0100 0100 0100
1C3F50: 0000 0000 0000 0000 0000 0000 0000 0000
1C3F60: D754 6A28 3604 7F01 A764 4CCC BABA FC04
1C3F70: 3810 1D09 0901 0001 1800 3E0D 4702 0300
1C3F80: 4D00 F3C2 FE8C 6C10 B890 DC20 F400 CC30
1C3F90: FEFE 8CCE 808C D0C0 50C0 2008 0058 0070
1C3FA0: 0000 0000 0000 0000 0300 0503 0201 0100
1C3FB0: 0000 0000 0000 0000 0000 0000 0000 0000
1C3FC0: D754 6A28 3604 F709 4DCE 3838 1CFC FA06
1C3FD0: 3810 1D09 0901 0001 3000 FC3B 0605 0100
1C3FE0: 4D00 F3C2 FE8C 6F10 BA97 DD21 EE03 4730
1C3FF0: FEFE 8CCE 808C D0C0 50C0 2208 00D8 00F8
1C4000: 0000 0000 0100 0601 1B07 2919 100F 0F00
1C4010: 0000 0000 0000 0000 0000 0701 0000 0000
1C4020: D754 6A28 F614 1FE1 2130 F6F0 D3D0 CC28
1C4030: 3810 1D09 0901 0001 C00E E0EF 3817 1003
1C4040: 4D00 F3C2 FE8C 6F10 BA96 DF23 6D01 C433
1C4050: FEFE 8CCE 808C D0C0 51C0 230B 0298 00F8
1C4060: 0700 3800 4403 6810 832C D100 6906 441B
1C4070: 0000 0007 003F 003F 007F 007E 003F 0739
1C4080: 7800 9420 4E90 9348 D10A 4910 F600 DBE0
1C4090: 0000 0078 00F8 00FE 007E 00BE 000C F0E6
1C40A0: 5C23 5F00 6D1B 3F01 5F3E 6D2D DE5E 3E62
1C40B0: 0F39 0020 1F05 0101 0000 1E0C 2302 0180
1C40C0: D9E2 B344 C218 BC40 F0E0 B840 58A0 48A0
1C40D0: F0E6 404E 003C 4000 E000 6030 0010 0030
1C40E0: 5636 3616 2818 160F 0F00 0300 0200 0300
1C40F0: 0F06 0F06 0700 0000 0000 0000 0001 0001
1C4100: 0000 0000 0000 E000 3020 5060 6080 C000
1C4110: 0000 0000 0000 0000 C000 8000 0000 0000
1C4120: 6807 AD05 CF07 DC07 AE12 AF15 5F26 592A
1C4130: 0030 0270 0272 0070 0170 0070 04F4 04E0
1C4140: 0200 0200 0500 0A01 1403 1F00 0F00 0300
1C4150: 0001 0001 0003 0007 000F 000F 0003 0000
1C4160: BE4C B254 6588 5A81 CD02 F040 AF40 4000
1C4170: 08E9 08C1 10C3 00A7 00BF 000F 0000 0000
1C4180: E740 9B5A 6F20 552F 7F0F B10F 5F00 9344
1C4190: 0018 3C18 1000 0C00 0D01 0C40 00E0 08E1
1C41A0: 0200 0B00 1E09 1B08 0C04 0602 0300 0000
1C41B0: 0001 0001 0809 0401 0201 0100 0000 0000
1C41C0: 3C88 9528 3C41 2740 0A00 31C0 C000 0000
1C41D0: 00E3 00E3 00F3 00F9 00F1 0000 0000 0000
1C41E0: 7800 9420 4E90 9348 D10A 4910 F600 99E2
1C41F0: 0000 0078 00F8 00FE 007E 00BE 000C F0C6
1C4200: 0000 0000 0000 0000 0100 0201 0301 0300
1C4210: 0000 0000 0000 0000 0000 0000 0000 0000
1C4220: 5C23 5F00 6D1B FD03 4EC9 9B98 7574 F908
1C4230: 0F39 0020 1B01 0705 3302 7D19 8E04 0600
1C4240: D9E2 9B64 D628 B440 F0E0 78C0 9860 8860
1C4250: F0E6 7066 200C 4008 E000 E030 0090 00F0
1C4260: 6A6C 6C68 1418 68F0 F000 C000 4000 C000
1C4270: F060 F060 E000 0000 0000 0000 0080 0080
1C4280: 0000 0100 0100 0100 0100 0100 0200 0200
1C4290: 0000 0000 0000 0000 0000 0000 0001 0001
1C42A0: 0500 0401 0A01 1201 3502 3A04 1D00 0600
1C42B0: 0003 0003 0007 000F 001F 001F 0006 0000
1C42C0: A31C 6516 3F5C AE5B BF5C 6A9B 378F 2996
1C42D0: 0040 08C0 08C8 00C0 08C8 07C0 07C0 06C0
1C42E0: 8742 59DA 26E4 927C DC20 AC08 E610 3640
1C42F0: 0038 3C18 1800 0000 0000 1040 0840 08C0
1C4300: 5EB8 D235 6409 9802 AA00 ED1E 4939 3F00
1C4310: 0889 0881 1083 0067 005F 0000 0701 0000
1C4320: 1E48 1648 6A00 2480 CE00 8D7C FF80 C000
1C4330: 00E0 00E0 00D4 00D8 0030 0200 0000 0000
1C4340: 7800 9420 4E90 9348 D10A 4910 F204 DDE2
1C4350: 0000 0078 00F8 00FE 007E 00BE 000C F0E6
1C4360: 0000 0000 0000 0100 0601 0A06 0403 0300
1C4370: 0000 0000 0000 0000 0000 0100 0000 0000
1C4380: 5C23 5F00 6D1B ED1B 9A9D 3132 39F8 F40C
1C4390: 0F39 0020 1B01 0B01 6302 F935 0C0B 0201
1C43A0: D9E2 9B60 D520 BE40 D5EE 3AC3 9D66 8E60
1C43B0: F0E6 7066 2002 4000 E000 E430 0090 00F0
1C43C0: 0000 0000 0000 0000 8000 4080 8000 0000
1C43D0: 0000 0000 0000 0000 0000 0000 0000 0000
1C43E0: 0700 0601 0F01 0A04 0B05 1A01 1308 110A
1C43F0: 0002 0000 0004 0104 0004 000C 000E 000E
1C4400: AAB6 6F77 93EF F4CB 2A5C 77D4 F2E4 5CE8
1C4410: 4001 8000 0000 8080 8001 C801 E801 E003
1C4420: 3502 2314 6214 6A04 6608 4408 3B00 0C00
1C4430: 001F 001F 003F 003F 003F 003F 000C 0000
1C4440: E608 B872 C852 9220 B440 D10F 160E 0F00
1C4450: 1003 2027 2007 400F 000F 0000 0100 0000
1C4460: 0C08 6468 9890 6CF0 7A8C BE2C D20C 5C80
1C4470: 00F0 F060 6000 0000 0C00 4C00 2C80 2080
1C4480: 76A0 7680 6680 A300 7B00 E600 7060 E000
1C4490: 00CC 00CC 00DC 00DE 0086 0000 C040 0000
1C44A0: 0000 0000 0000 0000 0000 0000 0100 0100
1C44B0: 0000 0000 0000 0000 0000 0000 0000 0000
1C44C0: 0F00 340C 5333 7737 5B3B 330F 0C03 0700
1C44D0: 0000 0300 0F03 0F07 0703 0000 0000 0000
1C44E0: 8C70 6A6C 6A6C 9498 C8F0 F000 2000 A000
1C44F0: 0000 F060 F060 6000 0000 0000 00C0 00C0
1C4500: 0000 0000 0300 1D03 2E1E 110D 0D03 0300
1C4510: 0000 0000 0000 0000 0706 0301 0000 0000
1C4520: 5C23 5F00 ED1B BDCB 426D ADA2 E7E0 B070
1C4530: 0F39 0020 1F05 1F05 8312 C19D 706F 0807
1C4540: DDE2 9962 D320 BD40 D6EC 3EC6 BA43 8966
1C4550: F0E2 7062 2002 4002 E100 E736 04B0 00F0
1C4560: 0000 0000 0000 C000 6040 A0C0 C000 8000
1C4570: 0000 0000 0000 0000 8000 0000 0000 0000
1C4580: 0E01 0D03 0A06 0905 1A06 1B07 3403 2D13
1C4590: 0004 0000 0100 0301 0100 0000 0118 0318
1C45A0: BEC1 5D63 30CF 4C03 CB87 548C 5A8A D585
1C45B0: 0000 8000 0000 8030 0030 0320 8722 8E24
1C45C0: 6F11 5B20 5A21 7502 5502 3200 0F00 0000
1C45D0: 0138 003C 003F 003F 003F 000F 0000 0000
1C45E0: 6A9B B556 AA0C F558 AA50 BC40 A040 C000
1C45F0: 8C08 0800 5001 0002 0004 0000 0000 0000
1C4600: 8382 D9DA E7E5 BA7C 4DB3 EE89 5D80 8A10
1C4610: 007C 3C18 1800 0100 0000 1000 0022 007D
1C4620: A000 A000 6080 D080 30C0 70E0 50E0 B040
1C4630: 0040 0040 0000 0020 4000 E000 E000 4000
1C4640: 9508 4B24 2512 D10A 2800 1101 0B02 0F00
1C4650: 007E 00FE 00FE 003E 011E 020C 0400 0000
1C4660: 7000 2800 9800 D880 D880 F000 8000 0000
1C4670: 00A0 00F0 0070 80B0 0030 0000 0000 0000
1C4680: 6A91 EB14 A610 9200 6400 5234 2D1E 1F00
1C4690: 003C 007C 007C 007C 0018 0800 0404 0000
1C46A0: 0000 0000 0000 0000 0000 0000 0000 E000
1C46B0: 0000 0000 0000 0000 0000 0000 0000 0000
1C46C0: 0300 0C03 1509 2A10 3D10 5A32 CF55 A528
1C46D0: 0000 0000 0200 0504 0606 0707 2307 7323
1C46E0: E000 B8A0 7490 AAC0 DE08 FD9C FF5C BF08
1C46F0: 0000 4000 0818 1C1C 3C3C 3EBE BEFE FEFE

[F6: GraphicData_PygmyRandi]
1C4700: 7807 F66F 8979 740B 2A1B 2116 1E08 1E05
1C4710: 0000 6000 6600 0000 0400 0800 0001 0504
1C4720: 00C0 90A0 40F0 AC40 EE10 3D86 DF26 DE60
1C4730: 0000 4000 0000 1000 0404 0EE8 0630 4070
1C4740: 000F 150D 3A0D 7C02 8B71 C873 7408 0B04
1C4750: 0000 0200 0000 2120 600C 500F 000F 0007
1C4760: 00E0 60F8 90C8 38D0 7880 1C90 3A0C DE2C
1C4770: 0000 0000 2000 0000 0000 18E8 1CF0 0CE0
1C4780: 0000 0003 0207 0005 0503 1F00 300F 3B0C
1C4790: 0000 0000 0000 0200 0000 0000 1912 1C11
1C47A0: 0070 1098 487C 94F6 E81A 144E 708C 3CE8
1C47B0: 0000 6000 8000 0800 0400 00E0 0080 68A0
1C47C0: 2D0B 6F2D 563F 4936 3E01 1D00 0000 0000
1C47D0: 1118 113C 003F 383F 1C1D 0000 0000 0000
1C47E0: 58E0 B0C0 50E0 3000 D8E0 48D0 A870 D820
1C47F0: 4070 8040 00E0 00E0 00F0 20F0 0070 7070
1C4800: 0000 0003 0402 3D03 7A35 6E34 310E 0A04
1C4810: 0000 0000 0100 0000 3C08 3C09 0403 0007
1C4820: 00F8 50DC 08BE 54F6 E416 0A5C 718E 3FEA
1C4830: 0000 2000 4000 0800 0800 00E0 0280 6AA0
1C4840: 013E 287F 55FF 04AE 7AD5 55AA 4A11 651F
1C4850: 0000 0000 0000 5100 0000 0000 003F 0030
1C4860: A8B0 ACB0 4ABC 0EFC 6C90 2698 2398 43A8
1C4870: 40F0 40F0 3C00 1C40 0060 00FC 00FE 10FE
1C4880: 0000 0000 0000 0000 7000 A870 E870 807E
1C4890: 0000 0000 0000 0000 0000 7000 7000 6000
1C48A0: 0E01 0907 0C06 0E05 0806 0A05 0C00 0A04
1C48B0: 0606 0400 0500 0400 0403 0007 0007 0007
1C48C0: 60FC 58FE 44EE BE54 5A84 AC10 12EC 56EC
1C48D0: 0000 0000 1000 0000 00A0 00F8 7C90 7C90
1C48E0: 00C0 90A0 48F0 A840 EC10 368C D228 D268
1C48F0: 0000 4000 0000 1000 0000 00EC 043C 447C
1C4900: 0D07 0B07 0C07 1500 1F07 1A0B 140F 1B04
1C4910: 0504 0304 0007 000F 000F 040F 000F 0E0E
1C4920: 58E0 B0C0 50E0 8810 68F0 F800 F000 0000
1C4930: 4070 8040 00E0 00F0 00F0 7070 0000 0000
1C4940: 0E06 0C00 130C 160F 1B0A 120B 0807 0F00
1C4950: 0107 0007 000F 000F 040E 040F 0007 0707
1C4960: 3C40 3000 C830 E8F0 C830 F000 E000 8000
1C4970: A0E0 00E0 00F0 00F0 0030 6060 0000 0000
1C4980: 160C 0C03 0A00 1503 0E06 0A06 1807 0E01
1C4990: 0C01 0003 0007 000F 0107 0107 080F 0707
1C49A0: 9478 3EC4 6A1C BCE0 1040 7020 6890 F000
1C49B0: 38C0 04C0 1CC0 00E0 A0E0 80A0 1090 6060
1C49C0: 0602 0C00 0F04 170F 1B0A 120B 0F00 0F00
1C49D0: 0103 0007 0007 000F 040E 040F 0707 0707
1C49E0: 84C8 3C18 E438 58E0 F408 B800 8000 8000
1C49F0: 00F8 00F8 00F8 00E0 3838 0000 0000 0000
1C4A00: 0403 1B07 2201 1C02 3609 370E 3E00 1800
1C4A10: 0003 0007 001F 010F 1019 101E 1818 0000
1C4A20: F618 B820 1810 A8B0 8CF0 58A0 B040 6000
1C4A30: 1880 4060 E0F0 40F0 18F8 30B0 6060 0000
1C4A40: 640B 340B 1B07 0907 0700 0000 0000 0000
1C4A50: 0039 0219 0700 0300 0000 0000 0000 0000
1C4A60: A370 8E40 7488 48B0 14D8 EC68 7438 BC40
1C4A70: 00FE 007C 8038 0030 20F8 1078 0038 7878
1C4A80: 0F05 0B07 0C07 0501 0300 0000 0000 0000
1C4A90: 0504 0304 0007 0203 0000 0000 0000 0000
1C4AA0: CA70 8EF4 1CF0 A870 F800 C870 F060 6000
1C4AB0: 5464 B044 7080 7000 7070 7000 6000 0000
1C4AC0: 0403 1B07 2201 1D03 320F 340D 3F00 1800
1C4AD0: 0003 0007 001F 000F 101F 121F 1818 0000
1C4AE0: B04F 22E3 898E 2738 38C0 C000 0000 0000
1C4AF0: 418F 1DFF 71FF C0F8 00C0 0000 0000 0000
1C4B00: C000 6080 E000 C000 C000 8000 0000 0000
1C4B10: 0000 C0C0 C0C0 8080 8080 0000 0000 0000
1C4B20: 0000 0000 0000 0000 7000 9860 F800 B860
1C4B30: 0000 0000 0000 0000 0000 7070 7070 0060
1C4B40: 0000 0000 0000 E000 D060 F060 9060 6000
1C4B50: 0000 0000 0000 0000 E080 E080 6000 0000
1C4B60: 0D07 0B07 0601 0501 0300 0000 0000 0000
1C4B70: 0504 0304 0001 0203 0000 0000 0000 0000
1C4B80: 73C8 86C0 7A84 9A7C 8C48 DC58 9418 E870
1C4B90: 405E 807C 00FC 007C 3078 2078 6078 0070
1C4BA0: F800 B040 6000 0000 0000 0000 0000 0000
1C4BB0: 7070 6060 0000 0000 0000 0000 0000 0000

[F7: GraphicData_PygmyPurim]
1C4BC0: 0700 0900 790F F26A D765 5B0D 321F 241F
1C4BD0: 0000 0403 0000 6500 6A02 0222 1000 1706
1C4BE0: C000 2000 30E0 90A0 D040 BE60 9DF6 47F6
1C4BF0: 0000 4080 0000 4000 A080 8080 1600 D6C8
1C4C00: 0700 0A00 1500 1103 180E 0806 340E 403A
1C4C10: 0000 0401 0803 0804 0100 0100 0100 3500
1C4C20: C000 A000 5000 30A0 BCC0 1E60 B26C 9C40
1C4C30: 0000 4000 2080 0040 0000 8C0C 8C80 A080
1C4C40: 0F00 120A 1C0B 1507 1A05 1B05 1305 1C0B
1C4C50: 0000 0401 0404 0800 0808 0808 0800 0200
1C4C60: 8000 C000 F000 08A0 3C90 FC90 ACF8 F850
1C4C70: 0000 0080 0000 5000 6828 6868 0000 5040
1C4C80: 1D0F 1B07 2417 290F 2900 3910 1900 0700
1C4C90: 0706 0304 081F 101F 1016 0016 0006 0000
1C4CA0: 76E0 98E0 20C0 50E0 B0A0 B0A0 50E0 6000
1C4CB0: C0C8 8040 00C0 00E0 40E0 40E0 00E0 00C0
1C4CC0: 0700 1F05 2401 663F 3D1A 3318 1102 0F03
1C4CD0: 0000 0202 1E04 0000 1800 1804 020C 0300
1C4CE0: C000 6000 38C0 84D0 5EC8 AE88 D2F8 BD6A
1C4CF0: 0000 00C0 0000 2800 3414 7424 0400 2A20
1C4D00: 3E00 4B28 732C 541E 6816 4F16 2C15 130D
1C4D10: 0000 1006 1010 2100 2120 2101 0200 0901
1C4D20: 7000 B830 08D0 10A0 F040 F040 B0E0 E040
1C4D30: 0000 3040 1020 4000 A0A0 A0A0 0000 4000
1C4D40: C000 2000 30E0 90A0 D840 BC68 94F8 44F8
1C4D50: 0000 4080 0000 4000 A080 8088 1008 D0C8
1C4D60: 0000 0000 0000 0000 C000 A0C0 60C0 C000
1C4D70: 0000 0000 0000 0000 0000 C000 C000 0000
1C4D80: 0000 0000 0000 0000 0000 6000 D020 B040
1C4D90: 0000 0000 0000 0000 0000 0000 6040 6020
1C4DA0: 0201 0100 0100 0201 0401 0401 0600 0300
1C4DB0: 0100 0000 0000 0001 0003 0003 0003 0000
1C4DC0: 1D0F 0B07 0807 1A0B 1405 1405 140F 0A00
1C4DD0: 0706 0304 0007 040F 0A0F 0A0F 000F 0007
1C4DE0: 76E0 98E0 20C0 50E0 B0A0 90A0 2000 8000
1C4DF0: C0C8 8040 00C0 00E0 40E0 40E0 00C0 0000
1C4E00: 600A 3C06 100F 1407 1507 150F 0A01 0100
1C4E10: 2530 0100 0008 080C 080F 000F 0005 0000
1C4E20: 9040 B0E0 10E0 50E0 5040 5040 50E0 2000
1C4E30: A080 0000 0020 0060 A0E0 A0E0 00E0 00C0
1C4E40: 1200 1506 0906 0807 0A02 120A 150D 0900
1C4E50: 010C 0608 0600 0007 0507 050F 020F 0007
1C4E60: A870 7080 F8D0 2890 D080 D0A0 50A0 9800
1C4E70: 7000 0080 10C0 5040 20A0 00A0 00A0 0070
1C4E80: 600A 3C06 100F 180B 150F 0B01 0001 0100
1C4E90: 2530 0100 0008 040C 000F 0005 0001 0000
1C4EA0: 9040 B0E0 10E0 50E0 5040 10C0 1020 2000
1C4EB0: A080 0000 0020 0060 A0E0 20E0 00E0 00C0
1C4EC0: 0201 0502 0807 120E 270D 250C 3600 1800
1C4ED0: 0100 0002 0007 010F 001D 021E 0018 0000
1C4EE0: 57BA 3EC0 9890 4850 D4E0 A8C0 D000 6000
1C4EF0: BA00 00C0 60F0 A0F0 00F8 00F0 0060 0000
1C4F00: 0A01 0503 0503 0807 0A02 120A 150D 0900
1C4F10: 0400 0300 0300 0007 0507 050F 020F 0007
1C4F20: A0C0 20C0 98C0 1CD8 44B8 D8A0 50A0 9800
1C4F30: C000 0000 C020 D820 18A0 00A0 00A0 0070
1C4F40: 1D0F 0B07 0C07 0D05 0700 0100 0100 0000
1C4F50: 0706 0304 0007 0207 0000 0000 0000 0000
1C4F60: 7CE8 94E0 18E0 50E0 2000 A0C0 E0C0 C000
1C4F70: C0C8 8848 6080 6080 00C0 C000 C000 0000
1C4F80: E000 A000 5000 30A0 B0C0 1060 B060 9040
1C4F90: 0000 4000 2080 0040 0000 8000 8080 A080
1C4FA0: 9867 5DBD 73F3 CCCF 2738 D8E0 E000 0000
1C4FB0: 6007 02BF 0CFF 30FF C0F8 00E0 0000 0000
1C4FC0: 2000 7000 B000 5080 1080 E000 0000 0000
1C4FD0: 0000 0020 0060 00E0 00E0 0000 0000 0000
1C4FE0: 1D0F 0B07 0403 0501 0300 0000 0000 0000
1C4FF0: 0706 0304 0003 0203 0000 0000 0000 0000
1C5000: 7EE0 B4D8 2AEC 5694 AE2C AC28 9458 8800
1C5010: C0C0 8058 10FC 28BC 507C 5078 2078 0070
1C5020: C800 D000 6000 0000 0000 0000 0000 0000
1C5030: 0070 0060 0000 0000 0000 0000 0000 0000
1C5040: 0000 0000 0000 7000 A800 9800 9438 6A2C
1C5050: 0000 0000 0000 0000 0070 0070 0078 103C
1C5060: F020 BE10 5D12 23B4 96E8 0850 B468 5634
1C5070: 0020 4010 2694 065A 0800 A000 9090 C840
1C5080: 640D 3A06 0403 0501 0602 0301 0100 0100
1C5090: 2230 0100 0000 0203 0103 0001 0000 0000
1C50A0: A498 74F8 18E0 B0C0 1060 2000 2000 2000
1C50B0: 6020 0000 0000 00C0 80C0 00C0 00C0 00C0
1C50C0: 0700 0807 0A07 1607 3300 331D 321F 241F
1C50D0: 0000 0000 0700 0708 000C 1A02 1000 1706
1C50E0: C000 2080 30E0 10A0 D040 B060 90E0 50E0
1C50F0: 0000 4000 0000 4000 A080 8080 0000 C0C0
1C5100: 1D0F 0B07 0807 1B0A 1507 1507 140F 0A00
1C5110: 0706 0304 0007 040E 090E 090E 000F 0007
1C5120: 50E0 D0A0 B060 1020 10A0 90E0 2000 8000
1C5130: C0C0 A000 6000 20C0 8060 8060 00C0 0000
1C5140: 0C03 0201 0701 0A07 0A02 120A 150D 0900
1C5150: 0102 0001 0001 0007 0507 050F 020F 0007
1C5160: A870 7080 A890 A4C8 66BC DCB0 58B0 9800
1C5170: 7000 0080 50C0 0890 0CB0 00B0 00B0 0070
1C5180: 0700 0A00 1500 1103 180E 0806 140E 100A
1C5190: 0000 0401 0803 0804 0100 0100 0100 0500
1C51A0: D000 A810 4810 38A0 B8C0 0870 B860 9040
1C51B0: 0020 5000 3080 1050 1010 9000 8080 A080
1C51C0: 200A 3C06 100F 1407 1507 150F 0A01 0100
1C51D0: 0510 1110 0008 080C 080F 000F 0005 0000
1C51E0: 0000 0000 0000 0000 0000 0000 7000 E810
1C51F0: 0000 0000 0000 0000 0000 0000 0000 7060
1C5200: 0F00 120A 1D0A 3614 3C12 3D12 1601 1C0B
1C5210: 0000 0401 0404 0801 0A09 0B09 0B02 0300
1C5220: 8000 C000 F000 8860 7C10 EC30 4CB8 F850
1C5230: 0000 0000 C0C0 D080 28A8 0808 0000 5040

[F8: GraphicData_PygmyPopoie]
1C5240: 0000 0000 0003 031F 1A3E 307C 227A 1032
1C5250: 0000 0000 0000 0000 1918 3A39 3035 0508
1C5260: 0000 0000 00E0 607C 2C3E 061F 222F 0426
1C5270: 0000 0000 0000 8000 4C8C 2ECE 06D6 5088
1C5280: 0000 0000 0018 083F 127E 1179 0830 0018
1C5290: 0000 0000 0000 1818 3938 3630 151A 0502
1C52A0: 0000 0000 000C 087E 24BF C4CF 0806 000C
1C52B0: 0000 0000 0000 0C0C 4E0E 3606 54AC 50A0
1C52C0: 0000 0000 0001 003F 286E 1F5F 043A 207C
1C52D0: 0000 0000 0000 0000 3D3C 3C3C 1D1C 0201
1C52E0: 0000 00E0 4070 C0F8 8098 484C 0044 F094
1C52F0: 0000 0000 E0E0 1010 6000 8030 2890 0860
1C5300: 3316 2306 2305 251E 1C0F 120B 0F00 1608
1C5310: 0A22 122A 0B30 0126 001F 040F 0606 0C0C
1C5320: 6CB0 FAA4 F6C8 FC00 38C0 F000 6000 0000
1C5330: A020 BC2C FC18 F830 30E0 6040 0000 0000
1C5340: 001C 083F 103C 1139 1000 3010 3414 3818
1C5350: 0000 1C1C 1B18 1016 0619 042B 0A21 0720
1C5360: 001C 087E 049E C4CE 0004 0406 1614 0E0C
1C5370: 0000 1C1C 6C0C 0434 30C8 10E8 28C2 F002
1C5380: 001D 183E 1D5F 006E 3A7E 4CCF 20AD E073
1C5390: 0000 1D1C 3C3C 3938 0001 3000 5200 0884
1C53A0: 00E0 8098 4044 6064 F094 D8A8 FEA0 7BE4
1C53B0: 0000 6000 A810 1088 0068 A090 A088 EE0E
1C53C0: 0007 061E 0C3C 1D7F 1B7F 327E 0A72 1232
1C53D0: 0000 0100 1310 3838 3838 3938 1C19 000D
1C53E0: 00F0 303C 181E DCFF 6C7F 263F 2827 2426
1C53F0: 0000 4080 E404 0E0E 8E0E 4E8E 1CCC 00D8
1C5400: 00F0 9098 4044 6064 F094 DCA8 F8A0 06F8
1C5410: 0000 6000 A810 1088 0068 A090 A088 8078
1C5420: C080 408C 887E 24BF C4CF 0806 000C 0C08
1C5430: 8000 8000 0C0C 4E0E 3606 54AC 50A0 7084
1C5440: 001F 032F 032E 173D 110E 2718 1F00 0000
1C5450: 0200 1202 0212 0304 0116 1F1F 0000 0000
1C5460: 88F4 60FA E0BA F4DE D034 58A0 6418 1C00
1C5470: 2008 2420 A024 E010 C838 70F0 1818 0808
1C5480: 1808 1B0B 1202 3D0D 360F 1C03 0700 0100
1C5490: 0710 0410 0D10 0210 0010 0004 0001 0000
1C54A0: 0C08 6C68 2420 5C58 B4F8 1AE4 FC00 F000
1C54B0: 7084 9004 D804 A004 0000 041C 30F0 0000
1C54C0: 2E6F 084D 0C49 0E49 115D 123B 170C 0F00
1C54D0: 1000 2210 1026 1027 2207 040F 031F 0101
1C54E0: D8AC F8A0 70E0 E000 90A0 38C0 B448 D820
1C54F0: A090 A088 E000 C000 40E0 20C0 F8E8 E0E0
1C5500: 0906 0B06 0F06 0600 0000 0000 0000 0000
1C5510: 0600 0600 0600 0000 0000 0000 0000 0000
1C5520: 0000 0000 0000 0000 0000 0000 0600 0906
1C5530: 0000 0000 0000 0000 0000 0000 0000 0600
1C5540: 2A1A 1E0E 0F00 0000 0000 0000 0000 0000
1C5550: 0520 0110 000F 0000 0000 0000 0000 0000
1C5560: A2BC F488 F800 E810 E810 7800 7800 3000
1C5570: 4002 0014 6068 7070 7070 3030 3030 0000
1C5580: 4E3D 350B 331F 1808 0F00 1D02 1A04 1A04
1C5590: 0043 0037 001F 070F 0303 0E0E 0C0C 0C0C
1C55A0: F608 5CE0 5860 B0C0 C000 0000 0000 0000
1C55B0: DC1C 18F8 90F0 00C0 0000 0000 0000 0000
1C55C0: 201A 201F 120F 0F02 0B01 0F06 0D05 0B07
1C55D0: 0500 1210 0202 0602 0704 0106 0207 0007
1C55E0: 0826 82F8 24F8 F8A0 F0C0 E000 8000 8000
1C55F0: 5088 2402 2024 B028 E000 C000 0000 0000
1C5600: 4FCE 9B9E 4678 B4C8 E810 7000 2000 0000
1C5610: 36F8 66F8 80F8 18D8 3030 2020 0000 0000
1C5620: 0503 051B 083F 127E 1179 0830 0018 1808
1C5630: 0300 0300 1818 3938 3630 151A 0502 0710
1C5640: 603A 703F 523F 2B1E 2715 130A 1B07 1F00
1C5650: 0520 0230 0232 021A 0B1C 050E 080F 0C0C
1C5660: 0826 82F8 24F8 F8A0 F0C0 E000 C000 0000
1C5670: 5088 2402 2024 B028 E000 C000 0000 0000
1C5680: 2E10 320C 087E 24BF C4CF 0806 030E 0F0A
1C5690: 1C1C 1010 0C0C 4E0E 3606 54AC 50A2 7086
1C56A0: 1D0D 0B03 0A02 0D05 0603 0003 0300 0300
1C56B0: 0210 0408 0508 0208 0004 0000 0101 0000
1C56C0: 2724 1112 1112 5D5E B6F8 1CE0 3CC0 F800
1C56D0: D00A A845 A845 A001 0006 001C F8F8 0000
1C56E0: 0000 0003 021E 1B3C 2F73 257B 0B7A 0735
1C56F0: 0000 0000 0100 1818 3B38 3338 243E 081C
1C5700: 0000 00E0 203C AC3E EAA7 E2AF 8427 0876
1C5710: 0000 0000 C000 0C4C 9E0E 8616 520A A008
1C5720: 2277 2F7A 377D 112E 1F01 2719 3F00 0000
1C5730: 0A1A 060A 030C 0116 0908 1D1C 0000 0000
1C5740: 22FB F2AB F6DF CE28 ACE8 CCF0 E618 3E00
1C5750: 2420 B024 E010 D03A D038 C830 3C3C 1C1C
1C5760: 44CD 058D 0B8F D35F 915D 523B 3B0C 0F00
1C5770: 221F 522F 5027 00A7 2287 044F 033F 0101
1C5780: F8A0 50E0 30C0 CCF0 162C 2ED4 B448 9860
1C5790: A088 6080 00C0 10E0 CCE0 3CD0 F8E8 E0E0
1C57A0: 0000 003B 036F 1B5C 1E7B 0B37 357D 2069
1C57B0: 0000 0000 3838 3C3C 393A 1017 020F 160F
1C57C0: 00E0 4070 E0F8 D018 E8CC 60C4 70B4 F88C
1C57D0: 0000 E0E0 1010 2000 C010 D800 0880 80B0
1C57E0: 7000 E874 08FE 24BF C4CF 0806 000C 0C08
1C57F0: 0000 7000 8C0C 4E0E 3606 54AC 50A0 7084
1C5800: 00C0 9CE0 CEFC 363C 8C88 4CC8 EC68 F830
1C5810: 0000 C0C0 2C20 C400 4030 2014 1084 0048
1C5820: F8A0 50E0 30C0 2830 CEC8 35F6 877E 9E60
1C5830: A088 E000 00C0 C0F0 30F8 0EF8 86F8 E0E0
1C5840: 3608 3608 2618 3408 1800 0000 0000 0000
1C5850: 1C1C 1C1C 1C1C 1818 0000 0000 0000 0000
1C5860: 0000 0000 0000 0000 1800 3408 2418 2E10
1C5870: 0000 0000 0000 0000 0000 1818 1818 1C1C
1C5880: 00F0 9098 4044 6064 F094 DFA8 FFA0 74EB
1C5890: 0000 6000 A810 1088 0068 A090 A38B E70F
1C58A0: E609 4FD0 90A0 2040 C000 0000 0000 0000
1C58B0: D71F 20F0 40E0 80C0 0000 0000 0000 0000
1C58C0: 0000 0000 0000 8000 C000 6080 6080 C000
1C58D0: 0000 0000 0000 0000 8080 C0C0 C0C0 0000
1C58E0: FFFF FFFF FFFF FFFF FFFF FFFF FFFF FFFF
1C58F0: FFFF FFFF FFFF FFFF FFFF FFFF FFFF FFFF

[88: GraphicData_MidgetMoogle_PurpleSpellPalettePlaceholder]
[98: GraphicData_Moogle]
[F0: GraphicData_RandiMoogle]
[F1: GraphicData_PurimMoogle]
[F2: GraphicData_PopoieMoogle]
[F3: GraphicData_RandiPygmyMoogle]
[F4: GraphicData_PurimPygmyMoogle]
[F5: GraphicData_PopoiePygmyMoogle]
1C5900: 0000 0000 0000 0000 0000 0000 0000 0100
1C5910: 0000 0000 0000 0000 0000 0000 0000 0000
1C5920: 0000 0700 7A01 703F 633F 473F EF1F CF9F
1C5930: 0000 0000 0304 3F00 0F01 1F03 3F01 1FA0
1C5940: 0603 0700 0C03 0B07 0F03 0700 0502 0200
1C5950: 0003 0000 0700 0703 0703 0000 0002 0000
1C5960: E77F BF14 E43F 2C9F 2CBF 300F 9C0F 5F0F
1C5970: 7F28 3740 FC28 BC40 BC60 3FC0 106F 102F
1C5980: 570F 6007 6B00 5720 4830 6518 4500 3E00
1C5990: 132F 201F 2817 3708 3807 3C02 043A 0000
1C59A0: 9FF8 F7A0 98FB D1E2 DBF8 35C3 FAC5 FDC0
1C59B0: F850 B308 FB54 F30C F814 F00B 30C5 30C0
1C59C0: 8000 C000 C000 8000 8000 8000 8000 0000
1C59D0: 0000 8000 8000 0000 0000 0000 0000 0000
1C59E0: 6680 AD0C 5F12 DF00 1D10 DA18 3C00 0000
1C59F0: 20D8 2CD2 5EA0 DE20 1CE2 1824 0000 0000
1C5A00: 0301 0200 0503 0503 0601 0300 0201 0100
1C5A10: 0001 0001 0300 0300 0300 0000 0001 0000
1C5A20: 4B9F B73A DA8F B6FF 1ACF D21F A20F 330F
1C5A30: 1FA4 BB50 DE24 FE10 DE20 1F20 0817 1807
1C5A40: 3F03 3D03 5F00 4E10 411C 5E00 410C 3F00
1C5A50: 1907 1807 1C23 1E21 1C22 1E21 0C32 0000
1C5A60: D2F8 EF5C 58F1 6EFD 59F0 4EFD 4BF0 CAF0
1C5A70: F825 DD08 7926 7F08 7806 FC09 18E4 18E4
1C5A80: 4000 E000 F0C0 30C0 E000 4080 4080 8000
1C5A90: 0080 C000 E000 E000 0000 0080 0080 0000
1C5AA0: E2D8 B5C8 C93C 5D38 E900 910C 8930 7E00
1C5AB0: 98E4 1CE2 3CC2 7C82 6816 1C62 3846 0000
1C5AC0: 0000 0000 0700 7E01 703F 4B37 572F 7F07
1C5AD0: 0000 0000 0000 0700 3F00 3F01 3F03 0739
1C5AE0: 0000 0000 E000 7E80 0EFC D2EC EAF4 FFE0
1C5AF0: 0000 0000 0000 E000 FC00 FC80 FCC0 F08E
1C5B00: 7E0D BF5E F55F B45F 7A15 2B14 1500 2700
1C5B10: 011E 403F 403F 403F 003F 0014 010A 0718
1C5B20: F7F9 EF73 1567 99EF 12ED 5621 FB00 FE00
1C5B30: FC03 F807 708F 708F 708F 7089 F804 FC00
1C5B40: E080 F0C0 70C0 70C0 F040 A040 4000 0000
1C5B50: 00C0 00E0 00E0 00E0 00E0 0040 0000 0000
1C5B60: 6700 9927 EC03 A900 4600 3900 0000 0000
1C5B70: 0718 3F40 6F10 2156 0039 0000 0000 0000
1C5B80: 0EF0 F5F8 EFF0 C502 2910 8538 520C 3C00
1C5B90: FC00 FC02 FE00 C638 38C6 3C42 1C20 0000
1C5BA0: 0000 0300 0700 0503 0403 0300 0000 0000
1C5BB0: 0000 0000 0300 0300 0300 0000 0000 0000
1C5BC0: FB37 FD7B D67D D27F E857 AD50 5300 2700
1C5BD0: 0778 03FC 01FE 01FE 01FE 0152 032C 0718
1C5BE0: DFE6 9FEF 759F 65BF 4BB5 5A85 E500 F400
1C5BF0: F00F E01F C03F C03F C03F C025 E018 F008
1C5C00: 8000 C000 A000 E000 E000 C000 0000 0000
1C5C10: 0000 0080 00C0 4080 4080 0000 0000 0000
1C5C20: 2F00 5C03 5907 6C03 7900 6518 2100 1E00
1C5C30: 0F10 1F20 1F20 2F10 3806 3C02 001E 0000
1C5C40: FC00 1CE0 EAF0 12E8 B208 0C00 1460 F800
1C5C50: F800 F800 F804 F804 3844 08F0 7088 0000
1C5C60: 0000 0300 0403 0E03 0E07 1D06 540F B04F
1C5C70: 0000 0000 0200 0600 0600 0F00 0F00 0F40
1C5C80: 6000 E000 FC00 AAF0 F97C 7FFC 3DFE D57E
1C5C90: 0000 4000 0000 7804 FC32 FE38 FE00 FE48
1C5CA0: 0702 0B06 0F04 0E05 0F04 0B04 0700 0200
1C5CB0: 0003 0006 0104 0104 0104 0004 0002 0000
1C5CC0: CF31 0E03 37C1 EEF3 CFFD 3F0F 470F 220F
1C5CD0: 7F00 0FF2 F708 FF02 FF00 37C0 0F30 0F10
1C5CE0: FEA0 A5F2 EDFA 87F8 6EC0 7CF0 7CB8 F800
1C5CF0: B000 EA40 E200 E200 A450 8078 9878 C030
1C5D00: 370F 310F 4C03 6700 7200 4518 3E00 0000
1C5D10: 1F00 1F00 0F30 2718 300D 1C22 0000 0000
1C5D20: B4C0 F4C8 74D8 D830 1820 F000 0000 0000
1C5D30: F008 F800 F800 F000 30C0 0000 0000 0000
1C5D40: 0702 0B07 0E05 0E05 0F04 0B04 0700 0200
1C5D50: 0003 0007 0007 0007 0007 0006 0002 0000
1C5D60: C739 8E03 CF31 B67B B279 C933 4307 2B07
1C5D70: 7F00 0F72 7F00 7F02 7B04 7B04 0738 0F10
1C5D80: F8A0 A4F0 ECD8 E4D8 68C0 78F0 38F0 58A0
1C5D90: B000 E840 E000 E000 A050 8070 9070 C030
1C5DA0: 330F 2B07 3B07 360B 310E 2A07 1F00 0000
1C5DB0: 0F00 0F10 1F00 1F00 1F00 0F10 0000 0000
1C5DC0: 6880 28C0 4880 C400 1C00 E800 F000 0000
1C5DD0: E010 E010 C030 C038 18E0 6010 0000 0000
1C5DE0: C739 C001 A21C DD3E ED1E 9A04 6101 5907
1C5DF0: 7F00 413E 3E41 7F00 7F00 1E61 011E 1F20
1C5E00: E8B0 A4F0 CCF8 0478 6840 78F0 38F0 8EF0
1C5E10: B000 E840 E000 6080 20D0 8070 9070 8078
1C5E20: 5907 530F A31F AE1F D42E E930 D438 7800
1C5E30: 1F20 1F20 3F40 3F40 7E01 7806 7800 0000
1C5E40: 39C0 5780 C904 8A04 E608 1C00 0000 0000
1C5E50: C836 D628 CC32 8C70 0C10 0000 0000 0000
1C5E60: 3716 3516 2D10 1300 0500 0400 0600 0300
1C5E70: 0718 0718 0112 0100 0102 0003 0201 0000
1C5E80: C478 B8E0 D8F0 78C0 74E8 BC68 C810 3000
1C5E90: F000 D020 C038 E010 F800 F800 1020 0000
1C5EA0: 3318 3B13 2C13 1300 0300 0300 0200 0300
1C5EB0: 031C 031C 0310 0100 0100 0100 0001 0100
1C5EC0: C478 B860 9870 78C0 58E0 58E0 D000 C830
1C5ED0: F000 D020 C038 E010 F000 F000 C020 F000
1C5EE0: 0000 0F00 0904 0C07 1B07 2B17 7937 5937
1C5EF0: 0000 0000 0502 0300 0701 0710 3F02 3F02
1C5F00: 0000 F800 4890 98F0 ECF0 ECF0 C2F4 4EF0
1C5F10: 0000 0000 D020 E000 F0C0 F000 F02C 7C20
1C5F20: 3307 2C13 1903 0A01 0804 0C02 0B00 0700
1C5F30: 0718 0710 0007 0205 0403 0601 0304 0000
1C5F40: 72E0 1AE4 CCE0 94D8 B418 5420 B000 0000
1C5F50: 700C F004 00F0 18E0 38C0 3088 0000 0000
1C5F60: 0000 0F00 0904 0C07 0B07 1B07 2117 4937
1C5F70: 0000 0000 0502 0300 0701 0700 071A 3F02
1C5F80: 4733 3C03 1803 0903 0A05 0A00 0D02 0700
1C5F90: 3708 0710 0106 0007 0601 0205 0700 0000
1C5FA0: 76E0 1EE0 0CE0 C8F0 88D0 A800 D820 7000
1C5FB0: 7408 F004 C030 10E0 10E0 20D0 7000 0000
1C5FC0: 0000 0000 0F00 0904 0D03 3903 5E25 5A2E
1C5FD0: 0000 0000 0000 0502 0700 0304 210E 201F
1C5FE0: 0000 0000 F800 4890 D8E0 CEE0 BFD0 2DBA
1C5FF0: 0000 0000 0000 D020 F080 E090 C638 827C
1C6000: 3E09 1408 0F00 1209 1E01 0D00 0600 0000
1C6010: 001F 000B 0300 0B04 0F00 0402 0000 0000
1C6020: 3EC8 1488 7880 C8E0 B8C0 2800 B040 E000
1C6030: 807C 8068 E000 E010 F000 20D0 6000 0000
1C6040: 0000 0000 0F00 0904 0D03 0903 3E05 7A0E
1C6050: 0000 0000 0000 0502 0700 0304 010E 300F
1C6060: 0000 0000 F800 4890 D8E0 CCE0 BED0 2EB8
1C6070: 0000 0000 0000 D020 F080 E090 C438 8478
1C6080: 6E09 3408 0D00 0601 0A01 0E00 0902 0700
1C6090: 201F 000B 0102 0300 0304 0601 0304 0000
1C60A0: 3CC8 1488 7880 D0E0 28C0 3800 C820 F000
1C60B0: 8078 8068 E000 E000 E010 30C0 6010 0000
1C60C0: 0000 0100 0301 0403 0702 0C03 1C0B 2D1A
1C60D0: 0000 0000 0100 0200 0300 0300 0308 0318
1C60E0: 0000 C000 2080 B040 68F0 78F0 D8F0 CCF8
1C60F0: 0000 0000 0040 E000 F060 F000 F020 F020

[EC: GraphicData_Statue]
[ED: GraphicData_PygmyStatue]
1C6100: 0000 0000 0106 030A 0F1C 1321 0C20 2541
1C6110: 0000 0000 0600 0D00 1300 3E00 3F00 7E00
1C6120: 0000 0000 E010 D448 E4E2 6A01 E5C0 BB0E
1C6130: 0000 0000 1000 B800 1E00 FF00 3E00 F400
1C6140: 6F39 620D 3606 1E06 1500 0D00 0800 0700
1C6150: 1600 3F00 1900 0900 0A00 0200 0700 0300
1C6160: 1B2C 17D8 0A34 D60C 3A08 D4C0 3C00 9A60
1C6170: F600 EE00 FC00 7800 F400 3800 E000 E400
1C6180: 0C13 1831 3664 0551 3981 DC6C D675 ED5A
1C6190: 1700 2F00 5B00 7E00 FE00 3300 2B00 3700
1C61A0: 1584 6B62 9B82 EA90 1460 F000 9000 7860
1C61B0: FA00 9C00 7C00 7400 E000 E000 E000 9000
1C61C0: 7A14 461A 522A 6008 3304 1B04 0F00 0F00
1C61D0: 2700 3D00 3D00 3F00 1F00 0400 0500 0000
1C61E0: C8C0 1800 5020 9060 30C0 5080 3000 E000
1C61F0: 3000 F000 E000 E000 E000 E000 E000 0000
1C6200: 001F 1C34 3765 0E4A 255A 3614 2003 0F30
1C6210: 1F00 2B00 5A00 7500 7F00 0B00 1F00 3E00
1C6220: 0000 0080 0040 C080 C000 8000 0000 0000
1C6230: 0000 8000 C000 0000 8000 0000 0000 0000
1C6240: 276E 2B98 5E90 33AE AF54 C620 6B10 6D3A
1C6250: 5800 F600 EC00 DC00 7A00 7C00 3E00 1600
1C6260: 0000 0000 0000 0000 0000 0000 0000 0000
1C6270: 0000 0000 0000 0000 0000 0000 0000 0000

[54: GraphicData_?]
[83: GraphicData_MonsterSnowman]
[EE: GraphicData_Snowman]
[EF: GraphicData_PygmySnowman]
1C6280: 0000 0000 0000 0000 001F 0F60 00BF 90F7
1C6290: 0000 0000 0000 0000 0000 1F00 7F00 7F00
1C62A0: 0000 0000 0000 0000 00C0 8030 20C8 10E4
1C62B0: 0000 0000 0000 0000 0000 C000 F000 F800
1C62C0: 0001 0001 0002 0301 0102 000F 021F 012D
1C62D0: 0000 0000 0001 0100 0000 0100 0C00 1E00
1C62E0: 31EF 21EC E1ED 9017 F88F D84F 7C83 7C60
1C62F0: EF10 FC03 FD02 1FE0 8F70 4F30 0F00 9F00
1C6300: 80F4 8CF6 0CF6 04F6 1AEC 2ACC 5498 4C70
1C6310: F800 7800 F800 F800 F000 F000 E000 8000
1C6320: 0534 0129 1E3A 0817 1837 0228 0028 002F
1C6330: 1B00 1600 0401 0F00 0F00 1C03 1C03 1F00
1C6340: E3DC 807F 007F 00FF 00FF 00FF 00FF 00FF
1C6350: 3F00 7F80 7F80 FF00 FF00 FF00 FF00 FF00
1C6360: 001A 803D 00BD 813C C15A FA7C 02BC 22BC
1C6370: FC00 FE00 FE00 FE00 BC00 8000 C000 C000
1C6380: 1837 1034 0410 0D1C 0B07 0403 0300 0000
1C6390: 0F00 0E01 0E01 0300 0000 0000 0000 0000
1C63A0: 00FF 807F 8778 FE00 0101 FFFF 00FF FF00
1C63B0: FF00 7F80 7F80 FF00 FE00 0000 0000 0000
1C63C0: 129C 921C 9418 3438 E8F0 90E0 6080 8000
1C63D0: E000 E000 E000 C000 0000 0000 0000 0000
1C63E0: 0000 0000 0000 0000 001F 0F60 07BF 94F7
1C63F0: 0000 0000 0000 0000 0000 1F00 7800 7800
1C6400: 0000 0000 0000 0000 00C0 8030 F0F8 10FC
1C6410: 0000 0000 0000 0000 0000 C000 0000 0000
1C6420: 0001 0001 0103 0200 0002 0002 0031 115F
1C6430: 0000 0000 0100 0100 0100 0100 0000 2000
1C6440: 36ED A8EF E07F E1BF B114 B90D 5897 7847
1C6450: E310 F700 6F80 AF40 1C63 0D72 1F20 8F00
1C6460: C81C 20CC 10F4 90F4 BCD6 3CE6 54F6 1A6C
1C6470: E000 F000 E800 E800 6800 D800 A800 F000
1C6480: 25E4 11F9 1EFA 28B7 58F7 0268 1038 082F
1C6490: 5B00 6600 6401 4F00 0F00 1C03 0C03 1700
1C64A0: F8CF 9467 0B73 07ED 0576 00B7 31FF 02AF
1C64B0: 3700 7B80 7C80 FA00 FB00 FF00 CE00 FD00
1C64C0: 2ACC 5498 C8F0 B4F8 7274 C20C CE9C 6BEE
1C64D0: F000 E000 0000 0000 8800 F000 6000 9400
1C64E0: 083F 1038 0014 0D1C 0B07 0403 0300 0000
1C64F0: 1700 0E01 0E01 0300 0000 0000 0000 0000
1C6500: 02FF 817F 8778 FE00 0101 FFFF 00FF FF00
1C6510: FD00 7E80 7F80 FF00 FE00 0000 0000 0000
1C6520: 19FE C1DE A33E 1E3C CCD0 90E0 6080 8000
1C6530: C600 3E00 DC00 C000 2000 0000 0000 0000
1C6540: 0000 0000 0000 0001 0003 0102 0702 0007
1C6550: 0000 0000 0000 0000 0100 0100 0201 0000
1C6560: 0000 0000 00F8 18EC 0852 ACF2 C872 B084
1C6570: 0000 0000 0000 F000 5CA0 FC00 7C80 7800
1C6580: 070B 040E 040B 000D 000F 0002 0602 0300
1C6590: 0400 0201 0700 0502 0700 0601 0100 0000
1C65A0: D016 20CD 00E6 00EC 28CC 789C 3038 F000
1C65B0: EC00 FE00 FC00 F000 F000 E000 C000 0000
1C65C0: 0000 0000 0000 0000 0001 0103 0001 0007
1C65D0: 0000 0000 0000 0000 0000 0100 0000 0000
1C65E0: 0000 0000 0000 0078 6894 845A C673 F6BB
1C65F0: 0000 0000 0000 0000 7800 DC20 7488 BC40
1C6600: 070B 040E 040B 000D 000F 0002 0602 0300
1C6610: 0400 0201 0700 0502 0700 0601 0100 0000
1C6620: CAF3 1CAE 10DE 10FA 20CC 789C 3038 F000
1C6630: 7C00 F000 EC00 EC00 F000 E000 C000 0000

[CC: GraphicData_MiniManaBeast]
1C6640: 0000 1F00 710E D437 7C02 0300 0000 0000
1C6650: 0000 0000 1F00 6B00 0100 0000 0000 0000
1C6660: 0100 0601 CB07 F4CF 9AFF 01B9 E72C 3C00
1C6670: 0000 0100 0700 CF00 7C00 5E00 1000 0000
1C6680: FC00 63FC F6FF 8FFF 4F5F 0B4F E033 3111
1C6690: 0000 FC00 FF00 FF00 BF00 B700 0E00 0E00
1C66A0: 0300 C000 3FC0 7BFF FFFF F3FF 0CFF 1312
1C66B0: 0000 0000 C000 FF00 FF33 FF00 F300 EC00
1C66C0: 1C0E 0D03 0300 0000 0000 0000 0000 0000
1C66D0: 0100 0000 0000 0000 0000 0000 0000 0000
1C66E0: 0221 0B2D B57B 7B07 160F 2D1E 5638 7800
1C66F0: DD00 D100 0300 0700 0F00 1E00 3800 0000
1C6700: 0000 0000 0100 0700 0A02 0700 0000 7F00
1C6710: 0000 0000 0000 0000 0504 0000 0000 0000
1C6720: 0000 FC00 3B00 F700 EE80 8D08 6111 100E
1C6730: 0000 0000 FCFC 0F0F 7171 7606 0E00 0100
1C6740: 9900 7506 0905 0403 0403 1F07 2818 1D03
1C6750: 7E7E 0901 0200 0000 0000 0000 0700 0000
1C6760: EE07 5807 AE86 59C9 DCC3 AA81 D381 6900
1C6770: 0000 A0A0 5150 2620 2020 5050 2020 D050
1C6780: 0000 0000 8000 7000 E800 D400 AA00 5E40
1C6790: 0000 0000 0000 8080 F0F0 3838 DCDC A828
1C67A0: 3B80 BB80 7F40 DB87 3901 3600 9980 B680
1C67B0: 6C2C 6D2C A020 6F60 C647 C141 6020 6828
1C67C0: E000 58E0 F638 689D DCE5 F778 5C16 AF0A
1C67D0: 0000 E001 7801 9C03 6483 98E1 E6F1 7278
1C67E0: AB24 D641 87FF F3EC E6DF 2FDF AFDE B7CC
1C67F0: 5610 3F18 FF00 EE80 DF02 DF06 DF00 DE00
1C6800: D605 7E82 CD3F 7B86 8D76 FF6D B45B DF20
1C6810: 3B3C 8F01 7F00 8E00 7704 4C08 1800 3000
1C6820: B7CF BAC7 3FD0 7596 D618 F800 0000 0000
1C6830: DF02 EF00 C000 C800 A000 0000 0000 0000
1C6840: 7080 E0C0 A0C0 C000 0000 0000 0000 0000
1C6850: 8000 C080 C000 0000 0000 0000 0000 0000
1C6860: 0000 2040 0080 4438 C204 0A70 9448 4824
1C6870: 0060 00F0 00FC 00FE 00FF 00FF 00FE 00FE
1C6880: B004 E850 6670 BF8C DB3E 7D42 9A90 F000
1C6890: 006E D0F4 F4F8 FE78 3E10 8200 6000 0000
1C68A0: 0000 C000 3FC0 7BFE FFE1 EEC0 19E0 2723
1C68B0: 0000 0000 C000 FE00 E021 DF1F E707 D803
1C68C0: 0642 2D64 7680 DB40 7E03 2F18 5D34 7F00
1C68D0: B903 9307 0F0F 3C7C 0300 1800 3307 0000
1C68E0: 0300 FE01 BE7F B78F 611E 772D AE1C BD80
1C68F0: 0000 0300 FF00 6FE1 DEC0 AC81 DDC5 63E3
1C6900: C33C 1EE1 F74F B30C D68F 6F1F 2F1E D70C
1C6910: 7E00 FF00 2F60 6E60 6FE2 DFC6 DFC0 EEE0
1C6920: 5E00 B911 7E36 9968 E600 B900 CE00 F000
1C6930: EFEF D6C7 B187 670F 1F1F 7E7E F0F0 0000
1C6940: 370F 9A87 5F00 B526 7658 F800 0000 0000
1C6950: EFE2 6FE0 E0E0 C8E0 80C0 0000 0000 0000
1C6960: 0100 0300 0F00 1B07 0D01 0200 0100 7E00
1C6970: 0000 0100 0000 0F00 0203 0101 0000 0000
1C6980: DFBF BFFF 3FFF 9E7F C03F 730C 3E00 0000
1C6990: FF07 FF0E FF0C FF00 7F00 3E00 0000 0000
1C69A0: B480 DF50 7B87 97FF E0FF 77EF AF5F 5FBF
1C69B0: 6828 3000 EF00 FF01 FF00 EF00 5F06 BF0F

[DF: GraphicData_ManaSeed]
1C69C0: 0000 0303 0605 0C09 1312 3B2C 745B 4A67
1C69D0: 0000 0407 0B0C 1618 2C30 5060 2040 3040
1C69E0: 0000 C0C0 A0E0 50B0 7898 AC1C B62E 0EA6
1C69F0: 0000 20E0 D030 E818 F40C FA06 DC02 DC02
1C6A00: 5B76 737E 6C6D 3131 1D19 0C0E 0303 0000
1C6A10: 2040 2040 3240 5E60 2E30 1718 0D0E 0303
1C6A20: 8EA6 6EA6 528A C4B4 88E8 9090 C0C0 0000
1C6A30: DC02 DC02 F806 F20E E41C 8878 B070 C0C0
1C6A40: 0000 0101 0202 0404 0C09 1D16 3A2D 2017
1C6A50: 0000 0203 0506 0B0C 1618 2830 1020 1820
1C6A60: 0000 E0E0 B0D0 5888 DC74 CA1E 75A3 29D3
1C6A70: 0000 10F0 E818 740C 2A06 3503 1E01 1E01
1C6A80: 2517 2717 2B33 1418 080E 0407 0303 0000
1C6A90: 1820 1820 1C20 2F30 1718 0B0C 0407 0101
1C6AA0: 8BF3 CBF3 3733 565E ACBC 48C8 F0F0 C0C0
1C6AB0: 1E01 1E01 DE01 BD03 7A06 C43C C838 20E0
1C6AC0: 0000 0303 0404 0A0B 1D16 3B2C 7659 715F
1C6AD0: 0000 0407 0B0C 1418 2830 5060 2040 2040
1C6AE0: 0000 C0C0 20A0 1050 08B8 14CC 32EE BAE6
1C6AF0: 0000 20E0 D030 E818 740C 3A06 1C02 1C02
1C6B00: 634F 466E 5666 2830 121C 090E 0707 0101
1C6B10: 3040 3140 3940 5F60 2F30 1718 090E 0203
1C6B20: DEC6 DEC6 160E 2C1C 5838 1090 6060 8080
1C6B30: 3C02 3C02 FC02 FA06 F40C 8878 10F0 40C0
1C6B40: 0000 0000 0000 0300 0401 0803 1807 1707
1C6B50: 0000 0000 0000 0300 0600 0C00 1800 1800
1C6B60: 0000 0000 0000 1000 48C0 C02C 608C 88EC
1C6B70: 0000 0000 0000 F000 3800 1C00 1C00 1C00
1C6B80: 1000 0010 0919 1A1B 0701 0919 040C 0000
1C6B90: 1F00 1F00 1600 1400 0F10 1906 0C03 0000
1C6BA0: B88C D4DC 94FC B86C E8D8 F0F0 0060 0000
1C6BB0: 5C00 3C00 3C00 FC00 F800 F000 6080 0000

[D4: GraphicData_CannonFuse]
[D5: GraphicData_CannonExplosion_01]
[D6: GraphicData_CannonExplosion_02]
[D9: GraphicData_CannonBarrelTip]
[DA: GraphicData_CannonBarrel]
[DC: GraphicData_CannonLowerLeftSection]
[DD: GraphicData_CannonBarrelSection]
[DE: GraphicData_CannonLowerRightSection]
1C6BC0: 0000 0100 0200 0100 0001 1A08 3510 7208
1C6BD0: 0000 0100 0300 0600 0E02 1504 2B08 6701
1C6BE0: C000 A000 7080 2800 5010 E830 5464 AAC6
1C6BF0: C000 E000 7000 F800 E800 9800 B880 7C00
1C6C00: 0000 0000 0000 0000 0000 0100 0300 0600
1C6C10: 0000 0000 0000 0000 0000 0100 0300 0700
1C6C20: 0802 1404 2B08 5610 8905 B20B 6516 8A6C
1C6C30: 0D00 1B00 3700 6F00 FE00 FD00 FB00 F700
1C6C40: 0E01 1C03 300F 611E 827C 8479 4833 7205
1C6C50: 0F00 1F00 3F00 7F00 FF00 FF00 7F00 7C03
1C6C60: 02CC 4798 8738 037C 00FF 00FF 00FF C0EF
1C6C70: FF00 FF00 FF00 FF00 FF00 FF00 FF00 0FF0
1C6C80: 5C13 F920 F140 A7C0 439C 9F3F 4141 0000
1C6C90: EC20 9E02 3E06 7808 E000 C000 BE00 FF00
1C6CA0: 1070 C8B8 A49C 52CE 8D43 E6A1 D3F0 7070
1C6CB0: E000 7000 7800 3C00 3E00 1F00 0F00 8F00
1C6CC0: 0000 C000 E400 FC00 FC00 3FC0 0FF0 17E8
1C6CD0: FF00 FF00 FF00 FF00 FF00 FF00 FF00 FF00
1C6CE0: 1C1C 0F0F 0607 0303 0101 C101 6000 C000
1C6CF0: E300 F000 F800 FC00 FE00 FE00 FF00 FF00
1C6D00: 3A37 0607 0201 0302 0101 0000 0000 0000
1C6D10: 0906 0102 0300 0100 0000 0000 0000 0000
1C6D20: 30F7 18F7 0CFB 887F C63D E41F F48F 720D
1C6D30: C738 E718 F30C F30C F906 F906 7906 7D02
1C6D40: 7847 3A27 1A07 1E13 0D03 0F09 0701 0605
1C6D50: 3D02 1D02 1D02 0D02 0E01 0601 0601 0300
1C6D60: 07F8 02FD 06F9 00FF 00FF 01FE 00FF 00FF
1C6D70: FF00 FF00 FF00 FF00 FF00 FF00 FF00 FF00
1C6D80: E000 E000 F000 F800 7C80 34D4 6188 6599
1C6D90: FF00 FF00 FF00 FF00 FF00 E718 EB14 EE11
1C6DA0: 00FF 09FD 1AF6 11FF 10FF 0CFF 01FF 80FF
1C6DB0: FF00 F10F EC13 EE11 E718 F30C 7E81 3EC1
1C6DC0: 6B9E 3FC1 3BC7 176C 2ED8 08E4 10C9 2593
1C6DD0: F10E FE00 FC00 7B80 7780 7F80 7F80 FE00
1C6DE0: 0000 0000 0000 0000 0000 8080 8020 F010
1C6DF0: 0000 0000 0000 0000 0000 0000 C000 E000
1C6E00: 641C 1A06 CCC3 65E2 B8F9 A6DF DFE5 C4E3
1C6E10: F800 FC00 3F00 1D02 0601 0003 0003 110E
1C6E20: 0000 0000 8080 40C0 B4E4 6A16 AA7C 3195
1C6E30: 0000 0000 0000 8000 5880 FC00 D600 EE00
1C6E40: 5974 5F65 6E73 ADB6 7B0C FF99 7FB2 F7ED
1C6E50: 9B04 8A14 AC50 9960 7280 6480 4980 1280
1C6E60: C384 64AB C857 318C EAB2 9D6F 3DDB 7EB1
1C6E70: 7F00 5F00 BF00 7F00 5D00 B000 6000 C000
1C6E80: F6D3 ECA7 F96E 311F E23C C17E 85FA 02FD
1C6E90: 2D00 5B00 9700 EE00 DF00 BF00 7F00 FF00
1C6EA0: F06F CEFF FFFF 1F1F 0F0F 8101 C000 E000
1C6EB0: 8000 0000 0000 E000 F000 FE00 FF00 FF00
1C6EC0: 8080 40C0 A060 D030 EC14 360A 9B85 CDC2
1C6ED0: 0000 8000 C000 E000 F800 FC00 7E00 3F00
1C6EE0: 69E6 3AF1 1CFB C0FA CAD9 E2FC F3FA E3FA
1C6EF0: 1F00 0B04 0502 0601 0720 0215 0007 0207
1C6F00: C040 D028 C00C F84A 28B2 15F9 09FD 0DFF
1C6F10: 8000 C038 C03C 887E 00FE 609F F00F B00F
1C6F20: 0300 0302 0100 0101 0000 0000 0000 0000
1C6F30: 0300 0100 0100 0000 0000 0000 0000 0000
1C6F40: 7CFF 01FE 837C 827D 01FE 01FE 007F 007F
1C6F50: 817E FF00 FF00 FF00 FF00 FF00 7F00 7F00
1C6F60: 4A25 944B 2897 906F 2EDF 39F1 67C7 DC9C
1C6F70: FF00 FF00 FF00 FF00 F00F C13E 8779 1CE3
1C6F80: 013F 221F 021E 051F 070D 050C 0505 3D3D
1C6F90: 3E01 3C03 1C03 1906 0906 0807 0007 003F
1C6FA0: 232F 4F7D B7F7 6BEB D1D6 9FEF C3B3 3595
1C6FB0: 20DF 41BE 8779 0BF4 10EF 13FC 33FD 05FA
1C6FC0: 0000 0000 0000 0101 0101 0203 0302 0202
1C6FD0: 0000 0000 0000 0001 0001 0003 0003 0003
1C6FE0: 0202 0202 0202 0303 0101 0101 0000 0000
1C6FF0: 0003 0003 0003 0003 0001 0001 0000 0000
1C7000: 4F7D 8DDF E5EF 6D5F 7837 F64F 5FF1 AFEE
1C7010: 007F 00FF 60BF 40FF 0AFD 39FE 20FF 40FF
1C7020: 3CA9 6B24 34E0 31E1 A3F3 AAFF 1CFF 93FF
1C7030: 0BF4 07F8 0FF0 0EF0 1CF0 04F8 837C 4CB3
1C7040: B3DC C0FF 5CEB 47FB 25DB DAEF B1FF 807F
1C7050: 4FFF 12FF 97FC 14FF 5AFF 00FF 00FF FF00
1C7060: 897F A65F D8AF A8DF 40BF C97E E4F8 10E0
1C7070: 26D9 98E7 57F8 53FC B7FC 07F8 1CE0 F000
1C7080: 01FA 00FE 01FE 00FF 38FF FEE7 FFFD 1E1E
1C7090: FB04 FE01 FF00 FF00 07F8 E11E FCFB 1EED
1C70A0: E000 7000 3080 DA20 57A8 1BE4 29C6 B1E7
1C70B0: FF00 7F80 BF40 DF20 DF20 DF20 CF30 40BF
1C70C0: EEFE FFBF EEEE F7F7 8A6B EBD1 E3ED BDAD
1C70D0: 0EF3 877A E2FD F11E 08F7 C83F ECDF A07F
1C70E0: 027F 407E 80FD A0BB FDFE 8027 0FAE E3BF
1C70F0: 7D82 3DC2 BF40 9F60 C33C 01FE 0EF3 03FC
1C7100: 4865 90A3 7F06 4E1D E338 2CD2 11ED 87F3
1C7110: 9906 520C F10C C238 9E60 5DA0 7A80 7C80
1C7120: E53F D16F 73AD F36F D2CE 869E A49C 601E
1C7130: 5807 9C03 1C03 1C03 3C02 7806 7804 FE00
1C7140: 147C 21D0 07A0 1C43 609F 00FE 82FC 84F9
1C7150: EB00 FF00 FF00 FF00 FF00 FF00 7F80 7F80
1C7160: C837 C03F C03F 807F 807E 00F8 00F8 00F8
1C7170: FF00 FF00 FF00 FF00 FE00 F800 F800 F800
1C7180: 7C95 D524 CC2D 8EA5 88EF 857F 38FF F0CF
1C7190: D03F E01F F807 700F 340F 601F C13E 32CD
1C71A0: FCA2 BCFF 37FE 43FD 01FE 088F C033 867F
1C71B0: 00FF 00FF 8877 BE47 FF03 8779 01FE 7EF9
1C71C0: 81FE 2D7A 1FE4 F8EF 30EF 9E79 C33F 7C03
1C71D0: 04FB 11EF E31F 13FF CD3F E01F FC03 7F00
1C71E0: 4BB5 A354 68BB FA39 54BB FAF7 CF37 00FF
1C71F0: FFFE A3FF 51EF 41FF ABFF 00FF 00FF FF00
1C7200: C8F3 B3E7 53FF F37F DF8C C647 25F3 3CFF
1C7210: BF40 9FE2 4FF2 6FB3 00FF 86F9 C0FF C37F
1C7220: 1CE0 6C50 ECB0 F4D8 6478 38A8 98D8 48E8
1C7230: FC00 3CC0 9C60 CCB0 6CD0 20F8 10E8 80F8
1C7240: 167B 05BD 80BE 1DF2 13FF 8EFF 32FF 00FF
1C7250: 63BD 29DE 3CDF ACDF 60DF 718F CC33 FF00
1C7260: 08E8 E82C A87E A87E 50DE E0BE 60FC 40F8
1C7270: C0F8 C4F8 C6F8 C6F8 8EF0 1EE0 1CE0 B840
1C7280: 0000 0000 0000 0000 0000 0000 0000 0000
1C7290: 0000 0000 0000 0000 0000 0000 0000 0000
1C72A0: 0000 0000 0000 0000 0000 0000 0000 0000
1C72B0: 0000 0000 0000 0000 0000 0000 0000 0000
1C72C0: 0000 0000 0001 0107 071C 9CF0 F000 0000
1C72D0: 0000 0000 0000 0000 0300 0C00 F000 0000
1C72E0: 6000 E040 C080 8000 0000 0000 0000 0000
1C72F0: 2000 2000 4000 8000 0000 0000 0000 0000
1C7300: 0000 0000 0000 0100 0301 030E DEF8 F800
1C7310: 0000 0000 0000 0000 0000 0100 0600 F800
1C7320: 0080 1010 C040 00C0 8000 0000 0000 0000
1C7330: 8080 1010 C0C0 C0C0 8000 0000 0000 0000
1C7340: 0000 0404 0000 DAF4 FA06 0000 0000 0000
1C7350: 0000 0404 0000 0606 FE06 0000 0000 0000
1C7360: 0000 0808 2020 C040 40C8 0000 0000 0000
1C7370: 0000 0808 2020 80C0 88C8 0000 0000 0000
1C7380: 0000 0000 0800 2400 3C00 1800 0000 0000
1C7390: 0000 0000 0018 003C 003C 0018 0000 0000
1C73A0: 0000 0000 0600 2E00 1C00 0000 0000 0000
1C73B0: 0000 001C 003E 003E 001C 0000 0000 0000
1C73C0: 0000 0000 0000 0000 0000 0600 0200 0000
1C73D0: 0000 0000 0000 0000 0000 0006 0006 0000
1C73E0: 0000 0000 0303 0707 1F1F 7F7F 7F7F 7F7F
1C73F0: 0000 0000 0300 0700 1F00 7F00 7F00 7F00
1C7400: 0000 0303 0707 0F0F 1F1F 3F3F 3F3F 3F3F
1C7410: 0000 0300 0700 0F00 1F00 3F00 3F00 3F00
1C7420: 7F7F FFFF F0F0 F8F8 FDFC FEFE FEFE FFFF
1C7430: 7F00 FF00 F00F F807 FC03 FE01 FE01 FF00
1C7440: 0000 0000 F0F0 F8F8 FDFD FEFE FEFE FEFE
1C7450: 0000 0000 F00C F806 FD02 FE01 FE01 FE01
1C7460: 0000 0000 0000 0000 0000 0000 0000 0000
1C7470: 0000 0000 0000 0000 0000 00C0 00E0 00E0
1C7480: FFFF FEFE FEFE 7E7E BE3E FE3E 5E1E 5F1F
1C7490: FF00 FE01 FE01 7E81 3EC1 3EC1 1EE1 1FE0
1C74A0: 1000 1000 1000 1000 1800 1800 0C00 0C00
1C74B0: 00F0 00F0 00F0 00F0 00F8 00F8 00FC 00FC
1C74C0: 3F3F 1F1F 1F1F 1F1F 0F0F 2707 3303 1800
1C74D0: 3F00 1F20 1F20 1F20 0F30 0738 033C 001F
1C74E0: FEFE FEFE FFFF FFFF FFFF FFFF FFFF 7F7F
1C74F0: FE01 FE01 FF00 FF00 FF00 FF00 FF00 7F80
1C7500: 0C00 0700 0000 0000 0000 0000 0000 0000
1C7510: 000F 0007 0000 0000 0000 0000 0000 0000
1C7520: 0C0C C000 7000 0F00 0000 0000 0000 0000
1C7530: 0CF3 00FF 00FF 001F 0000 0000 0000 0000
1C7540: 3E3E 7E7E E0E0 E0E0 E0E0 C1C0 8180 0100
1C7550: 3EC1 7E81 E01F E01F E01F C03F 807F 00FF
1C7560: 0C00 0C00 1C00 1C00 3C00 7800 F800 F800
1C7570: 00FC 00FC 00FC 00FC 00FC 00FC 00FC 00F8
1C7580: 0300 0F00 7F00 FC00 0000 0000 0000 0000
1C7590: 00FF 00FF 00FF 00FF 0000 0000 0000 0000
1C75A0: F000 C000 0000 0000 0000 0000 0000 0000
1C75B0: 00F8 00F0 00E0 0080 0000 0000 0000 0000
1C75C0: 0404 1F1F 3F3F 3F3F 3F3F 7E7E 6868 2320
1C75D0: 040A 1F00 3F00 3F00 3F00 7E01 6817 205F
1C75E0: 0000 8080 C3C3 4747 D4C4 1400 3300 E000
1C75F0: 0000 8040 C320 47A0 C433 00F7 00F3 00E0
1C7600: 6701 3F03 1F07 0707 0303 0303 0000 0C0C
1C7610: 017E 033C 0718 0700 0304 0304 000F 0C03
1C7620: FCFC FFFF FFFF FFFF FFFF E7E7 7373 3333
1C7630: FC00 FF00 FF00 FF00 FF00 E718 738C 33CC
1C7640: 0000 0000 0000 0000 4000 C000 8000 0707
1C7650: 0000 0000 0000 0080 00C0 00C0 008F 0718
1C7660: 0000 0000 0000 7070 F8F8 F8F8 F8F8 F2F0
1C7670: 0000 0000 0000 7000 F804 F804 F806 F00E
1C7680: 2F2F 3E3E BFBF DFDF C7C7 C7C7 8787 1707
1C7690: 2F10 3E01 BF40 DF20 C738 C738 8778 07F8
1C76A0: F6F0 3838 CCCC E8E8 E0E0 E0E0 E0E0 E0E0
1C76B0: F00E 38C4 CC30 E814 E01C E01C E01E E01E
1C76C0: 0707 0707 0101 0800 0C00 0700 0100 0000
1C76D0: 0708 0708 010E 000F 000F 0007 0001 0000
1C76E0: F0F0 F0F0 E6E0 0700 0F00 1E00 F800 1C1C
1C76F0: F00F F00F E01F 00FF 00FF 00FE 00F8 1C02
1C7700: 0000 0200 0600 0000 0000 0000 0000 0000
1C7710: 0000 0006 0006 0000 0000 0000 0000 0000
1C7720: 3E3E 7C7C 5D5C 4100 6300 3F00 0E00 0000
1C7730: 3E01 7C03 5C23 007F 007F 003F 000E 0000
1C7740: 1707 3000 3000 F000 D010 7C7C 7C7C 3838
1C7750: 07F8 00FF 00FF 00FF 10EF 7C83 7C83 3847
1C7760: C3C0 0300 8300 C200 6600 7C00 7000 E000
1C7770: C03F 00FF 00FF 00FE 00FE 00FC 00F0 00E0
1C7780: 1000 8F00 8000 8101 0000 0000 0000 0000
1C7790: 001F 008F 0080 0180 0000 0000 0000 0000
1C77A0: C000 8000 C0C0 C0C0 A080 4000 0000 0000
1C77B0: 00C0 0080 C000 C020 8060 0040 0000 0000
1C77C0: 0000 0200 0600 0000 0000 0000 0000 0000
1C77D0: 0000 0006 0006 0000 0000 0000 0000 0000
1C77E0: 0000 0000 0000 0000 1F1F 3F3F 7F7F 7F7F
1C77F0: 0000 0004 0000 0000 1F00 3F00 7F00 7F00
1C7800: 0000 1C1C 7C7C 7C7C 3808 E8E0 EEE0 EEE0
1C7810: 0000 1C00 7C02 7C02 08F6 E01E E01E E01E
1C7820: 7F7F 7F7F 3F3F 1C1C 6000 3F00 0F00 0000
1C7830: 7F00 7F00 3F40 1C63 007F 003F 000F 0000
1C7840: CCC0 0800 1800 1408 6C12 C806 8000 0000
1C7850: C03C 00F8 00F8 00FC 00FE 00CE 0080 0000
1C7860: 0000 0000 7C7C FAFA F0F0 0000 8600 0C00
1C7870: 0000 0000 7C00 FA04 F00E 00FE 00FE 007C

[89: GraphicData_SalamandoStove]
[D0: GraphicData_GlitchedSalamandoStove (Dummied Out)]
1C7880: 0000 0000 0000 0000 0000 0000 0001 0002
1C7890: 0000 0000 0000 0000 0000 0000 0100 0300
1C78A0: 0000 0000 0000 0000 231C A647 1D00 FD9D
1C78B0: 0000 0000 0000 0000 3F00 F800 FF00 6200
1C78C0: 0000 0000 0000 0000 EC10 E0E7 F409 82A4
1C78D0: 0000 0000 0000 0000 FC00 1B04 FE01 5B04
1C78E0: 7000 C830 8078 8C70 FC48 BC38 5C90 9CD0
1C78F0: 7800 FC00 FC00 FC00 FC00 BC40 9468 5428
1C7900: 0402 0205 0205 0004 020C 0D12 0912 1224
1C7910: 0500 0400 0600 0700 0F00 1F00 1F00 3F00
1C7920: A537 5765 AC9F 23E3 093E 5840 FA3F F747
1C7930: DA00 9A00 6000 1C00 C000 BF00 C000 B800
1C7940: F5BC 69B4 1AF9 C1C7 A57C 0F00 3DFC EDE2
1C7950: 4B00 4B00 0600 3800 0300 FF00 0300 1F00
1C7960: 44E8 40EC 80BC 403C E418 D028 10C8 C824
1C7970: 2418 2418 6418 E418 F408 F800 F800 FC00
1C7980: 1024 1569 45A9 02EA 31C8 5CA3 2C50 013A
1C7990: 3F00 7E00 FE00 BD40 9F60 C738 601F 3C03
1C79A0: A278 F27D DB43 F6CC 8B9C 5630 CAAD 7F28
1C79B0: 8700 8000 BC00 2300 6000 CF00 DF0F 5F88
1C79C0: 2E1C 73F2 9B82 7D21 17FD 7A00 CFB9 BB78
1C79D0: E300 0D00 7D00 C600 0200 FF00 C780 8601
1C79E0: 4826 AA95 A097 4A55 EE51 2AC5 340A 8874
1C79F0: FE00 7F00 7D02 BD02 B906 E31C 06F8 0CF0
1C7A00: 1827 0E11 0C11 0608 0304 0003 0103 0003
1C7A10: 3F00 1F00 1F00 0F00 0700 0300 0200 0300
1C7A20: 7EA1 8355 8BD7 AF08 13A4 700F BC40 803F
1C7A30: D800 FA00 7800 FF08 FF07 FF00 FF00 BF00
1C7A40: D4CB ED5A C1DB D216 6B84 02FC 1B05 03F8
1C7A50: 2700 A700 3E00 ED00 FF80 FF00 FE00 FB00
1C7A60: 00F4 B048 1048 2090 4020 00C0 0080 0080
1C7A70: FC00 F800 F800 F000 E000 C000 8000 8000
1C7A80: A278 F27D C343 E0DF 80BF 403F C0BF 403F
1C7A90: 8700 8000 BC00 3F00 7F00 FF00 FF00 7F80
1C7AA0: 2E1C 73F2 8382 04FB 06FF 02F9 0AFF 04FD
1C7AB0: E300 0D00 7D00 FF00 F900 FF00 F100 E200
1C7AC0: 1FE0 AF40 9EE1 E05F 30AF 6707 B840 803F
1C7AD0: FF00 FF00 7F00 BF00 DF00 F800 FF00 BF00
1C7AE0: D93D FD18 08F9 08FD 0BFA B496 3B1D 03FC
1C7AF0: E600 E700 F700 F700 E500 6B00 E600 FF00
1C7B00: 0300 0E02 1C0A 3318 3C11 693C 422E A273
1C7B10: 0000 0100 0500 0700 0E00 0300 1100 0C00
1C7B20: FF00 3184 C610 1842 6308 8C21 3184 7FFF
1C7B30: 0000 7B00 EF00 BD00 F700 DE00 7B00 0000
1C7B40: D45C A127 AC24 FD64 8F64 B514 A63A 8C4F
1C7B50: 2300 5800 5B00 1B00 1B00 4B00 4100 3000
1C7B60: 3C00 18FF A5E7 DB42 DB42 DB42 5A42 5ABD
1C7B70: FF00 0000 1800 BD00 BD00 BD00 BD00 0000
1C7B80: C000 7040 3890 CC18 1C48 761C C274 45CE
1C7B90: 0000 8000 6000 E000 B000 E000 8800 3000
1C7BA0: 2B3A 85E4 3524 BF26 F126 AD28 655C 31F2
1C7BB0: C400 1A00 DA00 D800 D800 D200 8200 0C00
1C7BC0: 8070 D13F AE5F 8D73 553A 492D 4C3C 271E
1C7BD0: 0F00 0000 0000 0000 0000 1200 0300 0100
1C7BE0: FFFF 0000 00FF C3C3 E718 5ABD A5E7 5A42
1C7BF0: 0000 FF00 0000 3C00 0000 0000 1800 BD00
1C7C00: 281F 1F07 0700 0000 0000 0000 0000 0000
1C7C10: 0000 0000 0000 0000 0000 0000 0000 0000
1C7C20: A5E7 00FF C3C3 FF00 0000 0000 0000 0000
1C7C30: 1800 0000 3C00 0000 0000 0000 0000 0000
1C7C40: 1F00 2614 6D29 5B32 A77F C95B D252 A772
1C7C50: 0000 0B00 1600 0D00 0000 2400 2D00 0D00
1C7C60: F800 D498 B624 6A4C E5FE 93DA 4B4A E54E
1C7C70: 0000 6000 D800 B000 0000 2400 B400 B000
1C7C80: 8C3E 905F D878 C01F 5517 4732 380A 0F00
1C7C90: 4100 2000 0700 2000 2800 0D00 0500 0000
1C7CA0: 317C 09FA 1B1E 01FA AAE8 E24C 1C50 F000
1C7CB0: 8200 0400 E000 0400 1400 B000 A000 0000

[Buffer Space]
1C7CC0: FFFF FFFF FFFF FFFF FFFF FFFF FFFF FFFF
1C7CD0: FFFF FFFF FFFF FFFF FFFF FFFF FFFF FFFF
1C7CE0: FFFF FFFF FFFF FFFF FFFF FFFF FFFF FFFF
1C7CF0: FFFF FFFF FFFF FFFF FFFF FFFF FFFF FFFF
1C7D00: FFFF FFFF FFFF FFFF FFFF FFFF FFFF FFFF
1C7D10: FFFF FFFF FFFF FFFF FFFF FFFF FFFF FFFF
1C7D20: FFFF FFFF FFFF FFFF FFFF FFFF FFFF FFFF
1C7D30: FFFF FFFF FFFF FFFF FFFF FFFF FFFF FFFF
1C7D40: FFFF FFFF FFFF FFFF FFFF FFFF FFFF FFFF
1C7D50: FFFF FFFF FFFF FFFF FFFF FFFF FFFF FFFF
1C7D60: FFFF FFFF FFFF FFFF FFFF FFFF FFFF FFFF
1C7D70: FFFF FFFF FFFF FFFF FFFF FFFF FFFF FFFF
1C7D80: FFFF FFFF FFFF FFFF FFFF FFFF FFFF FFFF
1C7D90: FFFF FFFF FFFF FFFF FFFF FFFF FFFF FFFF
1C7DA0: FFFF FFFF FFFF FFFF FFFF FFFF FFFF FFFF
1C7DB0: FFFF FFFF FFFF FFFF FFFF FFFF FFFF FFFF
1C7DC0: FFFF FFFF FFFF FFFF FFFF FFFF FFFF FFFF
1C7DD0: FFFF FFFF FFFF FFFF FFFF FFFF FFFF FFFF
1C7DE0: FFFF FFFF FFFF FFFF FFFF FFFF FFFF FFFF
1C7DF0: FFFF FFFF FFFF FFFF FFFF FFFF FFFF FFFF
1C7E00: FFFF FFFF FFFF FFFF FFFF FFFF FFFF FFFF
1C7E10: FFFF FFFF FFFF FFFF FFFF FFFF FFFF FFFF
1C7E20: FFFF FFFF FFFF FFFF FFFF FFFF FFFF FFFF
1C7E30: FFFF FFFF FFFF FFFF FFFF FFFF FFFF FFFF
1C7E40: FFFF FFFF FFFF FFFF FFFF FFFF FFFF FFFF
1C7E50: FFFF FFFF FFFF FFFF FFFF FFFF FFFF FFFF

[GraphicData_StatusBarPortrait_Randi]
1C7E60: 1F3E 357B 3A46 6F30 DA6B F457 A94E 523C
1C7E70: 0000 0000 0100 0000 0400 0800 1000 0001
1C7E80: 7CE8 DAB4 7E54 6ED4 B24C 7C80 AA04 4690
1C7E90: 0000 0000 8000 0000 0000 0000 005C 00FC
1C7EA0: 5738 2F10 160D 170D 1B07 3107 3007 5820
1C7EB0: 0001 0000 0D04 0D04 0700 031C 001F 200F
1C7EC0: 6600 F600 76A0 F6A0 D6E0 9CE0 1CC0 221C
1C7ED0: 00BC 000C A02C A02C E00C C020 00F0 0CF0

[GraphicData_StatusBarPortrait_Purim]
1C7EE0: 3D08 301E 2819 230F 6A3B 5535 4B29 5D29
1C7EF0: 1013 0001 0600 1000 0400 0A00 1602 1614
1C7F00: BC10 0C78 1498 C4F0 56DC AAAC D294 BA94
1C7F10: 08C8 0080 6000 0800 2000 5000 6840 6828
1C7F20: 670B 6536 FA45 643F 251F 3F17 2107 2C1F
1C7F30: 1404 0800 4100 2F06 0F06 0700 1B04 0807
1C7F40: E6D0 A66C 5FA2 26FC A4F8 FCE8 84E0 24F8
1C7F50: 2820 1000 8200 F460 F060 E000 D820 00F0

[GraphicData_StatusBarPortrait_Popoie]
1C7F60: 0A3B D0F0 C5F5 E8F8 50E0 8868 48C8 848C
1C7F70: C4C0 E9E6 EAE0 E5E2 FEF1 1483 2413 5221
1C7F80: 50DC 0B0F A3AF 171F 0A07 1116 1213 2131
1C7F90: 2303 9767 5707 A747 7F8F 28C1 24C8 4A84
1C7FA0: F6FA D57F AFED 8FCD 2B67 2D43 8BF4 8BE4
1C7FB0: 0104 0480 1404 2514 8F10 9720 0F1C 1F3F
1C7FC0: 6F5F ABFE F5B7 F1B3 D4E6 B4C2 D12F D127
1C7FD0: 8020 2001 2820 A428 F108 E904 F038 F8FC

--------------------------------------------------------------------------------------------

[GraphicData_MapTiles_SmallFlames]
DC/7FE0:	0000  	jsr ($0000,X)
DC/7FE2:	0000    	
DC/7FE4:	0000    	
DC/7FE6:	0000    	
DC/7FE8:	0000    	
DC/7FEA:	0000    	
DC/7FEC:	0000    	
DC/7FEE:	0000    	
DC/7FF0:	0000    	
DC/7FF2:	0000    	
DC/7FF4:	0000    	
DC/7FF6:	0000    	
DC/7FF8:	0000    	
DC/7FFA:	0000    	
DC/7FFC:	0000    	
DC/7FFE:	0000    	
DC/8000:	0101    	ora ($01,X)
DC/8002:	0202    	cop $02
DC/8004:	0202    	cop $02
DC/8006:	0101    	ora ($01,X)
DC/8008:	0203    	cop $03
DC/800A:	0407    	tsb $07
DC/800C:	0D0F0A  	ora $0A0F
DC/800F:	0D0101  	ora $0101
DC/8012:	0202    	cop $02
DC/8014:	0202    	cop $02
DC/8016:	0101    	ora ($01,X)
DC/8018:	0303    	ora $03,S
DC/801A:	0707    	ora [$07]
DC/801C:	0F0F0F0F	ora $0F0F0F
DC/8020:	0000    	
DC/8022:	8080    	bra $7FA4
DC/8024:	8080    	bra $7FA6
DC/8026:	C0C040  	cpy #$40C0
DC/8029:	C08080  	cpy #$8080
DC/802C:	8080    	bra $7FAE
DC/802E:	8080    	bra $7FB0
DC/8030:	0000    	
DC/8032:	8080    	bra $7FB4
DC/8034:	8080    	bra $7FB6
DC/8036:	C0C0C0  	cpy #$C0C0
DC/8039:	C08080  	cpy #$8080
DC/803C:	8080    	bra $7FBE
DC/803E:	8080    	bra $7FC0
DC/8040:	18      	 
DC/8041:	1F111E13	ora $131E11,X
DC/8045:	1C1718  	trb $1817
DC/8048:	1A      	inc A
DC/8049:	1D0F0F  	ora $0F0F,X
DC/804C:	0000    	
DC/804E:	0000    	
DC/8050:	1F1F1F1F	ora $1F1F1F,X
DC/8054:	1F1F1F1F	ora $1F1F1F,X
DC/8058:	1F1F0F0F	ora $0F0F1F,X
DC/805C:	0000    	
DC/805E:	0000    	
DC/8060:	C0C040  	cpy #$40C0
DC/8063:	C040C0  	cpy #$C040
DC/8066:	40      	 
DC/8067:	C0C0C0  	cpy #$C0C0
DC/806A:	8080    	bra $7FEC
DC/806C:	0000    	
DC/806E:	0000    	
DC/8070:	C0C0C0  	cpy #$C0C0
DC/8073:	C0C0C0  	cpy #$C0C0
DC/8076:	C0C0C0  	cpy #$C0C0
DC/8079:	C08080  	cpy #$8080
DC/807C:	0000    	
DC/807E:	0000    	
DC/8080:	0000    	
DC/8082:	0101    	ora ($01,X)
DC/8084:	0101    	ora ($01,X)
DC/8086:	0707    	ora [$07]
DC/8088:	0F0F0B0F	ora $0F0B0F
DC/808C:	171B    	ora [$1B],Y
DC/808E:	1B      	tcs 
DC/808F:	1700    	ora [$00],Y
DC/8091:	0001    	
DC/8093:	0101    	ora ($01,X)
DC/8095:	0107    	ora ($07,X)
DC/8097:	070F    	ora [$0F]
DC/8099:	0F0F0F1F	ora $1F0F0F
DC/809D:	1F1F1F20	ora $201F1F,X
DC/80A1:	208080  	jsr $8080
DC/80A4:	0000    	
DC/80A6:	0000    	
DC/80A8:	0000    	
DC/80AA:	0000    	
DC/80AC:	0000    	
DC/80AE:	0000    	
DC/80B0:	202080  	jsr $8020
DC/80B3:	8000    	bra $80B5
DC/80B5:	0000    	
DC/80B7:	0000    	
DC/80B9:	0000    	
DC/80BB:	0000    	
DC/80BD:	0000    	
DC/80BF:	001D    	brk $1D
DC/80C1:	1716    	ora [$16],Y
DC/80C3:	1D131C  	ora $1C13,X
DC/80C6:	1B      	tcs 
DC/80C7:	1C1C1F  	trb $1F1C
DC/80CA:	0F0F0000	ora $00000F
DC/80CE:	0000    	
DC/80D0:	1F1F1F1F	ora $1F1F1F,X
DC/80D4:	1F1F1F1F	ora $1F1F1F,X
DC/80D8:	1F1F0F0F	ora $0F0F1F,X
DC/80DC:	0000    	
DC/80DE:	0000    	
DC/80E0:	8080    	bra $8062
DC/80E2:	C0C040  	cpy #$40C0
DC/80E5:	C040C0  	cpy #$C040
DC/80E8:	C0C080  	cpy #$80C0
DC/80EB:	8000    	bra $80ED
DC/80ED:	0000    	
DC/80EF:	0080    	
DC/80F1:	80C0    	bra $80B3
DC/80F3:	C0C0C0  	cpy #$C0C0
DC/80F6:	C0C0C0  	cpy #$C0C0
DC/80F9:	C08080  	cpy #$8080
DC/80FC:	0000    	
DC/80FE:	0000    	
DC/8100:	18      	 
DC/8101:	18      	 
DC/8102:	0606    	asl $06
DC/8104:	0303    	ora $03,S
DC/8106:	0303    	ora $03,S
DC/8108:	0203    	cop $03
DC/810A:	0302    	ora $02,S
DC/810C:	0203    	cop $03
DC/810E:	0707    	ora [$07]
DC/8110:	18      	 
DC/8111:	18      	 
DC/8112:	0606    	asl $06
DC/8114:	0303    	ora $03,S
DC/8116:	0303    	ora $03,S
DC/8118:	0303    	ora $03,S
DC/811A:	0303    	ora $03,S
DC/811C:	0303    	ora $03,S
DC/811E:	0707    	ora [$07]
DC/8120:	0000    	
DC/8122:	0000    	
DC/8124:	0000    	
DC/8126:	8080    	bra $80A8
DC/8128:	8080    	bra $80AA
DC/812A:	C0C040  	cpy #$40C0
DC/812D:	C060E0  	cpy #$E060
DC/8130:	0000    	
DC/8132:	0000    	
DC/8134:	0000    	
DC/8136:	8080    	bra $80B8
DC/8138:	8080    	bra $80BA
DC/813A:	C0C0C0  	cpy #$C0C0
DC/813D:	C0E0E0  	cpy #$E0E0
DC/8140:	0607    	asl $07
DC/8142:	08      	 
DC/8143:	0F0B0C0B	ora $0B0C0B
DC/8147:	0C0A0D  	tsb $0D0A
DC/814A:	0707    	ora [$07]
DC/814C:	0000    	
DC/814E:	0000    	
DC/8150:	0707    	ora [$07]
DC/8152:	0F0F0F0F	ora $0F0F0F
DC/8156:	0F0F0F0F	ora $0F0F0F
DC/815A:	0707    	ora [$07]
DC/815C:	0000    	
DC/815E:	0000    	
DC/8160:	60      	 
DC/8161:	E0A060  	cpx #$60A0
DC/8164:	A06060  	ldy #$6060
DC/8167:	E040C0  	cpx #$C040
DC/816A:	8080    	bra $80EC
DC/816C:	0000    	
DC/816E:	0000    	
DC/8170:	E0E0E0  	cpx #$E0E0
DC/8173:	E0E0E0  	cpx #$E0E0
DC/8176:	E0E0C0  	cpx #$C0E0
DC/8179:	C08080  	cpy #$8080
DC/817C:	0000    	
DC/817E:	0000    	
DC/8180:	0C0C06  	tsb $060C
DC/8183:	0601    	asl $01
DC/8185:	0101    	ora ($01,X)
DC/8187:	0101    	ora ($01,X)
DC/8189:	0101    	ora ($01,X)
DC/818B:	0103    	ora ($03,X)
DC/818D:	0306    	ora $06,S
DC/818F:	070C    	ora [$0C]
DC/8191:	0C0606  	tsb $0606
DC/8194:	0101    	ora ($01,X)
DC/8196:	0101    	ora ($01,X)
DC/8198:	0101    	ora ($01,X)
DC/819A:	0101    	ora ($01,X)
DC/819C:	0303    	ora $03,S
DC/819E:	0707    	ora [$07]
DC/81A0:	0000    	
DC/81A2:	0000    	
DC/81A4:	8080    	bra $8126
DC/81A6:	8080    	bra $8128
DC/81A8:	40      	 
DC/81A9:	C040C0  	cpy #$C040
DC/81AC:	60      	 
DC/81AD:	E0A060  	cpx #$60A0
DC/81B0:	0000    	
DC/81B2:	0000    	
DC/81B4:	8080    	bra $8136
DC/81B6:	8080    	bra $8138
DC/81B8:	C0C0C0  	cpy #$C0C0
DC/81BB:	C0E0E0  	cpy #$E0E0
DC/81BE:	E0E00C  	cpx #$0CE0
DC/81C1:	0F0A0D0B	ora $0B0D0A
DC/81C5:	0C0B0C  	tsb $0C0B
DC/81C8:	0D0E07  	ora $070E
DC/81CB:	0700    	ora [$00]
DC/81CD:	0000    	
DC/81CF:	000F    	brk $0F
DC/81D1:	0F0F0F0F	ora $0F0F0F
DC/81D5:	0F0F0F0F	ora $0F0F0F
DC/81D9:	0F070700	ora $000707
DC/81DD:	0000    	
DC/81DF:	0020    	
DC/81E1:	E020E0  	cpx #$E020
DC/81E4:	40      	 
DC/81E5:	C0C040  	cpy #$40C0
DC/81E8:	40      	 
DC/81E9:	C08080  	cpy #$8080
DC/81EC:	0000    	
DC/81EE:	0000    	
DC/81F0:	E0E0E0  	cpx #$E0E0
DC/81F3:	E0C0C0  	cpx #$C0C0
DC/81F6:	C0C0C0  	cpy #$C0C0
DC/81F9:	C08080  	cpy #$8080
DC/81FC:	0000    	
DC/81FE:	0000

[]
DC/8200:	D3EB    	cmp ($EB,S),Y
DC/8202:	B1E9    	lda ($E9),Y
DC/8204:	BEFAB0  	ldx $B0FA,Y
DC/8207:	F7F0    	sbc [$F0],Y
DC/8209:	F1B0    	sbc ($B0),Y
DC/820B:	F0B0    	beq $81BD
DC/820D:	F0B0    	beq $81BF
DC/820F:	B0FC    	bcs $820D
DC/8211:	FFFEFFFD	sbc $FDFFFE,X
DC/8215:	EFF7FFF1	sbc $F1FFF7
DC/8219:	DEF0FF  	dec $FFF0,X
DC/821C:	F0FF    	beq $821D
DC/821E:	F0FF    	beq $821F
DC/8220:	E3DF    	sbc $DF,S
DC/8222:	351F    	and $1F,X
DC/8224:	5D1FAD  	eor $AD1F,X
DC/8227:	EF0F0F0D	sbc $0D0F0F
DC/822B:	4F4D0F4D	eor $4D0F4D
DC/822F:	2D3FFF  	and $FF3F
DC/8232:	FFFFFFF7	sbc $F7FFFF,X
DC/8236:	EFFF0FFF	sbc $FF0FFF
DC/823A:	4FBF4FBF	eor $BF4FBF
DC/823E:	6F9FF0F0	adc $F0F09F
DC/8242:	B0B5    	bcs $81F9
DC/8244:	B1F8    	lda ($F8),Y
DC/8246:	B1B8    	lda ($B8),Y
DC/8248:	B0F1    	bcs $823B
DC/824A:	BCFCBF  	ldy $BFFC,X
DC/824D:	CF97E9F0	cmp $F0E997
DC/8251:	FFF5FAF9	sbc $F9FAF5,X
DC/8255:	F6F9    	inc $F9,X
DC/8257:	F6F1    	inc $F1,X
DC/8259:	FEFCFF  	inc $FFFC,X
DC/825C:	FFFFFFFF	
DC/8260:	AF0FAD0D	lda $0DAD0F
DC/8264:	4D2D4D  	eor $4D2D
DC/8267:	0F8D4F3D	ora $3D4F8D
DC/826B:	3FFDFBF9	and $F9FBFD,X
DC/826F:	97EF    	sta [$EF],Y
DC/8271:	1FEF1FEF	ora $EF1FEF,X
DC/8275:	1FCF3FCF	ora $CF3FCF,X
DC/8279:	3F3FFFFF	and $FFFF3F,X
DC/827D:	FFFFFFD3	sbc $D3FFFF,X
DC/8281:	EB      	xba 
DC/8282:	B1E9    	lda ($E9),Y
DC/8284:	BEFAB0  	ldx $B0FA,Y
DC/8287:	F7F0    	sbc [$F0],Y
DC/8289:	F1B0    	sbc ($B0),Y
DC/828B:	F0B0    	beq $823D
DC/828D:	F0B0    	beq $823F
DC/828F:	B0FC    	bcs $828D
DC/8291:	FFFEFFFD	sbc $FDFFFE,X
DC/8295:	EFF7FFF1	sbc $F1FFF7
DC/8299:	DEF0FF  	dec $FFF0,X
DC/829C:	F0FF    	beq $829D
DC/829E:	F0FF    	beq $829F
DC/82A0:	E3DF    	sbc $DF,S
DC/82A2:	351F    	and $1F,X
DC/82A4:	5D1FAD  	eor $AD1F,X
DC/82A7:	EF0F0F0D	sbc $0D0F0F
DC/82AB:	4F4D0FCD	eor $CD0F4D
DC/82AF:	2D3FFF  	and $FF3F
DC/82B2:	FFFFFFF7	sbc $F7FFFF,X
DC/82B6:	EFFF0FFF	sbc $FF0FFF
DC/82BA:	4FBF4FBF	eor $BF4FBF
DC/82BE:	EF1FF1F0	sbc $F0F11F
DC/82C2:	B2B4    	lda ($B4)
DC/82C4:	B2F8    	lda ($F8)
DC/82C6:	B1B8    	lda ($B8),Y
DC/82C8:	B0F1    	bcs $82BB
DC/82CA:	BCFCBF  	ldy $BFFC,X
DC/82CD:	CF97E9F1	cmp $F1E997
DC/82D1:	FEF7F8  	inc $F8F7,X
DC/82D4:	FB      	xce 
DC/82D5:	F4F9F6  	pea $F6F9
DC/82D8:	F1FE    	sbc ($FE),Y
DC/82DA:	FCFFFF  	jsr ($FFFF,X)
DC/82DD:	FFFFFF4F	sbc $4FFFFF,X
DC/82E1:	2F8D6DCD	and $CD6D8D
DC/82E5:	2D0D4F  	and $4F0D
DC/82E8:	8D4F3D  	sta $3D4F
DC/82EB:	3FFDFBF9	and $F9FBFD,X
DC/82EF:	97EF    	sta [$EF],Y
DC/82F1:	1FEF1FEF	ora $EF1FEF,X
DC/82F5:	1FCF3FCF	ora $CF3FCF,X
DC/82F9:	3F3FFFFF	and $FFFF3F,X
DC/82FD:	FFFFFFD3	sbc $D3FFFF,X
DC/8301:	EB      	xba 
DC/8302:	B1E9    	lda ($E9),Y
DC/8304:	BEFAB0  	ldx $B0FA,Y
DC/8307:	F7F0    	sbc [$F0],Y
DC/8309:	F1B2    	sbc ($B2),Y
DC/830B:	F0B1    	beq $82BE
DC/830D:	F0B1    	beq $82C0
DC/830F:	B0FC    	bcs $830D
DC/8311:	FFFEFFFD	sbc $FDFFFE,X
DC/8315:	EFF7FFF1	sbc $F1FFF7
DC/8319:	DEF2FD  	dec $FDF2,X
DC/831C:	F1FE    	sbc ($FE),Y
DC/831E:	F1FE    	sbc ($FE),Y
DC/8320:	E3DF    	sbc $DF,S
DC/8322:	351F    	and $1F,X
DC/8324:	5D1FAD  	eor $AD1F,X
DC/8327:	EF0F0F0D	sbc $0D0F0F
DC/832B:	4F0D4F8D	eor $8D4F0D
DC/832F:	6D3FFF  	adc $FF3F
DC/8332:	FFFFFFF7	sbc $F7FFFF,X
DC/8336:	EFFF0FFF	sbc $FF0FFF
DC/833A:	4FBF4FBF	eor $BF4FBF
DC/833E:	EF1FF0F0	sbc $F0F01F
DC/8342:	B0B4    	bcs $82F8
DC/8344:	B1F8    	lda ($F8),Y
DC/8346:	B1B8    	lda ($B8),Y
DC/8348:	B0F1    	bcs $833B
DC/834A:	BCFCBF  	ldy $BFFC,X
DC/834D:	CF97E9F1	cmp $F1E997
DC/8351:	FEF5FA  	inc $FAF5,X
DC/8354:	F9F6F9  	sbc $F9F6,Y
DC/8357:	F6F1    	inc $F1,X
DC/8359:	FEFCFF  	inc $FFFC,X
DC/835C:	FFFFFFFF	
DC/8360:	8F6F8D6D	sta $6D8D6F
DC/8364:	4D2D4D  	eor $4D2D
DC/8367:	0F8D4F3D	ora $3D4F8D
DC/836B:	3FFDFBF9	and $F9FBFD,X
DC/836F:	97EF    	sta [$EF],Y
DC/8371:	1FEF1FEF	ora $EF1FEF,X
DC/8375:	1FCF3FCF	ora $CF3FCF,X
DC/8379:	3F3FFFFF	and $FFFF3F,X
DC/837D:	FFFFFFD3	sbc $D3FFFF,X
DC/8381:	EB      	xba 
DC/8382:	B1E9    	lda ($E9),Y
DC/8384:	BEFAB0  	ldx $B0FA,Y
DC/8387:	F7F0    	sbc [$F0],Y
DC/8389:	F1B0    	sbc ($B0),Y
DC/838B:	F0B1    	beq $833E
DC/838D:	F0B0    	beq $833F
DC/838F:	B0FC    	bcs $838D
DC/8391:	FFFEFFFD	sbc $FDFFFE,X
DC/8395:	EFF7FFF1	sbc $F1FFF7
DC/8399:	DEF0FF  	dec $FFF0,X
DC/839C:	F1FE    	sbc ($FE),Y
DC/839E:	F0FF    	beq $839F
DC/83A0:	E3DF    	sbc $DF,S
DC/83A2:	351F    	and $1F,X
DC/83A4:	5D1FAD  	eor $AD1F,X
DC/83A7:	EF0F0F0D	sbc $0D0F0F
DC/83AB:	4F0D4F8D	eor $8D4F0D
DC/83AF:	6D3FFF  	adc $FF3F
DC/83B2:	FFFFFFF7	sbc $F7FFFF,X
DC/83B6:	EFFF0FFF	sbc $FF0FFF
DC/83BA:	4FBF4FBF	eor $BF4FBF
DC/83BE:	EF1FF0F0	sbc $F0F01F
DC/83C2:	B0B5    	bcs $8379
DC/83C4:	B1F8    	lda ($F8),Y
DC/83C6:	B1B8    	lda ($B8),Y
DC/83C8:	B0F1    	bcs $83BB
DC/83CA:	BCFCBF  	ldy $BFFC,X
DC/83CD:	CF97E9F0	cmp $F0E997
DC/83D1:	FFF5FAF9	sbc $F9FAF5,X
DC/83D5:	F6F9    	inc $F9,X
DC/83D7:	F6F1    	inc $F1,X
DC/83D9:	FEFCFF  	inc $FFFC,X
DC/83DC:	FFFFFFFF	
DC/83E0:	4F2FAD0D	eor $0DAD2F
DC/83E4:	8D2D4D  	sta $4D2D
DC/83E7:	0F8D4F3D	ora $3D4F8D
DC/83EB:	3FFDFBF9	and $F9FBFD,X
DC/83EF:	97EF    	sta [$EF],Y
DC/83F1:	1FEF1FEF	ora $EF1FEF,X
DC/83F5:	1FCF3FCF	ora $CF3FCF,X
DC/83F9:	3F3FFFFF	and $FFFF3F,X
DC/83FD:	FFFFFF

[]
DC/8400:	B9209212  	jsr $1292
DC/8404:	0C04DC  	tsb $DC04
DC/8407:	04CF    	tsb $CF
DC/8409:	4A      	lsr A
DC/840A:	1A      	inc A
DC/840B:	00CE    	brk $CE
DC/840D:	0279    	cop $79
DC/840F:	2CFDDF  	bit $DFFD
DC/8412:	9EED8C  	stz $8CED,X
DC/8415:	FB      	xce 
DC/8416:	ECFBC6  	cpx $C6FB
DC/8419:	BDC6FF  	lda $FFC6,X
DC/841C:	C6FD    	dec $FD
DC/841E:	ECD77A  	cpx $7AD7
DC/8421:	08      	 
DC/8422:	6704    	adc [$04]
DC/8424:	B712    	lda [$12],Y
DC/8426:	D610    	dec $10,X
DC/8428:	E720    	sbc [$20]
DC/842A:	ADA08F  	lda $8FA0
DC/842D:	44BF00  	mvp $BF,$00
DC/8430:	FFF7F7FB	sbc $FBF7F7,X
DC/8434:	71EF    	adc ($EF),Y
DC/8436:	73EF    	adc ($EF,S),Y
DC/8438:	67DF    	adc [$DF]
DC/843A:	E75F    	sbc [$5F]
DC/843C:	43FF    	eor $FF,S
DC/843E:	0FFF8F68	ora $688FFF
DC/8442:	7D7258  	adc $5872,X
DC/8445:	7399    	adc ($99,S),Y
DC/8447:	77A7    	adc [$A7],Y
DC/8449:	3DA11F  	and $1FA1,X
DC/844C:	735F    	adc ($5F,S),Y
DC/844E:	BC07EA  	ldy $EA07,X
DC/8451:	F7D2    	sbc [$D2],Y
DC/8453:	EFC3FFCE	sbc $CEFFC3
DC/8457:	FFE3FFFB	sbc $FBFFE3,X
DC/845B:	E7BD    	sbc [$BD]
DC/845D:	F3FF    	sbc ($FF,S),Y
DC/845F:	FC3888  	jsr ($8838,X)
DC/8462:	2DD86F  	and $6FD8
DC/8465:	BCEABE  	ldy $BEEA,X
DC/8468:	577E    	eor [$7E],Y
DC/846A:	B5FE    	lda $FE,X
DC/846C:	08      	 
DC/846D:	FE20FC  	inc $FC20,X
DC/8470:	9FFFEF7F	sta $7FEFFF,X
DC/8474:	CF7FCBFF	cmp $FFCB7F
DC/8478:	93FF    	sta ($FF,S),Y
DC/847A:	2FFF7F8F	and $8F7FFF
DC/847E:	FF3FBB21	sbc $21BB3F,X
DC/8482:	8000    	bra $8484
DC/8484:	08      	 
DC/8485:	00F8    	brk $F8
DC/8487:	00DD    	brk $DD
DC/8489:	C8      	iny 
DC/848A:	58      	cli 
DC/848B:	40      	 
DC/848C:	B702    	lda [$02],Y
DC/848E:	5440FF  	mvn $40,$FF
DC/8491:	DE8CFF  	dec $FF8C,X
DC/8494:	98      	tya 
DC/8495:	FFDCFFD4	sbc $D4FFDC,X
DC/8499:	3FDEBF8E	and $8EBFDE,X
DC/849D:	FDCCBF  	sbc $BFCC,X
DC/84A0:	7210    	adc ($10)
DC/84A2:	6F08BB8A	adc $8ABB08
DC/84A6:	6F61FFB0	adc $B0FF61
DC/84AA:	DDD02F  	cmp $2FD0,X
DC/84AD:	24EF    	bit $EF
DC/84AF:	C0FFEF  	cpy #$EFFF
DC/84B2:	EFF79D77	sbc $779DF7
DC/84B6:	6A      	ror A
DC/84B7:	9FF34F97	sta $974FF3,X
DC/84BB:	6F23DF4F	adc $4FDF23
DC/84BF:	BF8D487D	lda $7D488D,X
DC/84C3:	52F8    	eor ($F8)
DC/84C5:	C3DB    	cmp $DB,S
DC/84C7:	67CF    	adc [$CF]
DC/84C9:	79B52F  	adc $2FB5,Y
DC/84CC:	735F    	adc ($5F,S),Y
DC/84CE:	BC07CC  	ldy $CC07,X
DC/84D1:	F7D2    	sbc [$D2],Y
DC/84D3:	EF63FFDE	sbc $DEFF63
DC/84D7:	FFC7FFF3	sbc $F3FFC7,X
DC/84DB:	FFB9F7FF	sbc $FFF7B9,X
DC/84DF:	FC3888  	jsr ($8838,X)
DC/84E2:	3D986F  	and $6F98,X
DC/84E5:	BCE6BE  	ldy $BEE6,X
DC/84E8:	4B      	phk 
DC/84E9:	7E95BE  	ror $BE95,X
DC/84EC:	08      	 
DC/84ED:	FE20FC  	inc $FC20,X
DC/84F0:	9FFFAF7F	sta $7FAFFF,X
DC/84F4:	CF7FCBFF	cmp $FFCB7F
DC/84F8:	93FF    	sta ($FF,S),Y
DC/84FA:	67FF    	adc [$FF]
DC/84FC:	7FCFFF3F	adc $3FFFCF,X
DC/8500:	BB      	tyx 
DC/8501:	08      	 
DC/8502:	8300    	sta $00,S
DC/8504:	2721    	and [$21]
DC/8506:	D901E6  	cmp $E601,Y
DC/8509:	203830  	jsr $3038
DC/850C:	DF026C28	cmp $286C02,X
DC/8510:	FFF7E3FF	sbc $FFE3F7,X
DC/8514:	C7FE    	cmp [$FE]
DC/8516:	CFFEE6DF	cmp $DFE6FE
DC/851A:	F4CFCE  	pea $CECF
DC/851D:	FDECD7  	sbc $D7EC,X
DC/8520:	7A      	ply 
DC/8521:	48      	pha 
DC/8522:	E784    	sbc [$84]
DC/8524:	5F463430	eor $303446,X
DC/8528:	A520    	lda $20
DC/852A:	7570    	adc $70,X
DC/852C:	1F14EF40	ora $40EF14,X
DC/8530:	FFB7F77B	sbc $7BF7B7,X
DC/8534:	5DBB31  	eor $31BB,X
DC/8537:	CF21DF77	cmp $77DF21
DC/853B:	8F53EF4F	sta $4FEF53
DC/853F:	BF8B4879	lda $79488B,X
DC/8543:	7258    	adc ($58)
DC/8545:	63BD    	adc $BD,S
DC/8547:	77AB    	adc [$AB],Y
DC/8549:	7FA53F65	adc $653FA5,X
DC/854D:	5FB40FCA	eor $CA0FB4,X
DC/8551:	F7D2    	sbc [$D2],Y
DC/8553:	EFD3FFCF	sbc $CFFFD3
DC/8557:	FFC7FFE2	sbc $E2FFC7,X
DC/855B:	FFBAEFFF	sbc $FFEFBA,X
DC/855F:	F42080  	pea $8020
DC/8562:	5D9867  	eor $6798,X
DC/8565:	ACCCBC  	ldy $BCCC
DC/8568:	157E    	ora $7E,X
DC/856A:	09FE48  	ora #$48FE
DC/856D:	FE20FC  	inc $FC20,X
DC/8570:	8FFF9F7F	sta $7F9FFF
DC/8574:	D77F    	cmp [$7F],Y
DC/8576:	CFFFB7FF	cmp $FFB7FF
DC/857A:	4FFFBFCF	eor $CFBFFF
DC/857E:	FF3FBB09	sbc $09BB3F,X
DC/8582:	9311    	sta ($11,S),Y
DC/8584:	2622    	rol $22
DC/8586:	D202    	cmp ($02)
DC/8588:	DD180A  	cmp $0A18,X
DC/858B:	08      	 
DC/858C:	C706    	cmp [$06]
DC/858E:	4604    	lsr $04
DC/8590:	FFF6E3FE	sbc $FEE3F6,X
DC/8594:	C6FD    	dec $FD
DC/8596:	E6FD    	inc $FD
DC/8598:	DCE7CE  	jmp [$CEE7]
DC/859B:	F7E6    	sbc [$E6],Y
DC/859D:	F9F4FB  	sbc $FBF4,Y
DC/85A0:	7604    	ror $04,X
DC/85A2:	6302    	adc $02,S
DC/85A4:	B786    	lda [$86],Y
DC/85A6:	1A      	inc A
DC/85A7:	10EB    	bpl $8594
DC/85A9:	A8      	tay 
DC/85AA:	A580    	lda $80
DC/85AC:	6F64DF80	adc $80DF64
DC/85B0:	FFFB7BFD	sbc $FD7BFB,X
DC/85B4:	B57B    	lda $7B,X
DC/85B6:	3B      	 
DC/85B7:	EFAB5787	sbc $8757AB
DC/85BB:	7F639F8F	adc $8F9F63,X
DC/85BF:	7F8D687D	adc $7D688D,X
DC/85C3:	60      	 
DC/85C4:	5A      	phy 
DC/85C5:	71B9    	adc ($B9),Y
DC/85C7:	77A7    	adc [$A7],Y
DC/85C9:	3DA11F  	and $1FA1,X
DC/85CC:	735F    	adc ($5F,S),Y
DC/85CE:	BC07E8  	ldy $E807,X
DC/85D1:	F7D0    	sbc [$D0],Y
DC/85D3:	FFC9FFEE	sbc $EEFFC9,X
DC/85D7:	FFE3FFF3	sbc $F3FFE3,X
DC/85DB:	EFB9F7FF	sbc $FFF7B9
DC/85DF:	FC3888  	jsr ($8838,X)
DC/85E2:	2D1C7F  	and $7F1C
DC/85E5:	14EA    	trb $EA
DC/85E7:	FEF7FE  	inc $FEF7,X
DC/85EA:	9DFE38  	sta $38FE,X
DC/85ED:	FE30FC  	inc $FC30,X
DC/85F0:	8FFF0FFF	sta $FF0FFF
DC/85F4:	2FFFCBFF	and $FFCBFF
DC/85F8:	97FF    	sta [$FF],Y
DC/85FA:	17FF    	ora [$FF],Y
DC/85FC:	2FFFFF3F	and $3FFFFF
DC/8600:	0000    	
DC/8602:	0000    	
DC/8604:	0000    	
DC/8606:	0000    	
DC/8608:	0C0002  	tsb $0200
DC/860B:	0440    	tsb $40
DC/860D:	0202    	cop $02
DC/860F:	3A      	
DC/8610:	0000    	
DC/8612:	0000    	
DC/8614:	0000    	
DC/8616:	0000    	
DC/8618:	0000    	
DC/861A:	0000    	
DC/861C:	0000    	
DC/861E:	0000    	
DC/8620:	0000    	
DC/8622:	0000    	
DC/8624:	18      	 
DC/8625:	0020    	
DC/8627:	1040    	bpl $8669
DC/8629:	202060  	jsr $6020
DC/862C:	2564    	and $64
DC/862E:	6A      	ror A
DC/862F:	690000  	adc #$0000
DC/8632:	0000    	
DC/8634:	0000    	
DC/8636:	0000    	
DC/8638:	0000    	
DC/863A:	0000    	
DC/863C:	0000    	
DC/863E:	0000    	
DC/8640:	0000    	
DC/8642:	0000    	
DC/8644:	200013  	jsr $1300
DC/8647:	0209    	cop $09
DC/8649:	1190    	ora ($90),Y
DC/864B:	18      	 
DC/864C:	0188    	ora ($88,X)
DC/864E:	0A      	asl A
DC/864F:	090000  	ora #$0000
DC/8652:	0000    	
DC/8654:	0000    	
DC/8656:	0000    	
DC/8658:	0000    	
DC/865A:	0000    	
DC/865C:	0000    	
DC/865E:	0000    	
DC/8660:	0000    	
DC/8662:	0000    	
DC/8664:	0000    	
DC/8666:	0000    	
DC/8668:	8080    	bra $85EA
DC/866A:	60      	 
DC/866B:	0080    	
DC/866D:	40      	 
DC/866E:	A0A000  	ldy #$00A0
DC/8671:	0000    	
DC/8673:	0000    	
DC/8675:	0000    	
DC/8677:	0000    	
DC/8679:	0000    	
DC/867B:	0000    	
DC/867D:	0000    	
DC/867F:	0000    	
DC/8681:	0000    	
DC/8683:	0000    	
DC/8685:	0004    	
DC/8687:	0006    	brk $06
DC/8689:	0400    	tsb $00
DC/868B:	021A    	cop $1A
DC/868D:	0204    	cop $04
DC/868F:	08      	 
DC/8690:	0000    	
DC/8692:	0000    	
DC/8694:	0000    	
DC/8696:	0000    	
DC/8698:	0000    	
DC/869A:	0000    	
DC/869C:	0000    	
DC/869E:	0000    	
DC/86A0:	0000    	
DC/86A2:	0000    	
DC/86A4:	0000    	
DC/86A6:	1C0020  	trb $2000
DC/86A9:	1050    	bpl $86FB
DC/86AB:	3021    	bmi $86CE
DC/86AD:	60      	 
DC/86AE:	4241    	wdm $41
DC/86B0:	0000    	
DC/86B2:	0000    	
DC/86B4:	0000    	
DC/86B6:	0000    	
DC/86B8:	0000    	
DC/86BA:	0000    	
DC/86BC:	0000    	
DC/86BE:	200000  	jsr $0000
DC/86C1:	0020    	
DC/86C3:	0013    	brk $13
DC/86C5:	0008    	brk $08
DC/86C7:	1111    	ora ($11),Y
DC/86C9:	190008  	ora $0800,Y
DC/86CC:	C8      	iny 
DC/86CD:	08      	 
DC/86CE:	0000    	
DC/86D0:	0000    	
DC/86D2:	0000    	
DC/86D4:	0000    	
DC/86D6:	0000    	
DC/86D8:	0000    	
DC/86DA:	0000    	
DC/86DC:	0000    	
DC/86DE:	08      	 
DC/86DF:	0000    	
DC/86E1:	0000    	
DC/86E3:	0000    	
DC/86E5:	0080    	
DC/86E7:	0040    	
DC/86E9:	80C0    	bra $86AB
DC/86EB:	C08080  	cpy #$8080
DC/86EE:	7000    	bvs $86F0
DC/86F0:	0000    	
DC/86F2:	0000    	
DC/86F4:	0000    	
DC/86F6:	0000    	
DC/86F8:	0000    	
DC/86FA:	0000    	
DC/86FC:	0000    	
DC/86FE:	0000    	
DC/8700:	0000    	
DC/8702:	0000    	
DC/8704:	0000    	
DC/8706:	0100    	ora ($00,X)
DC/8708:	0303    	ora $03,S
DC/870A:	0C0002  	tsb $0200
DC/870D:	0401    	tsb $01
DC/870F:	0200    	cop $00
DC/8711:	0000    	
DC/8713:	0000    	
DC/8715:	0000    	
DC/8717:	0000    	
DC/8719:	0000    	
DC/871B:	0000    	
DC/871D:	0000    	
DC/871F:	0000    	
DC/8721:	0000    	
DC/8723:	0080    	
DC/8725:	0002    	
DC/8727:	0004    	
DC/8729:	020A    	cop $0A
DC/872B:	0614    	asl $14
DC/872D:	0C3938  	tsb $3839
DC/8730:	0000    	
DC/8732:	0000    	
DC/8734:	0000    	
DC/8736:	0000    	
DC/8738:	0000    	
DC/873A:	0000    	
DC/873C:	0000    	
DC/873E:	0000    	
DC/8740:	0000    	
DC/8742:	08      	 
DC/8743:	0004    	
DC/8745:	08      	 
DC/8746:	0C0800  	tsb $0008
DC/8749:	040C    	tsb $0C
DC/874B:	0CE909  	tsb $09E9
DC/874E:	0181    	ora ($81,X)
DC/8750:	0000    	
DC/8752:	0000    	
DC/8754:	0000    	
DC/8756:	0000    	
DC/8758:	0000    	
DC/875A:	0000    	
DC/875C:	0000    	
DC/875E:	08      	 
DC/875F:	0000    	
DC/8761:	0000    	
DC/8763:	0020    	
DC/8765:	0060    	brk $60
DC/8767:	208040  	jsr $4080
DC/876A:	00C0    	brk $C0
DC/876C:	C0C000  	cpy #$00C0
DC/876F:	0000    	
DC/8771:	0000    	
DC/8773:	0000    	
DC/8775:	0000    	
DC/8777:	0000    	
DC/8779:	0000    	
DC/877B:	0000    	
DC/877D:	0000    	
DC/877F:	0000    	
DC/8781:	0000    	
DC/8783:	0000    	
DC/8785:	0004    	
DC/8787:	0006    	brk $06
DC/8789:	0400    	tsb $00
DC/878B:	021A    	cop $1A
DC/878D:	0204    	cop $04
DC/878F:	08      	 
DC/8790:	0000    	
DC/8792:	0000    	
DC/8794:	0000    	
DC/8796:	0000    	
DC/8798:	0000    	
DC/879A:	0000    	
DC/879C:	0000    	
DC/879E:	0000    	
DC/87A0:	0000    	
DC/87A2:	0000    	
DC/87A4:	0000    	
DC/87A6:	1C0020  	trb $2000
DC/87A9:	1050    	bpl $87FB
DC/87AB:	3021    	bmi $87CE
DC/87AD:	60      	 
DC/87AE:	4241    	wdm $41
DC/87B0:	0000    	
DC/87B2:	0000    	
DC/87B4:	0000    	
DC/87B6:	0000    	
DC/87B8:	0000    	
DC/87BA:	0000    	
DC/87BC:	0000    	
DC/87BE:	200000  	jsr $0000
DC/87C1:	0020    	
DC/87C3:	0013    	brk $13
DC/87C5:	0008    	brk $08
DC/87C7:	1111    	ora ($11),Y
DC/87C9:	190008  	ora $0800,Y
DC/87CC:	C8      	iny 
DC/87CD:	08      	 
DC/87CE:	0000    	
DC/87D0:	0000    	
DC/87D2:	0000    	
DC/87D4:	0000    	
DC/87D6:	0000    	
DC/87D8:	0000    	
DC/87DA:	0000    	
DC/87DC:	0000    	
DC/87DE:	08      	 
DC/87DF:	0000    	
DC/87E1:	0000    	
DC/87E3:	0000    	
DC/87E5:	0080    	
DC/87E7:	0040    	
DC/87E9:	80C0    	bra $87AB
DC/87EB:	C08080  	cpy #$8080
DC/87EE:	7000    	bvs $87F0
DC/87F0:	0000    	
DC/87F2:	0000    	
DC/87F4:	0000    	
DC/87F6:	0000    	
DC/87F8:	0000    	
DC/87FA:	0000    	
DC/87FC:	0000    	
DC/87FE:	0000    	
DC/8800:	08      	 
DC/8801:	0C0406  	tsb $0604
DC/8804:	E202    	sep #$02
DC/8806:	203013  	jsr $1330
DC/8809:	18      	 
DC/880A:	18      	 
DC/880B:	190808  	ora $0808,Y
DC/880E:	1200    	ora ($00)
DC/8810:	0000    	
DC/8812:	0000    	
DC/8814:	0000    	
DC/8816:	0000    	
DC/8818:	0000    	
DC/881A:	0000    	
DC/881C:	0000    	
DC/881E:	0000    	
DC/8820:	4543    	eor $43
DC/8822:	4246    	wdm $46
DC/8824:	0404    	tsb $04
DC/8826:	3504    	and $04,X
DC/8828:	08      	 
DC/8829:	1199    	ora ($99),Y
DC/882B:	1155    	ora ($55),Y
DC/882D:	998DC9  	sta $C98D,Y
DC/8830:	0000    	
DC/8832:	0000    	
DC/8834:	0000    	
DC/8836:	0000    	
DC/8838:	0000    	
DC/883A:	0000    	
DC/883C:	0000    	
DC/883E:	0000    	
DC/8840:	0103    	ora ($03,X)
DC/8842:	7507    	adc $07,X
DC/8844:	8646    	stx $46
DC/8846:	54D4A5  	mvn $D4,$A5
DC/8849:	A482    	ldy $82
DC/884B:	8131    	sta ($31,X)
DC/884D:	0300    	ora $00,S
DC/884F:	1200    	ora ($00)
DC/8851:	0000    	
DC/8853:	0000    	
DC/8855:	0000    	
DC/8857:	0000    	
DC/8859:	0000    	
DC/885B:	0000    	
DC/885D:	0000    	
DC/885F:	0020    	
DC/8861:	204040  	jsr $4040
DC/8864:	18      	 
DC/8865:	0020    	
DC/8867:	1090    	bpl $87F9
DC/8869:	3020    	bmi $888B
DC/886B:	202020  	jsr $2020
DC/886E:	0000    	
DC/8870:	0000    	
DC/8872:	0000    	
DC/8874:	0000    	
DC/8876:	0000    	
DC/8878:	0000    	
DC/887A:	0000    	
DC/887C:	0000    	
DC/887E:	0000    	
DC/8880:	0204    	cop $04
DC/8882:	1406    	trb $06
DC/8884:	1202    	ora ($02)
DC/8886:	091010  	ora #$1010
DC/8889:	190008  	ora $0800,Y
DC/888C:	0A      	asl A
DC/888D:	0A      	asl A
DC/888E:	1010    	bpl $88A0
DC/8890:	0000    	
DC/8892:	0000    	
DC/8894:	0000    	
DC/8896:	0200    	cop $00
DC/8898:	0000    	
DC/889A:	0000    	
DC/889C:	0000    	
DC/889E:	0000    	
DC/88A0:	444202  	mvp $42,$02
DC/88A3:	0634    	asl $34
DC/88A5:	0408    	tsb $08
DC/88A7:	1091    	bpl $883A
DC/88A9:	18      	 
DC/88AA:	549985  	mvn $99,$85
DC/88AD:	C9094D  	cmp #$4D09
DC/88B0:	0000    	
DC/88B2:	40      	 
DC/88B3:	0000    	
DC/88B5:	0000    	
DC/88B7:	0000    	
DC/88B9:	0000    	
DC/88BB:	0000    	
DC/88BD:	0000    	
DC/88BF:	0001    	
DC/88C1:	003A    	brk $3A
DC/88C3:	0141    	ora ($41,X)
DC/88C5:	23A6    	and $A6,S
DC/88C7:	6644    	ror $44
DC/88C9:	C491    	cpy $91
DC/88CB:	800B    	bra $88D8
DC/88CD:	1149    	ora ($49),Y
DC/88CF:	5300    	eor ($00,S),Y
DC/88D1:	0000    	
DC/88D3:	0000    	
DC/88D5:	0000    	
DC/88D7:	0000    	
DC/88D9:	0004    	
DC/88DB:	0000    	
DC/88DD:	0000    	
DC/88DF:	0080    	
DC/88E1:	40      	 
DC/88E2:	0080    	
DC/88E4:	8080    	bra $8866
DC/88E6:	08      	 
DC/88E7:	30E0    	bmi $88C9
DC/88E9:	0000    	
DC/88EB:	C08080  	cpy #$8080
DC/88EE:	1010    	bpl $8900
DC/88F0:	0000    	
DC/88F2:	0000    	
DC/88F4:	0000    	
DC/88F6:	0000    	
DC/88F8:	0000    	
DC/88FA:	0000    	
DC/88FC:	0000    	
DC/88FE:	0000    	
DC/8900:	0102    	ora ($02,X)
DC/8902:	08      	 
DC/8903:	0B      	phd 
DC/8904:	0507    	ora $07
DC/8906:	0606    	asl $06
DC/8908:	0404    	tsb $04
DC/890A:	0000    	
DC/890C:	0100    	ora ($00,X)
DC/890E:	0508    	ora $08
DC/8910:	0000    	
DC/8912:	0000    	
DC/8914:	0000    	
DC/8916:	0000    	
DC/8918:	0000    	
DC/891A:	08      	 
DC/891B:	0000    	
DC/891D:	0000    	
DC/891F:	0012    	brk $12
DC/8921:	1200    	ora ($00)
DC/8923:	000C    	brk $0C
DC/8925:	0042    	brk $42
DC/8927:	8424    	sty $24
DC/8929:	4671    	lsr $71
DC/892B:	622122  	per $AB4F
DC/892E:	4143    	eor ($43,X)
DC/8930:	2100    	and ($00,X)
DC/8932:	6600    	ror $00
DC/8934:	0000    	
DC/8936:	0000    	
DC/8938:	0000    	
DC/893A:	0000    	
DC/893C:	0000    	
DC/893E:	200020  	jsr $2000
DC/8941:	200201  	jsr $0102
DC/8944:	3903A4  	and $A403,Y
DC/8947:	7440    	stz $40,X
DC/8949:	C09080  	cpy #$8090
DC/894C:	091005  	ora #$0510
DC/894F:	090000  	ora #$0000
DC/8952:	0000    	
DC/8954:	0000    	
DC/8956:	0200    	cop $00
DC/8958:	0400    	tsb $00
DC/895A:	0000    	
DC/895C:	0000    	
DC/895E:	0000    	
DC/8960:	B040    	bcs $89A2
DC/8962:	00C0    	brk $C0
DC/8964:	08      	 
DC/8965:	0004    	
DC/8967:	08      	 
DC/8968:	3004    	bmi $896E
DC/896A:	CC2C40  	cpy $402C
DC/896D:	C08080  	cpy #$8080
DC/8970:	0000    	
DC/8972:	0000    	
DC/8974:	8000    	bra $8976
DC/8976:	0000    	
DC/8978:	0000    	
DC/897A:	0000    	
DC/897C:	08      	 
DC/897D:	0000    	
DC/897F:	0002    	
DC/8981:	0414    	tsb $14
DC/8983:	0612    	asl $12
DC/8985:	0209    	cop $09
DC/8987:	1010    	bpl $8999
DC/8989:	190008  	ora $0800,Y
DC/898C:	0A      	asl A
DC/898D:	0A      	asl A
DC/898E:	1010    	bpl $89A0
DC/8990:	0000    	
DC/8992:	0000    	
DC/8994:	0000    	
DC/8996:	0200    	cop $00
DC/8998:	0000    	
DC/899A:	0000    	
DC/899C:	0000    	
DC/899E:	0000    	
DC/89A0:	444202  	mvp $42,$02
DC/89A3:	0634    	asl $34
DC/89A5:	0408    	tsb $08
DC/89A7:	1091    	bpl $893A
DC/89A9:	18      	 
DC/89AA:	549985  	mvn $99,$85
DC/89AD:	C9094D  	cmp #$4D09
DC/89B0:	0000    	
DC/89B2:	40      	 
DC/89B3:	0000    	
DC/89B5:	0000    	
DC/89B7:	0000    	
DC/89B9:	0000    	
DC/89BB:	0000    	
DC/89BD:	0000    	
DC/89BF:	0001    	
DC/89C1:	003A    	brk $3A
DC/89C3:	0141    	ora ($41,X)
DC/89C5:	23A6    	and $A6,S
DC/89C7:	6644    	ror $44
DC/89C9:	C491    	cpy $91
DC/89CB:	800B    	bra $89D8
DC/89CD:	1149    	ora ($49),Y
DC/89CF:	5300    	eor ($00,S),Y
DC/89D1:	0000    	
DC/89D3:	0000    	
DC/89D5:	0000    	
DC/89D7:	0000    	
DC/89D9:	0004    	
DC/89DB:	0000    	
DC/89DD:	0000    	
DC/89DF:	0080    	
DC/89E1:	40      	 
DC/89E2:	0080    	
DC/89E4:	8080    	bra $8966
DC/89E6:	08      	 
DC/89E7:	30E0    	bmi $89C9
DC/89E9:	0000    	
DC/89EB:	C08080  	cpy #$8080
DC/89EE:	1010    	bpl $8A00
DC/89F0:	0000    	
DC/89F2:	0000    	
DC/89F4:	0000    	
DC/89F6:	0000    	
DC/89F8:	0000    	
DC/89FA:	0000    	
DC/89FC:	0000    	
DC/89FE:	0000    	
DC/8A00:	0410    	tsb $10
DC/8A02:	0C0404  	tsb $0404
DC/8A05:	0C0808  	tsb $0808
DC/8A08:	C8      	iny 
DC/8A09:	08      	 
DC/8A0A:	0360    	ora $60,S
DC/8A0C:	203120  	jsr $2031
DC/8A0F:	3000    	bmi $8A11
DC/8A11:	0000    	
DC/8A13:	0000    	
DC/8A15:	0004    	
DC/8A17:	0000    	
DC/8A19:	0008    	brk $08
DC/8A1B:	0000    	
DC/8A1D:	0000    	
DC/8A1F:	0048    	brk $48
DC/8A21:	4C080C  	jmp $0C08
DC/8A24:	8504    	sta $04
DC/8A26:	6405    	stz $05
DC/8A28:	1121    	ora ($21),Y
DC/8A2A:	203091  	jsr $9130
DC/8A2D:	1052    	bpl $8A81
DC/8A2F:	9000    	bcc $8A31
DC/8A31:	0040    	
DC/8A33:	0000    	
DC/8A35:	0000    	
DC/8A37:	0000    	
DC/8A39:	0000    	
DC/8A3B:	0000    	
DC/8A3D:	0000    	
DC/8A3F:	000A    	brk $0A
DC/8A41:	12D2    	ora ($D2)
DC/8A43:	1A      	inc A
DC/8A44:	0488    	tsb $88
DC/8A46:	A9AC24  	lda #$24AC
DC/8A49:	2504    	and $04
DC/8A4B:	0565    	ora $65
DC/8A4D:	0511    	ora $11
DC/8A4F:	2100    	and ($00,X)
DC/8A51:	0000    	
DC/8A53:	0000    	
DC/8A55:	0000    	
DC/8A57:	0000    	
DC/8A59:	0000    	
DC/8A5B:	0000    	
DC/8A5D:	0000    	
DC/8A5F:	0000    	
DC/8A61:	0020    	
DC/8A63:	00C0    	brk $C0
DC/8A65:	2040C0  	jsr $C040
DC/8A68:	0080    	
DC/8A6A:	8080    	bra $89EC
DC/8A6C:	18      	 
DC/8A6D:	0020    	
DC/8A6F:	1000    	bpl $8A71
DC/8A71:	0000    	
DC/8A73:	0000    	
DC/8A75:	0000    	
DC/8A77:	0000    	
DC/8A79:	0000    	
DC/8A7B:	0000    	
DC/8A7D:	0000    	
DC/8A7F:	0019    	brk $19
DC/8A81:	1214    	ora ($14)
DC/8A83:	120A    	ora ($0A)
DC/8A85:	0604    	asl $04
DC/8A87:	0C6008  	tsb $0860
DC/8A8A:	192820  	ora $2028,Y
DC/8A8D:	3018    	bmi $8AA7
DC/8A8F:	1000    	bpl $8A91
DC/8A91:	0000    	
DC/8A93:	0000    	
DC/8A95:	0000    	
DC/8A97:	0004    	
DC/8A99:	0000    	
DC/8A9B:	0000    	
DC/8A9D:	0000    	
DC/8A9F:	0040    	
DC/8AA1:	440404  	mvp $04,$04
DC/8AA4:	2484    	bit $84
DC/8AA6:	1121    	ora ($21),Y
DC/8AA8:	08      	 
DC/8AA9:	1098    	bpl $8A43
DC/8AAB:	1050    	bpl $8AFD
DC/8AAD:	9021    	bcc $8AD0
DC/8AAF:	40      	 
DC/8AB0:	08      	 
DC/8AB1:	0000    	
DC/8AB3:	0000    	
DC/8AB5:	0004    	
DC/8AB7:	0001    	
DC/8AB9:	0000    	
DC/8ABB:	0000    	
DC/8ABD:	0010    	
DC/8ABF:	0006    	brk $06
DC/8AC1:	0A      	asl A
DC/8AC2:	020E    	cop $0E
DC/8AC4:	6480    	stz $80
DC/8AC6:	8084    	bra $8A4C
DC/8AC8:	1114    	ora ($14),Y
DC/8ACA:	0005    	brk $05
DC/8ACC:	3145    	and ($45),Y
DC/8ACE:	29B180  	and #$80B1
DC/8AD1:	0000    	
DC/8AD3:	0000    	
DC/8AD5:	0000    	
DC/8AD7:	0000    	
DC/8AD9:	0000    	
DC/8ADB:	0000    	
DC/8ADD:	0000    	
DC/8ADF:	0000    	
DC/8AE1:	0000    	
DC/8AE3:	0070    	brk $70
DC/8AE5:	0080    	
DC/8AE7:	60      	 
DC/8AE8:	40      	 
DC/8AE9:	C08080  	cpy #$8080
DC/8AEC:	0000    	
DC/8AEE:	1C0020  	trb $2000
DC/8AF1:	0000    	
DC/8AF3:	0000    	
DC/8AF5:	0000    	
DC/8AF7:	0000    	
DC/8AF9:	0000    	
DC/8AFB:	0080    	
DC/8AFD:	0000    	
DC/8AFF:	0009    	brk $09
DC/8B01:	18      	 
DC/8B02:	1211    	ora ($11)
DC/8B04:	0602    	asl $02
DC/8B06:	22062C0C	jsr $0C2C06
DC/8B0A:	1020    	bpl $8B2C
DC/8B0C:	1000    	bpl $8B0E
DC/8B0E:	08      	 
DC/8B0F:	1000    	bpl $8B11
DC/8B11:	0000    	
DC/8B13:	0000    	
DC/8B15:	0000    	
DC/8B17:	0000    	
DC/8B19:	0008    	brk $08
DC/8B1B:	0000    	
DC/8B1D:	0001    	
DC/8B1F:	0006    	brk $06
DC/8B21:	0604    	asl $04
DC/8B23:	0430    	tsb $30
DC/8B25:	8008    	bra $8B2F
DC/8B27:	1014    	bpl $8B3D
DC/8B29:	98      	tya 
DC/8B2A:	440C21  	mvp $0C,$21
DC/8B2D:	40      	 
DC/8B2E:	5160    	eor ($60),Y
DC/8B30:	40      	 
DC/8B31:	0002    	
DC/8B33:	0004    	
DC/8B35:	0000    	
DC/8B37:	0001    	
DC/8B39:	0000    	
DC/8B3B:	0008    	brk $08
DC/8B3D:	0000    	
DC/8B3F:	0003    	
DC/8B41:	4506    	eor $06
DC/8B43:	8464    	sty $64
DC/8B45:	0686    	asl $86
DC/8B47:	C694    	dec $94
DC/8B49:	8410    	sty $10
DC/8B4B:	0009    	brk $09
DC/8B4D:	1004    	bpl $8B53
DC/8B4F:	090000  	ora #$0000
DC/8B52:	0100    	ora ($00,X)
DC/8B54:	0000    	
DC/8B56:	0000    	
DC/8B58:	0000    	
DC/8B5A:	0400    	tsb $00
DC/8B5C:	0000    	
DC/8B5E:	0000    	
DC/8B60:	202040  	jsr $4020
DC/8B63:	40      	 
DC/8B64:	0000    	
DC/8B66:	0000    	
DC/8B68:	78      	sei 
DC/8B69:	0080    	
DC/8B6B:	60      	 
DC/8B6C:	48      	pha 
DC/8B6D:	C08880  	cpy #$8088
DC/8B70:	0000    	
DC/8B72:	200040  	jsr $4000
DC/8B75:	0000    	
DC/8B77:	0000    	
DC/8B79:	0000    	
DC/8B7B:	0000    	
DC/8B7D:	0000    	
DC/8B7F:	0019    	brk $19
DC/8B81:	1214    	ora ($14)
DC/8B83:	120A    	ora ($0A)
DC/8B85:	0604    	asl $04
DC/8B87:	0C6008  	tsb $0860
DC/8B8A:	192820  	ora $2028,Y
DC/8B8D:	3018    	bmi $8BA7
DC/8B8F:	1000    	bpl $8B91
DC/8B91:	0000    	
DC/8B93:	0000    	
DC/8B95:	0000    	
DC/8B97:	0004    	
DC/8B99:	0000    	
DC/8B9B:	0000    	
DC/8B9D:	0000    	
DC/8B9F:	0040    	
DC/8BA1:	440404  	mvp $04,$04
DC/8BA4:	2484    	bit $84
DC/8BA6:	1121    	ora ($21),Y
DC/8BA8:	08      	 
DC/8BA9:	1098    	bpl $8B43
DC/8BAB:	1050    	bpl $8BFD
DC/8BAD:	9021    	bcc $8BD0
DC/8BAF:	40      	 
DC/8BB0:	08      	 
DC/8BB1:	0000    	
DC/8BB3:	0000    	
DC/8BB5:	0004    	
DC/8BB7:	0001    	
DC/8BB9:	0000    	
DC/8BBB:	0000    	
DC/8BBD:	0010    	
DC/8BBF:	0006    	brk $06
DC/8BC1:	0A      	asl A
DC/8BC2:	020E    	cop $0E
DC/8BC4:	6480    	stz $80
DC/8BC6:	8084    	bra $8B4C
DC/8BC8:	1114    	ora ($14),Y
DC/8BCA:	0005    	brk $05
DC/8BCC:	3145    	and ($45),Y
DC/8BCE:	29B180  	and #$80B1
DC/8BD1:	0000    	
DC/8BD3:	0000    	
DC/8BD5:	0000    	
DC/8BD7:	0000    	
DC/8BD9:	0000    	
DC/8BDB:	0000    	
DC/8BDD:	0000    	
DC/8BDF:	0000    	
DC/8BE1:	0000    	
DC/8BE3:	0070    	brk $70
DC/8BE5:	0080    	
DC/8BE7:	60      	 
DC/8BE8:	40      	 
DC/8BE9:	C08080  	cpy #$8080
DC/8BEC:	0000    	
DC/8BEE:	1C0020  	trb $2000
DC/8BF1:	0000    	
DC/8BF3:	0000    	
DC/8BF5:	0000    	
DC/8BF7:	0000    	
DC/8BF9:	0000    	
DC/8BFB:	0080    	
DC/8BFD:	0000    	
DC/8BFF:	00

[]
DC/8C00:	1018      	 
DC/8C02:	08      	 
DC/8C03:	08      	 
DC/8C04:	0101    	ora ($01,X)
DC/8C06:	0303    	ora $03,S
DC/8C08:	0202    	cop $02
DC/8C0A:	0000    	
DC/8C0C:	0000    	
DC/8C0E:	0000    	
DC/8C10:	0000    	
DC/8C12:	0000    	
DC/8C14:	08      	 
DC/8C15:	0000    	
DC/8C17:	0000    	
DC/8C19:	0002    	
DC/8C1B:	0000    	
DC/8C1D:	0000    	
DC/8C1F:	00A4    	brk $A4
DC/8C21:	C242    	rep #$42
DC/8C23:	6645    	ror $45
DC/8C25:	6D252D  	adc $2D25
DC/8C28:	292908  	and #$0829
DC/8C2B:	08      	 
DC/8C2C:	0000    	
DC/8C2E:	0000    	
DC/8C30:	0000    	
DC/8C32:	0000    	
DC/8C34:	0000    	
DC/8C36:	0000    	
DC/8C38:	0000    	
DC/8C3A:	0000    	
DC/8C3C:	0000    	
DC/8C3E:	0000    	
DC/8C40:	091190  	ora #$9011
DC/8C43:	98      	tya 
DC/8C44:	88      	dey 
DC/8C45:	8C080C  	sty $0C08
DC/8C48:	0404    	tsb $04
DC/8C4A:	0404    	tsb $04
DC/8C4C:	0000    	
DC/8C4E:	0000    	
DC/8C50:	0000    	
DC/8C52:	0000    	
DC/8C54:	0000    	
DC/8C56:	0000    	
DC/8C58:	0000    	
DC/8C5A:	0000    	
DC/8C5C:	0000    	
DC/8C5E:	0000    	
DC/8C60:	60      	 
DC/8C61:	2020E0  	jsr $E020
DC/8C64:	40      	 
DC/8C65:	C08080  	cpy #$8080
DC/8C68:	8080    	bra $8BEA
DC/8C6A:	0000    	
DC/8C6C:	0000    	
DC/8C6E:	0000    	
DC/8C70:	0000    	
DC/8C72:	0000    	
DC/8C74:	0000    	
DC/8C76:	0000    	
DC/8C78:	0000    	
DC/8C7A:	0000    	
DC/8C7C:	0000    	
DC/8C7E:	0000    	
DC/8C80:	1018    	bpl $8C9A
DC/8C82:	08      	 
DC/8C83:	08      	 
DC/8C84:	0101    	ora ($01,X)
DC/8C86:	0101    	ora ($01,X)
DC/8C88:	0303    	ora $03,S
DC/8C8A:	0000    	
DC/8C8C:	0000    	
DC/8C8E:	0000    	
DC/8C90:	0000    	
DC/8C92:	0000    	
DC/8C94:	08      	 
DC/8C95:	0000    	
DC/8C97:	0000    	
DC/8C99:	0002    	
DC/8C9B:	0000    	
DC/8C9D:	0000    	
DC/8C9F:	0022    	brk $22
DC/8CA1:	4144    	eor ($44,X)
DC/8CA3:	620226  	per $B2A8
DC/8CA6:	A5AD    	lda $AD
DC/8CA8:	242C    	bit $2C
DC/8CAA:	08      	 
DC/8CAB:	08      	 
DC/8CAC:	0000    	
DC/8CAE:	0000    	
DC/8CB0:	0000    	
DC/8CB2:	0000    	
DC/8CB4:	0100    	ora ($00,X)
DC/8CB6:	0000    	
DC/8CB8:	0100    	ora ($00,X)
DC/8CBA:	0000    	
DC/8CBC:	0000    	
DC/8CBE:	0000    	
DC/8CC0:	08      	 
DC/8CC1:	1044    	bpl $8D07
DC/8CC3:	48      	pha 
DC/8CC4:	C8      	iny 
DC/8CC5:	CC0404  	cpy $0404
DC/8CC8:	0404    	tsb $04
DC/8CCA:	0000    	
DC/8CCC:	0000    	
DC/8CCE:	0000    	
DC/8CD0:	0100    	ora ($00,X)
DC/8CD2:	0000    	
DC/8CD4:	0000    	
DC/8CD6:	0000    	
DC/8CD8:	0000    	
DC/8CDA:	0400    	tsb $00
DC/8CDC:	0000    	
DC/8CDE:	0000    	
DC/8CE0:	28      	 
DC/8CE1:	18      	 
DC/8CE2:	3070    	bmi $8D54
DC/8CE4:	40      	 
DC/8CE5:	C08080  	cpy #$8080
DC/8CE8:	8080    	bra $8C6A
DC/8CEA:	0000    	
DC/8CEC:	0000    	
DC/8CEE:	0000    	
DC/8CF0:	0000    	
DC/8CF2:	0000    	
DC/8CF4:	0000    	
DC/8CF6:	40      	 
DC/8CF7:	0000    	
DC/8CF9:	0000    	
DC/8CFB:	0000    	
DC/8CFD:	0000    	
DC/8CFF:	0010    	
DC/8D01:	18      	 
DC/8D02:	0C0C00  	tsb $000C
DC/8D05:	0002    	
DC/8D07:	0202    	cop $02
DC/8D09:	0200    	cop $00
DC/8D0B:	0000    	
DC/8D0D:	0000    	
DC/8D0F:	0001    	
DC/8D11:	0000    	
DC/8D13:	0004    	
DC/8D15:	0001    	
DC/8D17:	0001    	
DC/8D19:	0002    	
DC/8D1B:	0000    	
DC/8D1D:	0000    	
DC/8D1F:	0012    	brk $12
DC/8D21:	2121    	and ($21,X)
DC/8D23:	33B6    	and ($B6,S),Y
DC/8D25:	B2A1    	lda ($A1)
DC/8D27:	A504    	lda $04
DC/8D29:	0C0808  	tsb $0808
DC/8D2C:	0000    	
DC/8D2E:	0000    	
DC/8D30:	0000    	
DC/8D32:	0000    	
DC/8D34:	0000    	
DC/8D36:	0000    	
DC/8D38:	2100    	and ($00,X)
DC/8D3A:	0000    	
DC/8D3C:	0000    	
DC/8D3E:	0000    	
DC/8D40:	2F090244	and $440209
DC/8D44:	4646    	lsr $46
DC/8D46:	8484    	sty $84
DC/8D48:	0404    	tsb $04
DC/8D4A:	0000    	
DC/8D4C:	0000    	
DC/8D4E:	0000    	
DC/8D50:	0000    	
DC/8D52:	0000    	
DC/8D54:	0000    	
DC/8D56:	40      	 
DC/8D57:	0000    	
DC/8D59:	0004    	
DC/8D5B:	0000    	
DC/8D5D:	0000    	
DC/8D5F:	0010    	
DC/8D61:	08      	 
DC/8D62:	28      	 
DC/8D63:	18      	 
DC/8D64:	2060C0  	jsr $C060
DC/8D67:	C00000  	cpy #$0000
DC/8D6A:	0000    	
DC/8D6C:	0000    	
DC/8D6E:	0000    	
DC/8D70:	0000    	
DC/8D72:	0000    	
DC/8D74:	1000    	bpl $8D76
DC/8D76:	0000    	
DC/8D78:	8000    	bra $8D7A
DC/8D7A:	0000    	
DC/8D7C:	0000    	
DC/8D7E:	0000    	
DC/8D80:	1018    	bpl $8D9A
DC/8D82:	08      	 
DC/8D83:	08      	 
DC/8D84:	0101    	ora ($01,X)
DC/8D86:	0101    	ora ($01,X)
DC/8D88:	0303    	ora $03,S
DC/8D8A:	0000    	
DC/8D8C:	0000    	
DC/8D8E:	0000    	
DC/8D90:	0000    	
DC/8D92:	0000    	
DC/8D94:	08      	 
DC/8D95:	0000    	
DC/8D97:	0000    	
DC/8D99:	0002    	
DC/8D9B:	0000    	
DC/8D9D:	0000    	
DC/8D9F:	0022    	brk $22
DC/8DA1:	4144    	eor ($44,X)
DC/8DA3:	620226  	per $B3A8
DC/8DA6:	A5AD    	lda $AD
DC/8DA8:	242C    	bit $2C
DC/8DAA:	08      	 
DC/8DAB:	08      	 
DC/8DAC:	0000    	
DC/8DAE:	0000    	
DC/8DB0:	0000    	
DC/8DB2:	0000    	
DC/8DB4:	0100    	ora ($00,X)
DC/8DB6:	0000    	
DC/8DB8:	0100    	ora ($00,X)
DC/8DBA:	0000    	
DC/8DBC:	0000    	
DC/8DBE:	0000    	
DC/8DC0:	08      	 
DC/8DC1:	1044    	bpl $8E07
DC/8DC3:	48      	pha 
DC/8DC4:	C8      	iny 
DC/8DC5:	CC0404  	cpy $0404
DC/8DC8:	0404    	tsb $04
DC/8DCA:	0000    	
DC/8DCC:	0000    	
DC/8DCE:	0000    	
DC/8DD0:	0100    	ora ($00,X)
DC/8DD2:	0000    	
DC/8DD4:	0000    	
DC/8DD6:	0000    	
DC/8DD8:	0000    	
DC/8DDA:	0400    	tsb $00
DC/8DDC:	0000    	
DC/8DDE:	0000    	
DC/8DE0:	28      	 
DC/8DE1:	18      	 
DC/8DE2:	3070    	bmi $8E54
DC/8DE4:	40      	 
DC/8DE5:	C08080  	cpy #$8080
DC/8DE8:	8080    	bra $8D6A
DC/8DEA:	0000    	
DC/8DEC:	0000    	
DC/8DEE:	0000    	
DC/8DF0:	0000    	
DC/8DF2:	0000    	
DC/8DF4:	0000    	
DC/8DF6:	40      	 
DC/8DF7:	0000    	
DC/8DF9:	0000    	
DC/8DFB:	0000    	
DC/8DFD:	0000    	
DC/8DFF:	0000    	
DC/8E01:	0000    	
DC/8E03:	0002    	
DC/8E05:	0107    	ora ($07,X)
DC/8E07:	011C    	ora ($1C,X)
DC/8E09:	0134    	ora ($34,X)
DC/8E0B:	0768    	ora [$68]
DC/8E0D:	0F125F00	ora $005F12
DC/8E11:	0000    	
DC/8E13:	0003    	
DC/8E15:	0007    	brk $07
DC/8E17:	011F    	ora ($1F,X)
DC/8E19:	013B    	ora ($3B,X)
DC/8E1B:	0177    	ora ($77,X)
DC/8E1D:	016F    	ora ($6F,X)
DC/8E1F:	031C    	ora $1C,S
DC/8E21:	0390    	ora $90,S
DC/8E23:	60      	 
DC/8E24:	80CF    	bra $8DF5
DC/8E26:	0FF07FC0	ora $C07FF0
DC/8E2A:	7FE03FF1	adc $F13FE0,X
DC/8E2E:	BE7F1F  	ldx $1F7F,Y
DC/8E31:	00FF    	
DC/8E33:	00FF    	
DC/8E35:	C0FF80  	cpy #$80FF
DC/8E38:	FFC0FFE0	sbc $E0FFC0,X
DC/8E3C:	FFF1FFFF	sbc $FFFFF1,X
DC/8E40:	38      	sec 
DC/8E41:	C00906  	cpy #$0609
DC/8E44:	71F8    	adc ($F8),Y
DC/8E46:	90EE    	bcc $8E36
DC/8E48:	BEC3FF  	ldx $FFC3,Y
DC/8E4B:	8D7D87  	sta $877D
DC/8E4E:	7C8FF8  	jmp ($F88F,X)
DC/8E51:	00FF    	
DC/8E53:	00FF    	
DC/8E55:	78      	sei 
DC/8E56:	FFE0FFC2	sbc $C2FFE0,X
DC/8E5A:	FF8DFF87	sbc $87FF8D,X
DC/8E5E:	FF8F0000	sbc $00008F,X
DC/8E62:	0000    	
DC/8E64:	40      	 
DC/8E65:	8060    	bra $8EC7
DC/8E67:	0038    	brk $38
DC/8E69:	802C    	bra $8E97
DC/8E6B:	E09670  	cpx #$7096
DC/8E6E:	C8      	iny 
DC/8E6F:	FA      	plx 
DC/8E70:	0000    	
DC/8E72:	0000    	
DC/8E74:	C000E0  	cpy #$E000
DC/8E77:	00F8    	brk $F8
DC/8E79:	00DC    	brk $DC
DC/8E7B:	00EE    	brk $EE
DC/8E7D:	00F6    	brk $F6
DC/8E7F:	C00000  	cpy #$0000
DC/8E82:	0000    	
DC/8E84:	0201    	cop $01
DC/8E86:	0701    	ora [$01]
DC/8E88:	1D0134  	ora $3401,X
DC/8E8B:	0768    	ora [$68]
DC/8E8D:	0F125F00	ora $005F12
DC/8E91:	0000    	
DC/8E93:	0003    	
DC/8E95:	0007    	brk $07
DC/8E97:	011F    	ora ($1F,X)
DC/8E99:	013B    	ora ($3B,X)
DC/8E9B:	0177    	ora ($77,X)
DC/8E9D:	016F    	ora ($6F,X)
DC/8E9F:	031C    	ora $1C,S
DC/8EA1:	0390    	ora $90,S
DC/8EA3:	60      	 
DC/8EA4:	C0CFCC  	cpy #$CCCF
DC/8EA7:	F3FB    	sbc ($FB,S),Y
DC/8EA9:	C4FB    	cpy $FB
DC/8EAB:	E47F    	cpx $7F
DC/8EAD:	F3F3    	sbc ($F3,S),Y
DC/8EAF:	FF1F00FF	sbc $FF001F,X
DC/8EB3:	00FF    	
DC/8EB5:	C0FFC3  	cpy #$C3FF
DC/8EB8:	FFC6FFE6	sbc $E6FFC6,X
DC/8EBC:	FFF3FFFF	sbc $FFFFF3,X
DC/8EC0:	38      	sec 
DC/8EC1:	C00906  	cpy #$0609
DC/8EC4:	79F870  	adc $70F8,Y
DC/8EC7:	EEFEE7  	inc $E7FE
DC/8ECA:	FF8DFD87	sbc $87FD8D,X
DC/8ECE:	FC8FF8  	jsr ($F88F,X)
DC/8ED1:	00FF    	
DC/8ED3:	00FF    	
DC/8ED5:	78      	sei 
DC/8ED6:	FFE0FFE6	sbc $E6FFE0,X
DC/8EDA:	FF8DFF87	sbc $87FF8D,X
DC/8EDE:	FF8F0000	sbc $00008F,X
DC/8EE2:	0000    	
DC/8EE4:	40      	 
DC/8EE5:	8060    	bra $8F47
DC/8EE7:	0038    	brk $38
DC/8EE9:	802C    	bra $8F17
DC/8EEB:	E09670  	cpx #$7096
DC/8EEE:	C8      	iny 
DC/8EEF:	FA      	plx 
DC/8EF0:	0000    	
DC/8EF2:	0000    	
DC/8EF4:	C000E0  	cpy #$E000
DC/8EF7:	00F8    	brk $F8
DC/8EF9:	00DC    	brk $DC
DC/8EFB:	00EE    	brk $EE
DC/8EFD:	00F6    	brk $F6
DC/8EFF:	C00000  	cpy #$0000
DC/8F02:	0000    	
DC/8F04:	0201    	cop $01
DC/8F06:	0600    	asl $00
DC/8F08:	1C0134  	trb $3401
DC/8F0B:	0769    	ora [$69]
DC/8F0D:	0E135F  	asl $5F13
DC/8F10:	0000    	
DC/8F12:	0000    	
DC/8F14:	0300    	ora $00,S
DC/8F16:	0700    	ora [$00]
DC/8F18:	1F003B00	ora $003B00,X
DC/8F1C:	7700    	adc [$00],Y
DC/8F1E:	6F031C03	adc $031C03
DC/8F22:	90E0    	bcc $8F04
DC/8F24:	AE7F09  	ldx $097F
DC/8F27:	77FD    	adc [$FD],Y
DC/8F29:	E2FF    	sep #$FF
DC/8F2B:	F1FE    	sbc ($FE),Y
DC/8F2D:	B13E    	lda ($3E),Y
DC/8F2F:	F11F    	sbc ($1F),Y
DC/8F31:	00FF    	
DC/8F33:	80FF    	bra $8F34
DC/8F35:	7EFF67  	ror $67FF,X
DC/8F38:	FFE3FFF1	sbc $F1FFE3,X
DC/8F3C:	FFF1FFF1	sbc $F1FFF1,X
DC/8F40:	38      	sec 
DC/8F41:	C009    	cpy #$09
DC/8F43:	0601    	asl $01
DC/8F45:	F3F2    	sbc ($F2,S),Y
DC/8F47:	0DFF02  	ora $02FF
DC/8F4A:	FF06FC8F	sbc $8FFC06,X
DC/8F4E:	7DFEF8  	adc $F8FE,X
DC/8F51:	00FF    	
DC/8F53:	00FF    	
DC/8F55:	03FF    	ora $FF,S
DC/8F57:	03FF    	ora $FF,S
DC/8F59:	03FF    	ora $FF,S
DC/8F5B:	07FF    	ora [$FF]
DC/8F5D:	8FFFFF00	sta $00FFFF
DC/8F61:	0000    	
DC/8F63:	0040    	
DC/8F65:	80E0    	bra $8F47
DC/8F67:	8038    	bra $8FA1
DC/8F69:	802C    	bra $8F97
DC/8F6B:	E056    	cpx #$56
DC/8F6D:	F0C8    	beq $8F37
DC/8F6F:	7A      	ply 
DC/8F70:	0000    	
DC/8F72:	0000    	
DC/8F74:	C000    	cpy #$00
DC/8F76:	E080    	cpx #$80
DC/8F78:	F8      	sed 
DC/8F79:	80DC    	bra $8F57
DC/8F7B:	80EE    	bra $8F6B
DC/8F7D:	C0F6    	cpy #$F6
DC/8F7F:	C000    	cpy #$00
DC/8F81:	0000    	
DC/8F83:	0002    	
DC/8F85:	0106    	ora ($06,X)
DC/8F87:	001C    	brk $1C
DC/8F89:	0137    	ora ($37,X)
DC/8F8B:	076C    	ora [$6C]
DC/8F8D:	0F185F00	ora $005F18
DC/8F91:	0000    	
DC/8F93:	0003    	
DC/8F95:	0007    	brk $07
DC/8F97:	001F    	brk $1F
DC/8F99:	003B    	brk $3B
DC/8F9B:	0377    	ora $77,S
DC/8F9D:	076F    	ora [$6F]
DC/8F9F:	0F1C0390	ora $90031C
DC/8FA3:	60      	 
DC/8FA4:	9E1F0E  	stz $0E1F,X
DC/8FA7:	775F    	adc [$5F],Y
DC/8FA9:	E7BF    	sbc [$BF]
DC/8FAB:	D57F    	cmp $7F,X
DC/8FAD:	A57F    	lda $7F
DC/8FAF:	B11F    	lda ($1F),Y
DC/8FB1:	00FF    	
DC/8FB3:	00FF    	
DC/8FB5:	1EFF07  	asl $07FF,X
DC/8FB8:	FF67FFF5	sbc $F5FF67,X
DC/8FBC:	FFE5FFF1	sbc $F1FFE5,X
DC/8FC0:	38      	sec 
DC/8FC1:	C009    	cpy #$09
DC/8FC3:	0603    	asl $03
DC/8FC5:	F333    	sbc ($33,S),Y
DC/8FC7:	CF1FE2DF	cmp $DFE21F
DC/8FCB:	27DE    	and [$DE]
DC/8FCD:	EFCFFFF8	sbc $F8FFCF
DC/8FD1:	00FF    	
DC/8FD3:	00FF    	
DC/8FD5:	03FF    	ora $FF,S
DC/8FD7:	C3FF    	cmp $FF,S
DC/8FD9:	E3FF    	sbc $FF,S
DC/8FDB:	67FF    	adc [$FF]
DC/8FDD:	EFFFFF00	sbc $00FFFF
DC/8FE1:	0000    	
DC/8FE3:	0040    	
DC/8FE5:	80E0    	bra $8FC7
DC/8FE7:	80B8    	bra $8FA1
DC/8FE9:	802C    	bra $9017
DC/8FEB:	E016    	cpx #$16
DC/8FED:	F048    	beq $9037
DC/8FEF:	FA      	plx 
DC/8FF0:	0000    	
DC/8FF2:	0000    	
DC/8FF4:	C000    	cpy #$00
DC/8FF6:	E080    	cpx #$80
DC/8FF8:	F8      	sed 
DC/8FF9:	80DC    	bra $8FD7
DC/8FFB:	80EE    	bra $8FEB
DC/8FFD:	80F6    	bra $8FF5
DC/8FFF:	C0A6    	cpy #$A6
DC/9001:	3B      	 
DC/9002:	4CD74D  	jmp $4DD7
DC/9005:	D6A4    	dec $A4,X
DC/9007:	2FA267D1	and $D167A2
DC/900B:	3324    	and ($24,S),Y
DC/900D:	5561    	eor $61,X
DC/900F:	09DF    	ora #$DF
DC/9011:	03BF    	ora $BF,S
DC/9013:	07BF    	ora [$BF]
DC/9015:	07DF    	ora [$DF]
DC/9017:	07DF    	ora [$DF]
DC/9019:	03EF    	ora $EF,S
DC/901B:	017B    	ora ($7B,X)
DC/901D:	007E    	brk $7E
DC/901F:	00FE    	brk $FE
DC/9021:	3FDD3EC0	and $C03EDD,X
DC/9025:	3FE85778	and $7857E8,X
DC/9029:	B73D    	lda [$3D],Y
DC/902B:	C280    	rep #$80
DC/902D:	FF007FFF	sbc $FF7F00,X
DC/9031:	FFFFFFFF	
DC/9035:	FFFFBFFF	sbc $FFBFFF,X
DC/9039:	CFFFFFFF	cmp $FFFFFF
DC/903D:	FFFF007C	sbc $7C00FF,X
DC/9041:	FB      	xce 
DC/9042:	30FF    	bmi $9043
DC/9044:	C13E    	cmp ($3E,X)
DC/9046:	7B      	tdc 
DC/9047:	843E    	sty $3E
DC/9049:	D939C7  	cmp $C739,Y
DC/904C:	02FF    	cop $FF
DC/904E:	00FE    	brk $FE
DC/9050:	FFFBFFFF	sbc $FFFFFB,X
DC/9054:	FFFFFFFF	
DC/9058:	FFE7FFFF	sbc $FFFFE7,X
DC/905C:	FFFEFF00	sbc $00FFFE,X
DC/9060:	65FC    	adc $FC
DC/9062:	F2EB    	sbc ($EB)
DC/9064:	32EB    	and ($EB)
DC/9066:	65F4    	adc $F4
DC/9068:	C5A6    	cmp $A6
DC/906A:	0B      	phd 
DC/906B:	CC24AA  	cpy $AA24
DC/906E:	8690    	stx $90
DC/9070:	FB      	xce 
DC/9071:	E0FD    	cpx #$FD
DC/9073:	E0FD    	cpx #$FD
DC/9075:	E0FB    	cpx #$FB
DC/9077:	E0FB    	cpx #$FB
DC/9079:	80F7    	bra $9072
DC/907B:	00DE    	brk $DE
DC/907D:	007E    	brk $7E
DC/907F:	00A6    	brk $A6
DC/9081:	3B      	 
DC/9082:	4CD74C  	jmp $4CD7
DC/9085:	D7A4    	cmp [$A4],Y
DC/9087:	2FA267D1	and $D167A2
DC/908B:	3324    	and ($24,S),Y
DC/908D:	5561    	eor $61,X
DC/908F:	09DF    	ora #$DF
DC/9091:	03BF    	ora $BF,S
DC/9093:	07BF    	ora [$BF]
DC/9095:	07DF    	ora [$DF]
DC/9097:	07DF    	ora [$DF]
DC/9099:	03EF    	ora $EF,S
DC/909B:	017B    	ora ($7B,X)
DC/909D:	007E    	brk $7E
DC/909F:	0033    	brk $33
DC/90A1:	FF987F81	sbc $817F98,X
DC/90A5:	7EE916  	ror $16E9,X
DC/90A8:	79B63F  	adc $3FB6,Y
DC/90AB:	C080    	cpy #$80
DC/90AD:	FF007FFF	sbc $FF7F00,X
DC/90B1:	FFFFFFFF	
DC/90B5:	FFFFFFFF	
DC/90B9:	CFFFFFFF	cmp $FFFFFF
DC/90BD:	FFFF00BD	sbc $BD00FF,X
DC/90C1:	FA      	plx 
DC/90C2:	B97E98  	lda $987E,Y
DC/90C5:	7FC1BEFE	adc $FEBEC1,X
DC/90C9:	0139    	ora ($39,X)
DC/90CB:	D702    	cmp [$02],Y
DC/90CD:	FF00FEFF	sbc $FFFE00,X
DC/90D1:	FB      	xce 
DC/90D2:	FFFFFFFF	
DC/90D6:	FF7FFFFF	sbc $FFFF7F,X
DC/90DA:	FFEFFFFE	sbc $FEFFEF,X
DC/90DE:	FF0065FC	sbc $FC6500,X
DC/90E2:	32EB    	and ($EB)
DC/90E4:	32EB    	and ($EB)
DC/90E6:	65F4    	adc $F4
DC/90E8:	C5A6    	cmp $A6
DC/90EA:	0B      	phd 
DC/90EB:	CC24AA  	cpy $AA24
DC/90EE:	8690    	stx $90
DC/90F0:	FB      	xce 
DC/90F1:	E0FD    	cpx #$FD
DC/90F3:	E0FD    	cpx #$FD
DC/90F5:	E0FB    	cpx #$FB
DC/90F7:	E0FB    	cpx #$FB
DC/90F9:	80F7    	bra $90F2
DC/90FB:	00DE    	brk $DE
DC/90FD:	007E    	brk $7E
DC/90FF:	00A6    	brk $A6
DC/9101:	3F4FD64D	and $4DD64F,X
DC/9105:	D6A6    	dec $A6,X
DC/9107:	2FA365D0	and $D065A3
DC/910B:	3324    	and ($24,S),Y
DC/910D:	5561    	eor $61,X
DC/910F:	09DF    	ora #$DF
DC/9111:	07BF    	ora [$BF]
DC/9113:	07BF    	ora [$BF]
DC/9115:	07DF    	ora [$DF]
DC/9117:	07DF    	ora [$DF]
DC/9119:	01EF    	ora ($EF,X)
DC/911B:	007B    	brk $7B
DC/911D:	007E    	brk $7E
DC/911F:	00FE    	brk $FE
DC/9121:	1F8C7FE3	ora $E37F8C,X
DC/9125:	1CDF2B  	trb $2BDF
DC/9128:	7F8F9CE3	adc $E39C8F,X
DC/912C:	40      	 
DC/912D:	FF007FFF	sbc $FF7F00,X
DC/9131:	DFFFFFFF	cmp $FFFFFF,X
DC/9135:	FFFFF4FF	sbc $FFF4FF,X
DC/9139:	F0FF    	beq $913A
DC/913B:	FFFF7FFF	sbc $FF7FFF,X
DC/913F:	007C    	brk $7C
DC/9141:	FFB97E81	sbc $817EB9,X
DC/9145:	7E8778  	ror $7887,X
DC/9148:	1EF9BC  	asl $BCF9,X
DC/914B:	4301    	eor $01,S
DC/914D:	FF00FEFF	sbc $FFFE00,X
DC/9151:	FFFFFFFF	
DC/9155:	FFFFFFFF	
DC/9159:	E7FF    	sbc [$FF]
DC/915B:	FFFFFFFF	
DC/915F:	00E5    	brk $E5
DC/9161:	3CF23B  	bit $3BF2,X
DC/9164:	F22B    	sbc ($2B)
DC/9166:	E534    	sbc $34
DC/9168:	45E6    	eor $E6
DC/916A:	8B      	phb 
DC/916B:	CC24AA  	cpy $AA24
DC/916E:	8690    	stx $90
DC/9170:	FB      	xce 
DC/9171:	E0FD    	cpx #$FD
DC/9173:	F0FD    	beq $9172
DC/9175:	E0FB    	cpx #$FB
DC/9177:	E0FB    	cpx #$FB
DC/9179:	C0F7    	cpy #$F7
DC/917B:	80DE    	bra $915B
DC/917D:	007E    	brk $7E
DC/917F:	00AB    	brk $AB
DC/9181:	3C4BDC  	bit $DC4B,X
DC/9184:	4ED5A6  	lsr $A6D5
DC/9187:	2FA765D0	and $D065A7
DC/918B:	3324    	and ($24,S),Y
DC/918D:	5561    	eor $61,X
DC/918F:	09DF    	ora #$DF
DC/9191:	0FBF0FBF	ora $BF0FBF
DC/9195:	07DF    	ora [$DF]
DC/9197:	07DF    	ora [$DF]
DC/9199:	05EF    	ora $EF
DC/919B:	007B    	brk $7B
DC/919D:	007E    	brk $7E
DC/919F:	00BF    	brk $BF
DC/91A1:	5F9E7FDE	eor $DE7F9E,X
DC/91A5:	3FC43F7F	and $7F3FC4,X
DC/91A9:	909F    	bcc $914A
DC/91AB:	E041    	cpx #$41
DC/91AD:	FE007F  	inc $7F00,X
DC/91B0:	FFDFFFFF	sbc $FFFFDF,X
DC/91B4:	FFFFFFFF	
DC/91B8:	FFEFFFFF	sbc $FFFFEF,X
DC/91BC:	FF7FFF00	sbc $00FF7F,X
DC/91C0:	AEDF3D  	ldx $3DDF
DC/91C3:	DE21FE  	dec $FE21,X
DC/91C6:	E77C    	sbc [$7C]
DC/91C8:	C679    	dec $79
DC/91CA:	FE03C1  	inc $C103,X
DC/91CD:	3F00FEFF	and $FFFE00,X
DC/91D1:	FFFFFFFF	
DC/91D5:	DFFF9FFF	cmp $FF9FFF,X
DC/91D9:	BFFFFFFF	lda $FFFFFF,X
DC/91DD:	FFFF00E5	sbc $E500FF,X
DC/91E1:	5CB26B32	jmp $326BB2
DC/91E5:	EB      	xba 
DC/91E6:	65F4    	adc $F4
DC/91E8:	C5E6    	cmp $E6
DC/91EA:	8B      	phb 
DC/91EB:	CC24AA  	cpy $AA24
DC/91EE:	8690    	stx $90
DC/91F0:	FB      	xce 
DC/91F1:	C0FD    	cpy #$FD
DC/91F3:	E0FD    	cpx #$FD
DC/91F5:	E0FB    	cpx #$FB
DC/91F7:	E0FB    	cpx #$FB
DC/91F9:	C0F7    	cpy #$F7
DC/91FB:	80DE    	bra $91DB
DC/91FD:	007E    	brk $7E
DC/91FF:	001C    	brk $1C
DC/9201:	DC8280  	jmp [$8082]
DC/9204:	AF88A0EC	lda $ECA088
DC/9208:	E9AD    	sbc #$AD
DC/920A:	CCA880  	cpy $80A8
DC/920D:	FFB7F7E3	sbc $E3F7B7,X
DC/9211:	3FBF7FA7	and $A77FBF,X
DC/9215:	7FE41FE5	adc $E51FE4,X
DC/9219:	1EE01F  	asl $1FE0,X
DC/921C:	C03F    	cpy #$3F
DC/921E:	C8      	iny 
DC/921F:	3F80C3C0	and $C0C380,X
DC/9223:	A4CB    	ldy $CB
DC/9225:	AFCAAE48	lda $48AECA
DC/9229:	AC49AC  	ldy $AC49
DC/922C:	49AE    	eor #$AE
DC/922E:	00FF    	
DC/9230:	CB      	wai 
DC/9231:	3FEC1FE7	and $E71FEC,X
DC/9235:	1CE61D  	trb $1DE6
DC/9238:	E41F    	cpx $1F
DC/923A:	E41F    	cpx $1F
DC/923C:	E61F    	inc $1F
DC/923E:	C03F    	cpy #$3F
DC/9240:	37FF    	and [$FF],Y
DC/9242:	00C7    	brk $C7
DC/9244:	00C7    	brk $C7
DC/9246:	40      	 
DC/9247:	A4EB    	ldy $EB
DC/9249:	8FE98DC8	sta $C88DE9
DC/924D:	ACC0A6  	ldy $A6C0
DC/9250:	C03F    	cpy #$3F
DC/9252:	CF3FCF3F	cmp $3FCF3F
DC/9256:	EC1FE7  	cpx $E71F
DC/9259:	1CE51E  	trb $1EE5
DC/925C:	E41F    	cpx $1F
DC/925E:	EE1F80  	inc $801F
DC/9261:	E780    	sbc [$80]
DC/9263:	FFB7FFC0	sbc $C0FFB7,X
DC/9267:	87C0    	sta [$C0]
DC/9269:	A7C0    	lda [$C0]
DC/926B:	A4CD    	ldy $CD
DC/926D:	A98B    	lda #$8B
DC/926F:	EFEF1FC0	sbc $C01FEF
DC/9273:	3FC03FCF	and $CF3FC0,X
DC/9277:	3FEF1FEC	and $EC1FEF,X
DC/927B:	1FE11EE7	ora $E71EE1,X
DC/927F:	1C28E8  	trb $E828
DC/9282:	B7A8    	lda [$A8],Y
DC/9284:	A0AF    	ldy #$AF
DC/9286:	AA      	tax 
DC/9287:	E4F9    	cpx $F9
DC/9289:	BF84C4B7	lda $B7C484,X
DC/928D:	C0CB    	cpy #$CB
DC/928F:	AFD73F97	lda $973FD7
DC/9293:	7FA75FEE	adc $EE5FA7,X
DC/9297:	1FC03FFB	ora $FB3FC0,X
DC/929B:	3FFF3FE7	and $E73FFF,X
DC/929F:	1CCAAE  	trb $AECA
DC/92A2:	C8      	iny 
DC/92A3:	ACC9AC  	ldy $ACC9
DC/92A6:	83E4    	sta $E4,S
DC/92A8:	00FF    	
DC/92AA:	35FD    	and $FD,X
DC/92AC:	7780    	adc [$80],Y
DC/92AE:	40      	 
DC/92AF:	84E6    	sty $E6
DC/92B1:	1DE41F  	ora $1FE4,X
DC/92B4:	E41F    	cpx $1F
DC/92B6:	EC1FC0  	cpx $C01F
DC/92B9:	3FC23FFF	and $FF3FC2,X
DC/92BD:	3FCC3F4B	and $4B3FCC,X
DC/92C1:	AF698D68	lda $688D69
DC/92C5:	8C688C  	sty $8C68
DC/92C8:	C8      	iny 
DC/92C9:	AF80E780	lda $80E780
DC/92CD:	FFB7FFE7	sbc $E7FFB7,X
DC/92D1:	1CE51E  	trb $1EE5
DC/92D4:	E41F    	cpx $1F
DC/92D6:	E41F    	cpx $1F
DC/92D8:	E71F    	sbc [$1F]
DC/92DA:	EF1FC03F	sbc $3FC01F
DC/92DE:	C03F    	cpy #$3F
DC/92E0:	C8      	iny 
DC/92E1:	97C0    	sta [$C0],Y
DC/92E3:	A4CB    	ldy $CB
DC/92E5:	AFC9ADC9	lda $C9ADC9
DC/92E9:	ADC8AC  	lda $ACC8
DC/92EC:	8A      	 
DC/92ED:	EC80E7  	cpx $E780
DC/92F0:	DF3FEC1F	cmp $1FEC3F,X
DC/92F4:	E71C    	sbc [$1C]
DC/92F6:	E51E    	sbc $1E
DC/92F8:	E51E    	sbc $1E
DC/92FA:	E41F    	cpx $1F
DC/92FC:	E41F    	cpx $1F
DC/92FE:	EF1F00C8	sbc $C8001F
DC/9302:	A8      	tay 
DC/9303:	AC8DBF  	ldy $BF8D
DC/9306:	A0E0    	ldy #$E0
DC/9308:	BFC88BEC	lda $EC8BC8,X
DC/930C:	CB      	wai 
DC/930D:	AFC8ACF7	lda $F7ACC8
DC/9311:	3FA45F80	and $805FA4,X
DC/9315:	7FDF3FF7	adc $F73FDF,X
DC/9319:	3FE41FE7	and $E71FE4,X
DC/931D:	1CE41F  	trb $1FE4
DC/9320:	C0A4    	cpy #$A4
DC/9322:	C3A4    	cmp $A4,S
DC/9324:	80FF    	bra $9325
DC/9326:	9DDD37  	sta $37DD,X
DC/9329:	C008    	cpy #$08
DC/932B:	DF48AC4B	cmp $4BAC48,X
DC/932F:	AFEC1FEC	lda $EC1FEC
DC/9333:	1FC03FE2	ora $E23FC0,X
DC/9337:	3FFF3FD7	and $D73FFF,X
DC/933B:	3FE41FE7	and $E71FE4,X
DC/933F:	1C49AD  	trb $AD49
DC/9342:	48      	pha 
DC/9343:	AC48AC  	ldy $AC48
DC/9346:	40      	 
DC/9347:	A700    	lda [$00]
DC/9349:	FF9FFFA8	sbc $A8FF9F,X
DC/934D:	D7C0    	cmp [$C0],Y
DC/934F:	A7E5    	lda [$E5]
DC/9351:	1EE41F  	asl $1FE4,X
DC/9354:	E41F    	cpx $1F
DC/9356:	EF1FC03F	sbc $3FC01F
DC/935A:	C03F    	cpy #$3F
DC/935C:	FF3FEF1F	sbc $1FEF3F,X
DC/9360:	E084    	cpx #$84
DC/9362:	EB      	xba 
DC/9363:	8FE88CC8	sta $C88CE8
DC/9367:	AF80E780	lda $80E780
DC/936B:	E7D1    	sbc [$D1]
DC/936D:	BFA6E6EC	lda $ECE6A6,X
DC/9371:	1FE71CE4	ora $E41CE7,X
DC/9375:	1FE71FEF	ora $EF1FE7,X
DC/9379:	1FEF1FC0	ora $C01FEF,X
DC/937D:	3FD93F00	and $003FD9,X
DC/9381:	C08D    	cpy #$8D
DC/9383:	BF80809F	lda $9F8080,X
DC/9387:	C8      	iny 
DC/9388:	88      	dey 
DC/9389:	DFC3AFC0	cmp $C0AFC3,X
DC/938D:	ACC8AF  	ldy $AFC8
DC/9390:	FF3F807F	sbc $7F803F,X
DC/9394:	BF7FD73F	lda $3FD77F,X
DC/9398:	D73F    	cmp [$3F],Y
DC/939A:	E71C    	sbc [$1C]
DC/939C:	E41F    	cpx $1F
DC/939E:	E71F    	sbc [$1F]
DC/93A0:	A8      	tay 
DC/93A1:	E780    	sbc [$80]
DC/93A3:	FF89C9B7	sbc $B7C989,X
DC/93A7:	E040    	cpx #$40
DC/93A9:	9748    	sta [$48],Y
DC/93AB:	AC43AF  	ldy $AF43
DC/93AE:	48      	pha 
DC/93AF:	ADEF1F  	lda $1FEF
DC/93B2:	C03F    	cpy #$3F
DC/93B4:	F63F    	inc $3F,X
DC/93B6:	FF1FDF3F	sbc $3FDF1F,X
DC/93BA:	E41F    	cpx $1F
DC/93BC:	E71C    	sbc [$1C]
DC/93BE:	E51F    	sbc $1F
DC/93C0:	68      	pla 
DC/93C1:	8F68A700	sta $00A768
DC/93C5:	FF1FFFA0	sbc $A0FF1F,X
DC/93C9:	EFE087E0	sbc $E087E0
DC/93CD:	84EB    	sty $EB
DC/93CF:	8FE71FEF	sta $EF1FE7
DC/93D3:	1FC03FC0	ora $C03FC0,X
DC/93D7:	3FEF1FEF	and $EF1FEF,X
DC/93DB:	1FEC1FE7	ora $E71FEC,X
DC/93DF:	1CE88D  	trb $8DE8
DC/93E2:	C8      	iny 
DC/93E3:	AFC0A780	lda $80A7C0
DC/93E7:	FF8DEDA0	sbc $A0ED8D,X
DC/93EB:	EF80E780	sbc $80E780
DC/93EF:	E4E5    	cpx $E5
DC/93F1:	1FE71FEF	ora $EF1FE7,X
DC/93F5:	1FC03FD2	ora $D23FC0,X
DC/93F9:	3FEF1FEF	and $EF1FEF,X
DC/93FD:	1FEC1F88	ora $881FEC,X
DC/9401:	EC80E7  	cpx $E780
DC/9404:	D4C0    	pei ($C0)
DC/9406:	DA      	phx 
DC/9407:	DA      	phx 
DC/9408:	40      	 
DC/9409:	4700    	eor [$00]
DC/940B:	6700    	adc [$00]
DC/940D:	6700    	adc [$00]
DC/940F:	67E4    	adc [$E4]
DC/9411:	1FEF1FFF	ora $FF1FEF,X
DC/9415:	3FE53F4F	and $4F3FE5,X
DC/9419:	BF6F9F6F	lda $6F9F6F,X
DC/941D:	9F6F9F09	sta $099F6F,X
DC/9421:	6D0B6F  	adc $6F0B
DC/9424:	68      	pla 
DC/9425:	6C7443  	jmp ($4374)
DC/9428:	5540    	eor $40,X
DC/942A:	40      	 
DC/942B:	40      	 
DC/942C:	40      	 
DC/942D:	4F686465	eor $656468
DC/9431:	9E679C  	stz $9C67,X
DC/9434:	649F    	stz $9F
DC/9436:	7FBF7FBF	adc $BF7FBF,X
DC/943A:	7FBF4FBF	adc $BF4FBF,X
DC/943E:	6C9F69  	jmp ($699F)
DC/9441:	6543    	adc $43
DC/9443:	4780    	eor [$80]
DC/9445:	0737    	ora [$37]
DC/9447:	0000    	
DC/9449:	40      	 
DC/944A:	00C0    	brk $C0
DC/944C:	1F00B700	ora $00B700,X
DC/9450:	6D9E4F  	adc $4F9E
DC/9453:	BC0FFF  	ldy $FF0F,X
DC/9456:	3FFF7FFF	and $FF7FFF,X
DC/945A:	C0FF    	cpy #$FF
DC/945C:	08      	 
DC/945D:	FF88FF00	sbc $00FF88,X
DC/9461:	FFFFFFEF	sbc $EFFFFF,X
DC/9465:	FF00FFBF	sbc $BFFF00,X
DC/9469:	FFCBCB4A	sbc $4ACBCB,X
DC/946D:	4A      	lsr A
DC/946E:	FFFFFF00	
DC/9472:	FF0058A7	sbc $A75800,X
DC/9476:	FF00FF00	
DC/947A:	CB      	wai 
DC/947B:	344A    	bit $4A,X
DC/947D:	B5FF    	lda $FF,X
DC/947F:	0088    	brk $88
DC/9481:	C8      	iny 
DC/9482:	BFFF80D7	lda $D780FF,X
DC/9486:	C0E4    	cpy #$E4
DC/9488:	C0E4    	cpy #$E4
DC/948A:	C1E5    	cmp ($E5,X)
DC/948C:	496D    	eor #$6D
DC/948E:	0760    	ora [$60]
DC/9490:	F73F    	sbc [$3F],Y
DC/9492:	C03F    	cpy #$3F
DC/9494:	DF3FEC1F	cmp $1FEC3F,X
DC/9498:	EC1FED  	cpx $ED1F
DC/949B:	1E659E  	asl $9E65,X
DC/949E:	68      	pla 
DC/949F:	9F374054	sta $544037,X
DC/94A3:	40      	 
DC/94A4:	4141    	eor ($41,X)
DC/94A6:	60      	 
DC/94A7:	6F404462	adc $624440
DC/94AB:	6663    	ror $63
DC/94AD:	6762    	adc [$62]
DC/94AF:	667F    	ror $7F
DC/94B1:	BF7FBF7E	lda $7EBF7F,X
DC/94B5:	BF6F9F4C	lda $4C9F6F,X
DC/94B9:	BF6E9D6F	lda $6F9D6E,X
DC/94BD:	9C6E9D  	stz $9D6E
DC/94C0:	40      	 
DC/94C1:	440007  	mvp $00,$07
DC/94C4:	9400    	sty $00,X
DC/94C6:	8000    	bra $94C8
DC/94C8:	08      	 
DC/94C9:	0608    	asl $08
DC/94CB:	4400C7  	mvp $00,$C7
DC/94CE:	BF404CBF	lda $BF4C40,X
DC/94D2:	0FFF3FFF	ora $FF3FFF
DC/94D6:	3FFF0EFF	and $FF0EFF,X
DC/94DA:	4CFFCF  	jmp $CFFF
DC/94DD:	FF7FFF00	sbc $00FF7F,X
DC/94E1:	FFDEFFAD	sbc $ADFFDE,X
DC/94E5:	FB      	xce 
DC/94E6:	00FF    	
DC/94E8:	FFFF4A4A	sbc $4A4AFF,X
DC/94EC:	0000    	
DC/94EE:	FFFFFF00	
DC/94F2:	FF0056A9	sbc $A95600,X
DC/94F6:	FF00FF00	
DC/94FA:	4A      	lsr A
DC/94FB:	B500    	lda $00,X
DC/94FD:	FFFF0088	sbc $8800FF,X
DC/9501:	F780    	sbc [$80],Y
DC/9503:	E780    	sbc [$80]
DC/9505:	E488    	cpx $88
DC/9507:	ECCBEF  	cpx $EFCB
DC/950A:	40      	 
DC/950B:	6420    	stz $20
DC/950D:	4714    	eor [$14]
DC/950F:	40      	 
DC/9510:	FF1FEF1F	sbc $1FEF1F,X
DC/9514:	EC1FE4  	cpx $E41F
DC/9517:	1FE71C6C	ora $6C1CE7,X
DC/951B:	9F6FBF7F	sta $7FBF6F,X
DC/951F:	BF195968	lda $685919,X
DC/9523:	5768    	eor [$68],Y
DC/9525:	6768    	adc [$68]
DC/9527:	6D686D  	adc $6D68
DC/952A:	68      	pla 
DC/952B:	6C6065  	jmp ($6560)
DC/952E:	60      	 
DC/952F:	6766    	adc [$66]
DC/9531:	BF7FBF6F	lda $6FBF7F,X
DC/9535:	9F659F65	sta $659F65,X
DC/9539:	9F649F6D	sta $6D9F64,X
DC/953D:	9F6F9F77	sta $779F6F,X
DC/9541:	40      	 
DC/9542:	544000  	mvn $40,$00
DC/9545:	0088    	brk $88
DC/9547:	0788    	ora [$88]
DC/9549:	0700    	ora [$00]
DC/954B:	0430    	tsb $30
DC/954D:	4716    	eor [$16]
DC/954F:	C07F    	cpy #$7F
DC/9551:	BF7FBF3F	lda $3FBF7F,X
DC/9555:	FF0FFF0F	sbc $0FFF0F,X
DC/9559:	FF0CFF7F	sbc $7FFF0C,X
DC/955D:	FFFFFF00	
DC/9561:	FFE5FFFE	sbc $FEFFE5,X
DC/9565:	B300    	lda ($00,S),Y
DC/9567:	FF00FFC7	sbc $C7FF00,X
DC/956B:	C720    	cmp [$20]
DC/956D:	20FFFF  	jsr $FFFF
DC/9570:	FF00FF00	
DC/9574:	4DB2FF  	eor $FFB2
DC/9577:	00FF    	
DC/9579:	00C7    	brk $C7
DC/957B:	38      	sec 
DC/957C:	20DFFF  	jsr $FFDF
DC/957F:	0088    	brk $88
DC/9581:	EC83E7  	cpx $E783
DC/9584:	80E4    	bra $956A
DC/9586:	80C7    	bra $954F
DC/9588:	D4C0    	pei ($C0)
DC/958A:	DA      	phx 
DC/958B:	DA      	phx 
DC/958C:	40      	 
DC/958D:	4F086FE4	eor $E46F08
DC/9591:	1FEF1CEC	ora $EC1CEF,X
DC/9595:	1FCF3FFF	ora $FF3FCF,X
DC/9599:	3FE53F4F	and $4F3FE5,X
DC/959D:	BF679F08	lda $089F67,X
DC/95A1:	6D086C  	adc $6C08
DC/95A4:	68      	pla 
DC/95A5:	6D4047  	adc $4740
DC/95A8:	5740    	eor [$40],Y
DC/95AA:	7640    	ror $40,X
DC/95AC:	40      	 
DC/95AD:	40      	 
DC/95AE:	40      	 
DC/95AF:	4F659F64	eor $649F65
DC/95B3:	9F659F4F	sta $4F9F65,X
DC/95B7:	BF5FBF7F	lda $7FBF5F,X
DC/95BB:	BF7FBF4F	lda $4FBF7F,X
DC/95BF:	BF404760	lda $604740,X
DC/95C3:	6400    	stz $00
DC/95C5:	0688    	asl $88
DC/95C7:	0F97001F	ora $1F0097
DC/95CB:	0000    	
DC/95CD:	40      	 
DC/95CE:	00C0    	brk $C0
DC/95D0:	4FBF6C9F	eor $9F6CBF
DC/95D4:	0EFF07  	asl $07FF
DC/95D7:	FF1FFF3F	sbc $3FFF1F,X
DC/95DB:	FF7FFFC0	sbc $C0FF7F,X
DC/95DF:	FF00FFF7	sbc $F7FF00,X
DC/95E3:	FF7DDB00	sbc $00DB7D,X
DC/95E7:	FFFFFF53	sbc $53FFFF,X
DC/95EB:	5300    	eor ($00,S),Y
DC/95ED:	00FF    	
DC/95EF:	FFFF00FF	sbc $FF00FF,X
DC/95F3:	00A6    	brk $A6
DC/95F5:	59FF00  	eor $00FF,Y
DC/95F8:	FF0053AC	sbc $AC5300,X
DC/95FC:	00FF    	
DC/95FE:	FF000000	sbc $000000,X
DC/9602:	0001    	
DC/9604:	18      	 
DC/9605:	18      	 
DC/9606:	18      	 
DC/9607:	18      	 
DC/9608:	40      	 
DC/9609:	0040    	
DC/960B:	0080    	
DC/960D:	800C    	bra $961B
DC/960F:	0CFF00  	tsb $00FF
DC/9612:	FE00E7  	inc $E700,X
DC/9615:	00E7    	brk $E7
DC/9617:	00FF    	
DC/9619:	00FF    	
DC/961B:	007F    	brk $7F
DC/961D:	00F3    	brk $F3
DC/961F:	0000    	
DC/9621:	0000    	
DC/9623:	000D    	brk $0D
DC/9625:	0003    	
DC/9627:	1E1B1E  	asl $1E1B,X
DC/962A:	0615    	asl $15
DC/962C:	041B    	tsb $1B
DC/962E:	002E    	brk $2E
DC/9630:	FF00FF00	
DC/9634:	F300    	sbc ($00,S),Y
DC/9636:	E100    	sbc ($00,X)
DC/9638:	E100    	sbc ($00,X)
DC/963A:	FB      	xce 
DC/963B:	00FF    	
DC/963D:	00FF    	
DC/963F:	0000    	
DC/9641:	08      	 
DC/9642:	0000    	
DC/9644:	0000    	
DC/9646:	0000    	
DC/9648:	38      	sec 
DC/9649:	38      	sec 
DC/964A:	6C7CE6  	jmp ($E67C)
DC/964D:	7CFE78  	jmp ($78FE,X)
DC/9650:	FF00FF00	
DC/9654:	FF00FF00	
DC/9658:	C700    	cmp [$00]
DC/965A:	8300    	sta $00,S
DC/965C:	8300    	sta $00,S
DC/965E:	8700    	sta [$00]
DC/9660:	0000    	
DC/9662:	0000    	
DC/9664:	1C1C3E  	trb $3E1C
DC/9667:	3E3E3E  	rol $3E3E,X
DC/966A:	1414    	trb $14
DC/966C:	0000    	
DC/966E:	0000    	
DC/9670:	FF00FF00	
DC/9674:	E300    	sbc $00,S
DC/9676:	C100    	
DC/9678:	C100    	
DC/967A:	EB      	xba 
DC/967B:	00FF    	
DC/967D:	00FF    	
DC/967F:	0000    	
DC/9681:	0000    	
DC/9683:	0040    	
DC/9685:	38      	sec 
DC/9686:	447C64  	mvp $7C,$64
DC/9689:	7C3818  	jmp ($1838,X)
DC/968C:	0000    	
DC/968E:	0E0EFF  	asl $FF0E
DC/9691:	00FF    	
DC/9693:	00C7    	brk $C7
DC/9695:	0083    	brk $83
DC/9697:	0083    	brk $83
DC/9699:	00E7    	brk $E7
DC/969B:	00FF    	
DC/969D:	00F1    	brk $F1
DC/969F:	0098    	brk $98
DC/96A1:	40      	 
DC/96A2:	7C02FF  	jmp ($FF02,X)
DC/96A5:	104F    	bpl $96F6
DC/96A7:	8C5614  	sty $1456
DC/96AA:	FE013B  	inc $3B01,X
DC/96AD:	40      	 
DC/96AE:	6351    	adc $51,S
DC/96B0:	FF00FF00	
DC/96B4:	EF00F300	sbc $00F300
DC/96B8:	EB      	xba 
DC/96B9:	00FF    	
DC/96BB:	00FF    	
DC/96BD:	00BE    	brk $BE
DC/96BF:	0011    	brk $11
DC/96C1:	1F3D1F27	ora $271F3D,X
DC/96C5:	061A    	asl $1A
DC/96C7:	0050    	brk $50
DC/96C9:	70C8    	bvs $9693
DC/96CB:	78      	sei 
DC/96CC:	70B8    	bvs $9686
DC/96CE:	7D00E0  	adc $E000,X
DC/96D1:	00E0    	
DC/96D3:	00F9    	brk $F9
DC/96D5:	00FF    	
DC/96D7:	008F    	brk $8F
DC/96D9:	0087    	brk $87
DC/96DB:	00CF    	brk $CF
DC/96DD:	00FF    	
DC/96DF:	0016    	brk $16
DC/96E1:	1E2B37  	asl $372B,X
DC/96E4:	6D32F3  	adc $F332
DC/96E7:	7E7BBE  	ror $BE7B,X
DC/96EA:	26D5    	rol $D5
DC/96EC:	04BB    	tsb $BB
DC/96EE:	002E    	brk $2E
DC/96F0:	E100    	sbc ($00,X)
DC/96F2:	C000    	cpy #$00
DC/96F4:	C100    	
DC/96F6:	8100    	
DC/96F8:	C100    	
DC/96FA:	FB      	xce 
DC/96FB:	00FF    	
DC/96FD:	00FF    	
DC/96FF:	0000    	
DC/9701:	0024    	brk $24
DC/9703:	3C5A66  	bit $665A,X
DC/9706:	4976    	eor #$76
DC/9708:	627E7F  	per $1689
DC/970B:	3E2849  	rol $4928,X
DC/970E:	1523    	ora $23,X
DC/9710:	FF00C300	sbc $00C300,X
DC/9714:	8100    	
DC/9716:	8100    	
DC/9718:	8100    	
DC/971A:	C100    	
DC/971C:	F700    	sbc [$00],Y
DC/971E:	FE0000  	inc $0000,X
DC/9721:	0000    	
DC/9723:	000C    	brk $0C
DC/9725:	001E    	
DC/9727:	0414    	tsb $14
DC/9729:	001E    	
DC/972B:	1400    	trb $00
DC/972D:	0000    	
DC/972F:	00FF    	
DC/9731:	00FF    	
DC/9733:	00FF    	
DC/9735:	00FB    	brk $FB
DC/9737:	00FF    	
DC/9739:	00EB    	brk $EB
DC/973B:	00FF    	
DC/973D:	00FF    	
DC/973F:	0019    	brk $19
DC/9741:	0F390F1E	ora $1E0F39
DC/9745:	050B    	ora $0B
DC/9747:	1404    	trb $04
DC/9749:	0A      	asl A
DC/974A:	0000    	
DC/974C:	60      	 
DC/974D:	60      	 
DC/974E:	60      	 
DC/974F:	60      	 
DC/9750:	F000    	beq $9752
DC/9752:	F000    	beq $9754
DC/9754:	FB      	xce 
DC/9755:	00FF    	
DC/9757:	00FD    	brk $FD
DC/9759:	00FF    	
DC/975B:	009F    	brk $9F
DC/975D:	009F    	brk $9F
DC/975F:	006C    	brk $6C
DC/9761:	6C3F3F  	jmp ($3F3F)
DC/9764:	597ACB  	eor $CB7A,Y
DC/9767:	7EFF1A  	ror $1AFF,X
DC/976A:	3EC184  	rol $84C1,X
DC/976D:	FB      	xce 
DC/976E:	002E    	brk $2E
DC/9770:	9300    	sta ($00,S),Y
DC/9772:	C000    	cpy #$00
DC/9774:	8500    	sta $00
DC/9776:	8100    	
DC/9778:	E500    	sbc $00
DC/977A:	FF007F00	sbc $007F00,X
DC/977E:	FF000000	sbc $000000,X
DC/9782:	3E3E4C  	rol $4C3E,X
DC/9785:	7C657E  	jmp ($7E65,X)
DC/9788:	425E    	wdm $5E
DC/978A:	7F3E2849	adc $49283E,X
DC/978E:	1523    	ora $23,X
DC/9790:	FF00C100	sbc $00C100,X
DC/9794:	8300    	sta $00,S
DC/9796:	8100    	
DC/9798:	A100    	lda ($00,X)
DC/979A:	C100    	
DC/979C:	F700    	sbc [$00],Y
DC/979E:	FE0000  	inc $0000,X
DC/97A1:	0000    	
DC/97A3:	000C    	brk $0C
DC/97A5:	0C0C0C  	tsb $0C0C
DC/97A8:	0000    	
DC/97AA:	0000    	
DC/97AC:	0000    	
DC/97AE:	0000    	
DC/97B0:	FF00FF00	
DC/97B4:	F300    	sbc ($00,S),Y
DC/97B6:	F300    	sbc ($00,S),Y
DC/97B8:	FF00FF00	
DC/97BC:	FF00FF00	
DC/97C0:	0404    	tsb $04
DC/97C2:	0000    	
DC/97C4:	1010    	bpl $97D6
DC/97C6:	0000    	
DC/97C8:	4646    	lsr $46
DC/97CA:	0606    	asl $06
DC/97CC:	C0C0    	cpy #$C0
DC/97CE:	C0C0    	cpy #$C0
DC/97D0:	FB      	xce 
DC/97D1:	00FF    	
DC/97D3:	00EF    	
DC/97D5:	00FF    	
DC/97D7:	00B9    	brk $B9
DC/97D9:	00F9    	brk $F9
DC/97DB:	003F    	
DC/97DD:	003F    	
DC/97DF:	0000    	
DC/97E1:	0000    	
DC/97E3:	000C    	brk $0C
DC/97E5:	001E    	
DC/97E7:	0414    	tsb $14
DC/97E9:	001E    	
DC/97EB:	1400    	trb $00
DC/97ED:	0000    	
DC/97EF:	00FF    	
DC/97F1:	00FF    	
DC/97F3:	00FF    	
DC/97F5:	00FB    	brk $FB
DC/97F7:	00FF    	
DC/97F9:	00EB    	brk $EB
DC/97FB:	00FF    	
DC/97FD:	00FF    	
DC/97FF:	0000    	
DC/9801:	0000    	
DC/9803:	000C    	brk $0C
DC/9805:	0C0C0C  	tsb $0C0C
DC/9808:	0000    	
DC/980A:	0000    	
DC/980C:	0000    	
DC/980E:	0000    	
DC/9810:	FF00FF00	
DC/9814:	F300    	sbc ($00,S),Y
DC/9816:	F300    	sbc ($00,S),Y
DC/9818:	FF00FF00	
DC/981C:	FF00FF00	
DC/9820:	0000    	
DC/9822:	0001    	
DC/9824:	18      	 
DC/9825:	18      	 
DC/9826:	18      	 
DC/9827:	18      	 
DC/9828:	40      	 
DC/9829:	0040    	
DC/982B:	0080    	
DC/982D:	800C    	bra $983B
DC/982F:	0CFF00  	tsb $00FF
DC/9832:	FE00E7  	inc $E700,X
DC/9835:	00E7    	brk $E7
DC/9837:	00FF    	
DC/9839:	00FF    	
DC/983B:	007F    	brk $7F
DC/983D:	00F3    	brk $F3
DC/983F:	0000    	
DC/9841:	0000    	
DC/9843:	000C    	brk $0C
DC/9845:	001E    	
DC/9847:	0414    	tsb $14
DC/9849:	001E    	
DC/984B:	1400    	trb $00
DC/984D:	0000    	
DC/984F:	00FF    	
DC/9851:	00FF    	
DC/9853:	00FF    	
DC/9855:	00FB    	brk $FB
DC/9857:	00FF    	
DC/9859:	00EB    	brk $EB
DC/985B:	00FF    	
DC/985D:	00FF    	
DC/985F:	0000    	
DC/9861:	0000    	
DC/9863:	000D    	brk $0D
DC/9865:	0003    	
DC/9867:	1E1B1E  	asl $1E1B,X
DC/986A:	0615    	asl $15
DC/986C:	041B    	tsb $1B
DC/986E:	002E    	brk $2E
DC/9870:	FF00FF00	
DC/9874:	F300    	sbc ($00,S),Y
DC/9876:	E100    	sbc ($00,X)
DC/9878:	E100    	sbc ($00,X)
DC/987A:	FB      	xce 
DC/987B:	00FF    	
DC/987D:	00FF    	
DC/987F:	0000    	
DC/9881:	0000    	
DC/9883:	000C    	brk $0C
DC/9885:	001E    	
DC/9887:	0414    	tsb $14
DC/9889:	001E    	
DC/988B:	1400    	trb $00
DC/988D:	0000    	
DC/988F:	00FF    	
DC/9891:	00FF    	
DC/9893:	00FF    	
DC/9895:	00FB    	brk $FB
DC/9897:	00FF    	
DC/9899:	00EB    	brk $EB
DC/989B:	00FF    	
DC/989D:	00FF    	
DC/989F:	0000    	
DC/98A1:	0000    	
DC/98A3:	000C    	brk $0C
DC/98A5:	0C0C0C  	tsb $0C0C
DC/98A8:	0000    	
DC/98AA:	0000    	
DC/98AC:	0000    	
DC/98AE:	0000    	
DC/98B0:	FF00FF00	
DC/98B4:	F300    	sbc ($00,S),Y
DC/98B6:	F300    	sbc ($00,S),Y
DC/98B8:	FF00FF00	
DC/98BC:	FF00FF00	
DC/98C0:	0000    	
DC/98C2:	0001    	
DC/98C4:	18      	 
DC/98C5:	18      	 
DC/98C6:	18      	 
DC/98C7:	18      	 
DC/98C8:	40      	 
DC/98C9:	0040    	
DC/98CB:	0080    	
DC/98CD:	800C    	bra $98DB
DC/98CF:	0CFF00  	tsb $00FF
DC/98D2:	FE00E7  	inc $E700,X
DC/98D5:	00E7    	brk $E7
DC/98D7:	00FF    	
DC/98D9:	00FF    	
DC/98DB:	007F    	brk $7F
DC/98DD:	00F3    	brk $F3
DC/98DF:	0098    	brk $98
DC/98E1:	40      	 
DC/98E2:	7C02FF  	jmp ($FF02,X)
DC/98E5:	104F    	bpl $9936
DC/98E7:	8C5614  	sty $1456
DC/98EA:	FE013B  	inc $3B01,X
DC/98ED:	40      	 
DC/98EE:	6351    	adc $51,S
DC/98F0:	FF00FF00	
DC/98F4:	EF00F300	sbc $00F300
DC/98F8:	EB      	xba 
DC/98F9:	00FF    	
DC/98FB:	00FF    	
DC/98FD:	00BE    	brk $BE
DC/98FF:	0000    	
DC/9901:	0000    	
DC/9903:	0118    	ora ($18,X)
DC/9905:	18      	 
DC/9906:	18      	 
DC/9907:	18      	 
DC/9908:	40      	 
DC/9909:	0040    	
DC/990B:	0080    	
DC/990D:	800C    	bra $991B
DC/990F:	0CFF00  	tsb $00FF
DC/9912:	FE00E7  	inc $E700,X
DC/9915:	00E7    	brk $E7
DC/9917:	00FF    	
DC/9919:	00FF    	
DC/991B:	007F    	brk $7F
DC/991D:	00F3    	brk $F3
DC/991F:	0000    	
DC/9921:	0000    	
DC/9923:	000C    	brk $0C
DC/9925:	001E    	
DC/9927:	0414    	tsb $14
DC/9929:	001E    	
DC/992B:	1400    	trb $00
DC/992D:	0000    	
DC/992F:	00FF    	
DC/9931:	00FF    	
DC/9933:	00FF    	
DC/9935:	00FB    	brk $FB
DC/9937:	00FF    	
DC/9939:	00EB    	brk $EB
DC/993B:	00FF    	
DC/993D:	00FF    	
DC/993F:	0000    	
DC/9941:	0000    	
DC/9943:	001C    	brk $1C
DC/9945:	1C3E3E  	trb $3E3E
DC/9948:	3E3E14  	rol $143E,X
DC/994B:	1400    	trb $00
DC/994D:	0000    	
DC/994F:	00FF    	
DC/9951:	00FF    	
DC/9953:	00E3    	brk $E3
DC/9955:	00C1    	brk $C1
DC/9957:	00C1    	brk $C1
DC/9959:	00EB    	brk $EB
DC/995B:	00FF    	
DC/995D:	00FF    	
DC/995F:	0000    	
DC/9961:	0000    	
DC/9963:	000C    	brk $0C
DC/9965:	0C0C0C  	tsb $0C0C
DC/9968:	0000    	
DC/996A:	0000    	
DC/996C:	0000    	
DC/996E:	0000    	
DC/9970:	FF00FF00	
DC/9974:	F300    	sbc ($00,S),Y
DC/9976:	F300    	sbc ($00,S),Y
DC/9978:	FF00FF00	
DC/997C:	FF00FF00	
DC/9980:	0000    	
DC/9982:	0000    	
DC/9984:	1C1C3E  	trb $3E1C
DC/9987:	3E3E3E  	rol $3E3E,X
DC/998A:	1414    	trb $14
DC/998C:	0000    	
DC/998E:	0000    	
DC/9990:	FF00FF00	
DC/9994:	E300    	sbc $00,S
DC/9996:	C100    	
DC/9998:	C100    	
DC/999A:	EB      	xba 
DC/999B:	00FF    	
DC/999D:	00FF    	
DC/999F:	0019    	brk $19
DC/99A1:	0F390F1E	ora $1E0F39
DC/99A5:	050B    	ora $0B
DC/99A7:	1404    	trb $04
DC/99A9:	0A      	asl A
DC/99AA:	0000    	
DC/99AC:	60      	 
DC/99AD:	60      	 
DC/99AE:	60      	 
DC/99AF:	60      	 
DC/99B0:	F000    	beq $99B2
DC/99B2:	F000    	beq $99B4
DC/99B4:	FB      	xce 
DC/99B5:	00FF    	
DC/99B7:	00FD    	brk $FD
DC/99B9:	00FF    	
DC/99BB:	009F    	brk $9F
DC/99BD:	009F    	brk $9F
DC/99BF:	0000    	
DC/99C1:	003E    	
DC/99C3:	3E4C7C  	rol $7C4C,X
DC/99C6:	657E    	adc $7E
DC/99C8:	425E    	wdm $5E
DC/99CA:	7F3E2849	adc $49283E,X
DC/99CE:	1523    	ora $23,X
DC/99D0:	FF00C100	sbc $00C100,X
DC/99D4:	8300    	sta $00,S
DC/99D6:	8100    	
DC/99D8:	A100    	lda ($00,X)
DC/99DA:	C100    	
DC/99DC:	F700    	sbc [$00],Y
DC/99DE:	FE0000  	inc $0000,X
DC/99E1:	0000    	
DC/99E3:	0118    	ora ($18,X)
DC/99E5:	18      	 
DC/99E6:	18      	 
DC/99E7:	18      	 
DC/99E8:	40      	 
DC/99E9:	0040    	
DC/99EB:	0080    	
DC/99ED:	800C    	bra $99FB
DC/99EF:	0CFF00  	tsb $00FF
DC/99F2:	FE00E7  	inc $E700,X
DC/99F5:	00E7    	brk $E7
DC/99F7:	00FF    	
DC/99F9:	00FF    	
DC/99FB:	007F    	brk $7F
DC/99FD:	00F3    	brk $F3
DC/99FF:	0000    	
DC/9A01:	0004    	
DC/9A03:	0004    	
DC/9A05:	0008    	brk $08
DC/9A07:	0661    	asl $61
DC/9A09:	1A      	inc A
DC/9A0A:	08      	 
DC/9A0B:	0315    	ora $15,S
DC/9A0D:	0B      	phd 
DC/9A0E:	2502    	and $02
DC/9A10:	00FF    	
DC/9A12:	04FF    	tsb $FF
DC/9A14:	04FF    	tsb $FF
DC/9A16:	0EFF3F  	asl $3FFF
DC/9A19:	FF0FFF3F	sbc $3FFF0F,X
DC/9A1D:	FF26FF04	sbc $04FF26,X
DC/9A21:	0008    	brk $08
DC/9A23:	0012    	brk $12
DC/9A25:	0C4834  	tsb $3448
DC/9A28:	1205    	ora ($05)
DC/9A2A:	229D4886	jsr $86489D
DC/9A2E:	0000    	
DC/9A30:	00FF    	
DC/9A32:	08      	 
DC/9A33:	FF1EFF7E	sbc $7EFF1E,X
DC/9A37:	FF1EFF7E	sbc $7EFF1E,X
DC/9A3B:	FF0CFF00	sbc $00FF0C,X
DC/9A3F:	FF040008	sbc $080004,X
DC/9A43:	0012    	brk $12
DC/9A45:	0C4834  	tsb $3448
DC/9A48:	1205    	ora ($05)
DC/9A4A:	221D0906	jsr $06091D
DC/9A4E:	0000    	
DC/9A50:	00FF    	
DC/9A52:	08      	 
DC/9A53:	FF1EFF7E	sbc $7EFF1E,X
DC/9A57:	FF1EFF7E	sbc $7EFF1E,X
DC/9A5B:	FF0CFF00	sbc $00FF0C,X
DC/9A5F:	FF100014	sbc $140010,X
DC/9A63:	0020    	
DC/9A65:	18      	 
DC/9A66:	8468    	sty $68
DC/9A68:	620C56  	per $F077
DC/9A6B:	2C9408  	bit $0894
DC/9A6E:	200010  	jsr $1000
DC/9A71:	FF10FF38	sbc $38FF10,X
DC/9A75:	FFFCFF3C	sbc $3CFFFC,X
DC/9A79:	FFFCFF98	sbc $98FFFC,X
DC/9A7D:	FF20FF04	sbc $04FF20,X
DC/9A81:	0000    	
DC/9A83:	0004    	
DC/9A85:	0009    	brk $09
DC/9A87:	0624    	asl $24
DC/9A89:	1A      	inc A
DC/9A8A:	0902    	ora #$02
DC/9A8C:	110E    	ora ($0E),Y
DC/9A8E:	0403    	tsb $03
DC/9A90:	00FF    	
DC/9A92:	00FF    	
DC/9A94:	04FF    	tsb $FF
DC/9A96:	0FFF3FFF	ora $FF3FFF
DC/9A9A:	0FFF3FFF	ora $FF3FFF
DC/9A9E:	06FF    	asl $FF
DC/9AA0:	0000    	
DC/9AA2:	0400    	tsb $00
DC/9AA4:	0000    	
DC/9AA6:	08      	 
DC/9AA7:	0440    	tsb $40
DC/9AA9:	120C    	ora ($0C)
DC/9AAB:	1341    	ora ($41,S),Y
DC/9AAD:	8E8000  	stx $0080
DC/9AB0:	00FF    	
DC/9AB2:	00FF    	
DC/9AB4:	00FF    	
DC/9AB6:	0CFF1E  	tsb $1EFF
DC/9AB9:	FF1EFF0C	sbc $0CFF1E,X
DC/9ABD:	FF00FF00	
DC/9AC1:	0004    	
DC/9AC3:	0000    	
DC/9AC5:	0008    	brk $08
DC/9AC7:	0440    	tsb $40
DC/9AC9:	120C    	ora ($0C)
DC/9ACB:	1301    	ora ($01,S),Y
DC/9ACD:	0E0000  	asl $0000
DC/9AD0:	00FF    	
DC/9AD2:	00FF    	
DC/9AD4:	00FF    	
DC/9AD6:	0CFF1E  	tsb $1EFF
DC/9AD9:	FF1EFF0C	sbc $0CFF1E,X
DC/9ADD:	FF00FF84	sbc $84FF00,X
DC/9AE1:	0010    	
DC/9AE3:	0024    	brk $24
DC/9AE5:	18      	 
DC/9AE6:	9068    	bcc $9B50
DC/9AE8:	240A    	bit $0A
DC/9AEA:	453A    	eor $3A
DC/9AEC:	900C    	bcc $9AFA
DC/9AEE:	0000    	
DC/9AF0:	80FF    	bra $9AF1
DC/9AF2:	10FF    	bpl $9AF3
DC/9AF4:	3CFFFC  	bit $FCFF,X
DC/9AF7:	FF3CFFFC	sbc $FCFF3C,X
DC/9AFB:	FF18FF00	sbc $00FF18,X
DC/9AFF:	FF000004	sbc $040000,X
DC/9B03:	0000    	
DC/9B05:	0000    	
DC/9B07:	0044    	brk $44
DC/9B09:	0200    	cop $00
DC/9B0B:	0906    	ora #$06
DC/9B0D:	0900    	ora #$00
DC/9B0F:	0700    	ora [$00]
DC/9B11:	FF00FF00	
DC/9B15:	FF00FF06	sbc $06FF00,X
DC/9B19:	FF0FFF0F	sbc $0FFF0F,X
DC/9B1D:	FF06FF08	sbc $08FF06,X
DC/9B21:	000C    	brk $0C
DC/9B23:	0090    	brk $90
DC/9B25:	0C4234  	tsb $3442
DC/9B28:	5106    	eor ($06),Y
DC/9B2A:	AB      	plb 
DC/9B2B:	16CA    	asl $CA,X
DC/9B2D:	0410    	tsb $10
DC/9B2F:	0008    	brk $08
DC/9B31:	FF08FF9C	sbc $9CFF08,X
DC/9B35:	FF7EFF1E	sbc $1EFF7E,X
DC/9B39:	FF7EFF4C	sbc $4CFF7E,X
DC/9B3D:	FF10FF08	sbc $08FF10,X
DC/9B41:	000C    	brk $0C
DC/9B43:	0091    	brk $91
DC/9B45:	0C4234  	tsb $3442
DC/9B48:	5106    	eor ($06),Y
DC/9B4A:	2B      	pld 
DC/9B4B:	164A    	asl $4A,X
DC/9B4D:	0410    	tsb $10
DC/9B4F:	0008    	brk $08
DC/9B51:	FF08FF9D	sbc $9DFF08,X
DC/9B55:	FF7EFF1E	sbc $1EFF7E,X
DC/9B59:	FF7EFF4C	sbc $4CFF7E,X
DC/9B5D:	FF10FF00	sbc $00FF10,X
DC/9B61:	0084    	brk $84
DC/9B63:	0000    	
DC/9B65:	0010    	
DC/9B67:	08      	 
DC/9B68:	40      	 
DC/9B69:	2499    	bit $99
DC/9B6B:	2602    	rol $02
DC/9B6D:	1C0000  	trb $0000
DC/9B70:	00FF    	
DC/9B72:	80FF    	bra $9B73
DC/9B74:	00FF    	
DC/9B76:	18      	 
DC/9B77:	FF3CFF3C	sbc $3CFF3C,X
DC/9B7B:	FF18FF00	sbc $00FF18,X
DC/9B7F:	FF000004	sbc $040000,X
DC/9B83:	0004    	
DC/9B85:	0008    	brk $08
DC/9B87:	0661    	asl $61
DC/9B89:	1A      	inc A
DC/9B8A:	08      	 
DC/9B8B:	0315    	ora $15,S
DC/9B8D:	0B      	phd 
DC/9B8E:	2502    	and $02
DC/9B90:	00FF    	
DC/9B92:	04FF    	tsb $FF
DC/9B94:	04FF    	tsb $FF
DC/9B96:	0EFF3F  	asl $3FFF
DC/9B99:	FF0FFF3F	sbc $3FFF0F,X
DC/9B9D:	FF26FF08	sbc $08FF26,X
DC/9BA1:	000C    	brk $0C
DC/9BA3:	0090    	brk $90
DC/9BA5:	0C4234  	tsb $3442
DC/9BA8:	5106    	eor ($06),Y
DC/9BAA:	AB      	plb 
DC/9BAB:	16CA    	asl $CA,X
DC/9BAD:	0410    	tsb $10
DC/9BAF:	0008    	brk $08
DC/9BB1:	FF08FF9C	sbc $9CFF08,X
DC/9BB5:	FF7EFF1E	sbc $1EFF7E,X
DC/9BB9:	FF7EFF4C	sbc $4CFF7E,X
DC/9BBD:	FF10FF08	sbc $08FF10,X
DC/9BC1:	000C    	brk $0C
DC/9BC3:	0091    	brk $91
DC/9BC5:	0C4234  	tsb $3442
DC/9BC8:	5106    	eor ($06),Y
DC/9BCA:	2B      	pld 
DC/9BCB:	164A    	asl $4A,X
DC/9BCD:	0410    	tsb $10
DC/9BCF:	0008    	brk $08
DC/9BD1:	FF08FF9D	sbc $9DFF08,X
DC/9BD5:	FF7EFF1E	sbc $1EFF7E,X
DC/9BD9:	FF7EFF4C	sbc $4CFF7E,X
DC/9BDD:	FF10FF10	sbc $10FF10,X
DC/9BE1:	0014    	brk $14
DC/9BE3:	0020    	
DC/9BE5:	18      	 
DC/9BE6:	8468    	sty $68
DC/9BE8:	620C56  	per $F1F7
DC/9BEB:	2C9408  	bit $0894
DC/9BEE:	200010  	jsr $1000
DC/9BF1:	FF10FF38	sbc $38FF10,X
DC/9BF5:	FFFCFF3C	sbc $3CFFFC,X
DC/9BF9:	FFFCFF98	sbc $98FFFC,X
DC/9BFD:	FF20FF09	sbc $09FF20,X
DC/9C01:	00A5    	brk $A5
DC/9C03:	5A      	phy 
DC/9C04:	00FF    	
DC/9C06:	6DFFFF  	adc $FFFF
DC/9C09:	FFFFFFFF	
DC/9C0D:	FFFFFFFF	
DC/9C11:	00FF    	
DC/9C13:	00FF    	
DC/9C15:	00FF    	
DC/9C17:	00FF    	
DC/9C19:	00FF    	
DC/9C1B:	00FF    	
DC/9C1D:	00FF    	
DC/9C1F:	00FF    	
DC/9C21:	FFFFFFFF	
DC/9C25:	FFEFFF2A	sbc $2AFFEF,X
DC/9C29:	FF49B6EC	sbc $ECB649,X
DC/9C2D:	0019    	brk $19
DC/9C2F:	00FF    	
DC/9C31:	00FF    	
DC/9C33:	00FF    	
DC/9C35:	00FF    	
DC/9C37:	00FF    	
DC/9C39:	00FF    	
DC/9C3B:	00FF    	
DC/9C3D:	00FF    	
DC/9C3F:	0050    	brk $50
DC/9C41:	003C    	brk $3C
DC/9C43:	00F8    	brk $F8
DC/9C45:	2CC43C  	bit $3CC4
DC/9C48:	9F725A7C	sta $7C5A72,X
DC/9C4C:	EC1213  	cpx $1312
DC/9C4F:	00FF    	
DC/9C51:	00FF    	
DC/9C53:	00FD    	brk $FD
DC/9C55:	00FF    	
DC/9C57:	00FF    	
DC/9C59:	00FF    	
DC/9C5B:	00FF    	
DC/9C5D:	00FF    	
DC/9C5F:	00A9    	brk $A9
DC/9C61:	00B4    	brk $B4
DC/9C63:	00AA    	brk $AA
DC/9C65:	000B    	brk $0B
DC/9C67:	005A    	brk $5A
DC/9C69:	00A7    	brk $A7
DC/9C6B:	0079    	brk $79
DC/9C6D:	00F0    	brk $F0
DC/9C6F:	00FF    	
DC/9C71:	00FF    	
DC/9C73:	00FF    	
DC/9C75:	00FF    	
DC/9C77:	00FF    	
DC/9C79:	00FF    	
DC/9C7B:	00FF    	
DC/9C7D:	00FF    	
DC/9C7F:	0009    	brk $09
DC/9C81:	00A5    	brk $A5
DC/9C83:	5A      	phy 
DC/9C84:	00FF    	
DC/9C86:	6DFFFF  	adc $FFFF
DC/9C89:	FFFFFFFF	
DC/9C8D:	FFFFFFFF	
DC/9C91:	00FF    	
DC/9C93:	00FF    	
DC/9C95:	00FB    	brk $FB
DC/9C97:	00FF    	
DC/9C99:	00FF    	
DC/9C9B:	00FF    	
DC/9C9D:	00FF    	
DC/9C9F:	00FF    	
DC/9CA1:	FFFFFFFF	
DC/9CA5:	FFEFFD2A	sbc $2AFDEF,X
DC/9CA9:	FF49B6EC	sbc $ECB649,X
DC/9CAD:	0019    	brk $19
DC/9CAF:	00FF    	
DC/9CB1:	00FF    	
DC/9CB3:	00FF    	
DC/9CB5:	00FD    	brk $FD
DC/9CB7:	00FF    	
DC/9CB9:	00FF    	
DC/9CBB:	00FF    	
DC/9CBD:	00FF    	
DC/9CBF:	0050    	brk $50
DC/9CC1:	003C    	brk $3C
DC/9CC3:	00F8    	brk $F8
DC/9CC5:	2CC43C  	bit $3CC4
DC/9CC8:	9F725A7C	sta $7C5A72,X
DC/9CCC:	EC1213  	cpx $1312
DC/9CCF:	00FF    	
DC/9CD1:	00FF    	
DC/9CD3:	00FD    	brk $FD
DC/9CD5:	00FF    	
DC/9CD7:	00FF    	
DC/9CD9:	00FF    	
DC/9CDB:	00FF    	
DC/9CDD:	00FF    	
DC/9CDF:	00A9    	brk $A9
DC/9CE1:	00B4    	brk $B4
DC/9CE3:	00AA    	brk $AA
DC/9CE5:	40      	 
DC/9CE6:	0B      	phd 
DC/9CE7:	005A    	brk $5A
DC/9CE9:	00AF    	brk $AF
DC/9CEB:	0079    	brk $79
DC/9CED:	00F0    	brk $F0
DC/9CEF:	00FF    	
DC/9CF1:	00FF    	
DC/9CF3:	00BF    	brk $BF
DC/9CF5:	00FF    	
DC/9CF7:	00FF    	
DC/9CF9:	00F7    	
DC/9CFB:	00FF    	
DC/9CFD:	00FF    	
DC/9CFF:	0009    	brk $09
DC/9D01:	00A5    	brk $A5
DC/9D03:	5A      	phy 
DC/9D04:	00FF    	
DC/9D06:	6DFFFF  	adc $FFFF
DC/9D09:	FFFFFFFF	
DC/9D0D:	FFFFFFFF	
DC/9D11:	00FF    	
DC/9D13:	00FF    	
DC/9D15:	00FF    	
DC/9D17:	00EF    	
DC/9D19:	00FF    	
DC/9D1B:	00FF    	
DC/9D1D:	00FF    	
DC/9D1F:	00FF    	
DC/9D21:	FFFFFFFF	
DC/9D25:	FFEFFF2A	sbc $2AFFEF,X
DC/9D29:	FF49B6EC	sbc $ECB649,X
DC/9D2D:	0019    	brk $19
DC/9D2F:	00FF    	
DC/9D31:	00FF    	
DC/9D33:	00FF    	
DC/9D35:	00F7    	
DC/9D37:	00FF    	
DC/9D39:	00FF    	
DC/9D3B:	00FF    	
DC/9D3D:	00FF    	
DC/9D3F:	0010    	
DC/9D41:	40      	 
DC/9D42:	3C00F8  	bit $F800,X
DC/9D45:	2CC43C  	bit $3CC4
DC/9D48:	9F525A7C	sta $7C5A52,X
DC/9D4C:	EC1213  	cpx $1312
DC/9D4F:	00BF    	brk $BF
DC/9D51:	00FF    	
DC/9D53:	00FD    	brk $FD
DC/9D55:	00FF    	
DC/9D57:	00FF    	
DC/9D59:	00FF    	
DC/9D5B:	00FF    	
DC/9D5D:	00FF    	
DC/9D5F:	00A9    	brk $A9
DC/9D61:	00B4    	brk $B4
DC/9D63:	00AA    	brk $AA
DC/9D65:	002B    	brk $2B
DC/9D67:	005A    	brk $5A
DC/9D69:	00A7    	brk $A7
DC/9D6B:	0079    	brk $79
DC/9D6D:	00F0    	brk $F0
DC/9D6F:	00FF    	
DC/9D71:	00FF    	
DC/9D73:	00FF    	
DC/9D75:	00DF    	brk $DF
DC/9D77:	00FF    	
DC/9D79:	00FF    	
DC/9D7B:	00FF    	
DC/9D7D:	00FF    	
DC/9D7F:	0009    	brk $09
DC/9D81:	00A5    	brk $A5
DC/9D83:	5A      	phy 
DC/9D84:	00FF    	
DC/9D86:	6DFFFF  	adc $FFFF
DC/9D89:	FFFFFFFF	
DC/9D8D:	FFFFFFFF	
DC/9D91:	00FF    	
DC/9D93:	00FF    	
DC/9D95:	00FF    	
DC/9D97:	00FF    	
DC/9D99:	00FF    	
DC/9D9B:	00BF    	brk $BF
DC/9D9D:	00FF    	
DC/9D9F:	00FF    	
DC/9DA1:	FFFFFBFF	sbc $FFFBFF,X
DC/9DA5:	FFEFFF2A	sbc $2AFFEF,X
DC/9DA9:	FF49B6EC	sbc $ECB649,X
DC/9DAD:	0019    	brk $19
DC/9DAF:	00FF    	
DC/9DB1:	00FB    	brk $FB
DC/9DB3:	00FF    	
DC/9DB5:	00FF    	
DC/9DB7:	00FF    	
DC/9DB9:	00FF    	
DC/9DBB:	00FF    	
DC/9DBD:	00FF    	
DC/9DBF:	0050    	brk $50
DC/9DC1:	003C    	brk $3C
DC/9DC3:	00F8    	brk $F8
DC/9DC5:	2CC43C  	bit $3CC4
DC/9DC8:	9F725A7C	sta $7C5A72,X
DC/9DCC:	EC1213  	cpx $1312
DC/9DCF:	00FF    	
DC/9DD1:	00FF    	
DC/9DD3:	00FD    	brk $FD
DC/9DD5:	00FF    	
DC/9DD7:	00FF    	
DC/9DD9:	00FF    	
DC/9DDB:	00FF    	
DC/9DDD:	00FF    	
DC/9DDF:	00A9    	brk $A9
DC/9DE1:	00B4    	brk $B4
DC/9DE3:	008A    	brk $8A
DC/9DE5:	200B00  	jsr $000B
DC/9DE8:	5A      	phy 
DC/9DE9:	00AF    	brk $AF
DC/9DEB:	0079    	brk $79
DC/9DED:	00F0    	brk $F0
DC/9DEF:	00FF    	
DC/9DF1:	00FF    	
DC/9DF3:	00DF    	brk $DF
DC/9DF5:	00FF    	
DC/9DF7:	00FF    	
DC/9DF9:	00F7    	
DC/9DFB:	00FF    	
DC/9DFD:	00FF    	
DC/9DFF:	002F    	brk $2F
DC/9E01:	1F5F3F0F	ora $0F3F5F,X
DC/9E05:	3F8F3F1F	and $1F3F8F,X
DC/9E09:	7F4F3F5F	adc $5F3F4F,X
DC/9E0D:	3F6F1FFF	and $FF1F6F,X
DC/9E11:	00FF    	
DC/9E13:	00FF    	
DC/9E15:	00FF    	
DC/9E17:	00FF    	
DC/9E19:	00FF    	
DC/9E1B:	00FF    	
DC/9E1D:	00FF    	
DC/9E1F:	00FA    	
DC/9E21:	FCFCFE  	jsr ($FEFC,X)
DC/9E24:	F3FC    	sbc ($FC,S),Y
DC/9E26:	F8      	sed 
DC/9E27:	FEFAFC  	inc $FCFA,X
DC/9E2A:	F0FE    	beq $9E2A
DC/9E2C:	FCFAFB  	jsr ($FBFA,X)
DC/9E2F:	FCFF00  	jsr ($00FF,X)
DC/9E32:	FF00FF00	
DC/9E36:	FF00FF00	
DC/9E3A:	FF00FF00	
DC/9E3E:	FF00FFFF	
DC/9E42:	FFFFFFFF	
DC/9E46:	FFFFFFFF	
DC/9E4A:	FFFFFFFF	
DC/9E4E:	FFFFFF00	
DC/9E52:	FF00FF00	
DC/9E56:	FF00FF00	
DC/9E5A:	FF00FF00	
DC/9E5E:	FF00FFFF	
DC/9E62:	FFFFFFFF	
DC/9E66:	FFFFFFFF	
DC/9E6A:	FFFFFFFF	
DC/9E6E:	FFFFFF00	
DC/9E72:	FF00FF00	
DC/9E76:	FF00FF00	
DC/9E7A:	FF00FF00	
DC/9E7E:	FF002F1F	sbc $1F2F00,X
DC/9E82:	7F1F0F3F	adc $3F0F1F,X
DC/9E86:	8F3F1F7F	sta $7F1F3F
DC/9E8A:	4F3F5F3F	eor $3F5F3F
DC/9E8E:	6F1FFF00	adc $00FF1F
DC/9E92:	DF00FF00	cmp $00FF00,X
DC/9E96:	FF00FF00	
DC/9E9A:	FF00FF00	
DC/9E9E:	FB      	xce 
DC/9E9F:	00FA    	
DC/9EA1:	FCFCFE  	jsr ($FEFC,X)
DC/9EA4:	F3FC    	sbc ($FC,S),Y
DC/9EA6:	F8      	sed 
DC/9EA7:	FEFAFC  	inc $FCFA,X
DC/9EAA:	F0FE    	beq $9EAA
DC/9EAC:	FCFAFB  	jsr ($FBFA,X)
DC/9EAF:	FCFF00  	jsr ($00FF,X)
DC/9EB2:	FF00FF00	
DC/9EB6:	EF00FF00	sbc $00FF00
DC/9EBA:	FF00FF00	
DC/9EBE:	FF00FFFF	
DC/9EC2:	FFFFFFFF	
DC/9EC6:	FFFFFFFF	
DC/9ECA:	FFFFFFFF	
DC/9ECE:	FFFFFF00	
DC/9ED2:	FF00FF00	
DC/9ED6:	FF00FF00	
DC/9EDA:	FF00FF00	
DC/9EDE:	FF00FFFF	
DC/9EE2:	FFFFFFFF	
DC/9EE6:	FFFFFFFF	
DC/9EEA:	FFFFFFFF	
DC/9EEE:	FFFFFF00	
DC/9EF2:	FF00FF00	
DC/9EF6:	FF00FF00	
DC/9EFA:	FF00FF00	
DC/9EFE:	FF002F1F	sbc $1F2F00,X
DC/9F02:	5F3F0F3F	eor $3F0F3F,X
DC/9F06:	8F3F1F7F	sta $7F1F3F
DC/9F0A:	5F2F5F3F	eor $3F5F2F,X
DC/9F0E:	6F1FFF00	adc $00FF1F
DC/9F12:	FF00FF00	
DC/9F16:	FF00FF00	
DC/9F1A:	EF00FF00	sbc $00FF00
DC/9F1E:	FF00FAFC	sbc $FCFA00,X
DC/9F22:	FCFEF3  	jsr ($F3FE,X)
DC/9F25:	FCF8FE  	jsr ($FEF8,X)
DC/9F28:	FA      	plx 
DC/9F29:	FCF0FE  	jsr ($FEF0,X)
DC/9F2C:	FCFAFB  	jsr ($FBFA,X)
DC/9F2F:	FCFF00  	jsr ($00FF,X)
DC/9F32:	FF00FF00	
DC/9F36:	FF00FF00	
DC/9F3A:	FF00FF00	
DC/9F3E:	FF00FFFF	
DC/9F42:	FFFFFFFF	
DC/9F46:	FFFFFFFF	
DC/9F4A:	FFFFFFFF	
DC/9F4E:	FFFFFF00	
DC/9F52:	FF00FF00	
DC/9F56:	FF00FF00	
DC/9F5A:	FF00FF00	
DC/9F5E:	FF00FFFF	
DC/9F62:	FFFFFFFF	
DC/9F66:	FFFFFFFF	
DC/9F6A:	FFFFFFFF	
DC/9F6E:	FFFFFF00	
DC/9F72:	FF00FF00	
DC/9F76:	FF00FF00	
DC/9F7A:	FF00FF00	
DC/9F7E:	FF002F1F	sbc $1F2F00,X
DC/9F82:	5F3F0F3F	eor $3F0F3F,X
DC/9F86:	8F3F1F7F	sta $7F1F3F
DC/9F8A:	5F3F5F3F	eor $3F5F3F,X
DC/9F8E:	6F1FFF00	adc $00FF1F
DC/9F92:	FF00FF00	
DC/9F96:	FF00FF00	
DC/9F9A:	EF00FF00	sbc $00FF00
DC/9F9E:	FF00FAFC	sbc $FCFA00,X
DC/9FA2:	FCFEF3  	jsr ($F3FE,X)
DC/9FA5:	FCF8FE  	jsr ($FEF8,X)
DC/9FA8:	FA      	plx 
DC/9FA9:	FCF0FE  	jsr ($FEF0,X)
DC/9FAC:	FCFAFB  	jsr ($FBFA,X)
DC/9FAF:	FCFF00  	jsr ($00FF,X)
DC/9FB2:	FF00FF00	
DC/9FB6:	FF00FF00	
DC/9FBA:	FF00F700	sbc $00F700,X
DC/9FBE:	FF00FFFF	
DC/9FC2:	FFFFFFFF	
DC/9FC6:	FFFFFFFF	
DC/9FCA:	FFFFFFFF	
DC/9FCE:	FFFFFF00	
DC/9FD2:	FF00FF00	
DC/9FD6:	FF00FF00	
DC/9FDA:	FF00FF00	
DC/9FDE:	FF00FFFF	
DC/9FE2:	FFFFFFFF	
DC/9FE6:	FFFFFFFF	
DC/9FEA:	FFFFFFFF	
DC/9FEE:	FFFFFF00	
DC/9FF2:	FF00FF00	
DC/9FF6:	FF00FF00	
DC/9FFA:	FF00FF00	
DC/9FFE:	FF002CEA	sbc $EA2C00,X
DC/A002:	BDBD3F  	lda $3FBD,X
DC/A005:	BFBFBFED	lda $EDBFBF,X
DC/A009:	FFEBFF5B	sbc $5BFFEB,X
DC/A00D:	FFF3FF31	sbc $31FFF3,X
DC/A011:	DFBDFF3D	cmp $3DFFBD,X
DC/A015:	FFBFFFAD	sbc $ADFFBF,X
DC/A019:	FFE9FF51	sbc $51FFE9,X
DC/A01D:	FF50FFA5	sbc $A5FF50,X
DC/A021:	EFEFEFFF	sbc $FFEFEF
DC/A025:	FF7FFFFF	sbc $FFFF7F,X
DC/A029:	FFFFFF1F	sbc $1FFFFF,X
DC/A02D:	FF7BFFA1	sbc $A1FF7B,X
DC/A031:	5EFFFF  	lsr $FFFF,X
DC/A034:	FFFF7FFF	sbc $FF7FFF,X
DC/A038:	7FFF7FFF	adc $FF7FFF,X
DC/A03C:	1FFF2BFF	ora $FF2BFF,X
DC/A040:	E5FD    	sbc $FD
DC/A042:	F2F0    	sbc ($F0)
DC/A044:	CDE2E0  	cmp $E0E2
DC/A047:	EF97C885	sbc $85C897
DC/A04B:	D8      	cld 
DC/A04C:	2B      	pld 
DC/A04D:	94D2    	sty $D2,X
DC/A04F:	08      	 
DC/A050:	C2FF    	rep #$FF
DC/A052:	CFFF1FFF	cmp $FF1FFF
DC/A056:	9FFF38F8	sta $F838FF,X
DC/A05A:	3B      	 
DC/A05B:	FB      	xce 
DC/A05C:	76F6    	ror $F6,X
DC/A05E:	3FC0DEFF	and $FFDEC0,X
DC/A062:	A6AF    	ldx $AF
DC/A064:	0C0E95  	tsb $950E
DC/A067:	470B    	eor [$0B]
DC/A069:	E2B3    	sep #$B3
DC/A06B:	43B5    	eor $B5,S
DC/A06D:	46EA    	lsr $EA
DC/A06F:	220AFF52	jsr $52FF0A
DC/A073:	FFF0FFF9	sbc $F9FFF0,X
DC/A077:	FEFDFE  	inc $FEFD,X
DC/A07A:	7D7EF9  	adc $F97E,X
DC/A07D:	FEDA05  	inc $05DA,X
DC/A080:	3DFBBF  	and $BFFB,X
DC/A083:	BF3FBFFF	lda $FFBF3F,X
DC/A087:	FFEDBFEB	sbc $EBBFED,X
DC/A08B:	FF6BFFDB	sbc $DBFF6B,X
DC/A08F:	FF21DEBD	sbc $BDDE21,X
DC/A093:	FF3DFFBF	sbc $BFFF3D,X
DC/A097:	FFEDBFE9	sbc $E9BFED,X
DC/A09B:	FF69FF50	sbc $50FF69,X
DC/A09F:	FF2066EF	sbc $EF6620,X
DC/A0A3:	EF7FFFFF	sbc $FFFF7F
DC/A0A7:	FFFFFFFF	
DC/A0AB:	FF1FFF7F	sbc $7FFF1F,X
DC/A0AF:	FFA1DFFF	sbc $FFDFA1,X
DC/A0B3:	FF7FFF7F	sbc $7FFF7F,X
DC/A0B7:	FF7FFF7F	sbc $7FFF7F,X
DC/A0BB:	FF0FFF2B	sbc $2BFF0F,X
DC/A0BF:	FFF5FDF2	sbc $F2FDF5,X
DC/A0C3:	F0ED    	beq $A0B2
DC/A0C5:	E2D8    	sep #$D8
DC/A0C7:	C7F7    	cmp [$F7]
DC/A0C9:	C8      	iny 
DC/A0CA:	B6C9    	ldx $C9,Y
DC/A0CC:	2B      	pld 
DC/A0CD:	94D5    	sty $D5,X
DC/A0CF:	0CD2FF  	tsb $FFD2
DC/A0D2:	CFFF5FFF	cmp $FF5FFF
DC/A0D6:	3FFF38F8	and $F838FF,X
DC/A0DA:	3B      	 
DC/A0DB:	FB      	xce 
DC/A0DC:	76F6    	ror $F6,X
DC/A0DE:	3B      	 
DC/A0DF:	C09E    	cpy #$9E
DC/A0E1:	BF262F8C	lda $8C2F26,X
DC/A0E5:	0E9446  	asl $4694
DC/A0E8:	5B      	tcd 
DC/A0E9:	A393    	lda $93,S
DC/A0EB:	62B446  	per $E7A2
DC/A0EE:	DA      	phx 
DC/A0EF:	424E    	wdm $4E
DC/A0F1:	FFD2FFF0	sbc $F0FFD2,X
DC/A0F5:	FFF8FFFD	sbc $FDFFF8,X
DC/A0F9:	FE7D7E  	inc $7E7D,X
DC/A0FC:	F9FEBA  	sbc $BAFE,Y
DC/A0FF:	052C    	ora $2C
DC/A101:	EA      	nop 
DC/A102:	BDBD3F  	lda $3FBD,X
DC/A105:	BFFFFFAD	lda $ADFFFF,X
DC/A109:	BFDBFF73	lda $73FFDB,X
DC/A10D:	FFE3FF31	sbc $31FFE3,X
DC/A111:	DFBDFF3D	cmp $3DFFBD,X
DC/A115:	FFBFFFED	sbc $EDFFBF,X
DC/A119:	FFD1FF51	sbc $51FFD1,X
DC/A11D:	FF60FF25	sbc $25FF60,X
DC/A121:	6FEFEFFF	adc $FFEFEF
DC/A125:	FFFFFFFF	
DC/A129:	FFFFFF3F	sbc $3FFFFF,X
DC/A12D:	FF5BFFA1	sbc $A1FF5B,X
DC/A131:	DEFFFF  	dec $FFFF,X
DC/A134:	FFFF7FFF	sbc $FF7FFF,X
DC/A138:	7FFFBFFF	adc $FFBFFF,X
DC/A13C:	1FFF0BFF	ora $FF0BFF,X
DC/A140:	E5FD    	sbc $FD
DC/A142:	F2F0    	sbc ($F0)
DC/A144:	E5E2    	sbc $E2
DC/A146:	D8      	cld 
DC/A147:	C797    	cmp [$97]
DC/A149:	C8      	iny 
DC/A14A:	3788    	and [$88],Y
DC/A14C:	2B      	pld 
DC/A14D:	94D5    	sty $D5,X
DC/A14F:	00E2    	brk $E2
DC/A151:	FFCFFF9F	sbc $9FFFCF,X
DC/A155:	FF3FFF38	sbc $38FF3F,X
DC/A159:	F8      	sed 
DC/A15A:	7B      	tdc 
DC/A15B:	FB      	xce 
DC/A15C:	76F6    	ror $F6,X
DC/A15E:	3FC0BEBF	and $BFBEC0,X
DC/A162:	060F    	asl $0F
DC/A164:	AC0EA7  	ldy $A70E
DC/A167:	4753    	eor [$53]
DC/A169:	A393    	lda $93,S
DC/A16B:	62B446  	per $E822
DC/A16E:	AA      	tax 
DC/A16F:	224AFFF2	jsr $F2FF4A
DC/A173:	FFF0FFF9	sbc $F9FFF0,X
DC/A177:	FEFDFE  	inc $FEFD,X
DC/A17A:	7D7EF9  	adc $F97E,X
DC/A17D:	FEDA05  	inc $05DA,X
DC/A180:	246B    	bit $6B
DC/A182:	BDBD3D  	lda $3DBD,X
DC/A185:	BDFFFF  	lda $FFFF,X
DC/A188:	EDBFEB  	sbc $EBBF
DC/A18B:	FF5BFFF3	sbc $F3FF5B,X
DC/A18F:	FF30DFBD	sbc $BDDF30,X
DC/A193:	FF3FFFBF	sbc $BFFF3F,X
DC/A197:	FFEDBFE9	sbc $E9BFED,X
DC/A19B:	FF51FF50	sbc $50FF51,X
DC/A19F:	FF256FEF	sbc $EF6F25,X
DC/A1A3:	EFFFFFFF	sbc $FFFFFF
DC/A1A7:	FFFFFFFF	
DC/A1AB:	FF1FFFFB	sbc $FBFF1F,X
DC/A1AF:	FFA1DEFF	sbc $FFDEA1,X
DC/A1B3:	FF7FFF7F	sbc $7FFF7F,X
DC/A1B7:	FFFFFFBF	sbc $BFFFFF,X
DC/A1BB:	FF1FFF2B	sbc $2BFF1F,X
DC/A1BF:	FFE5FDF2	sbc $F2FDE5,X
DC/A1C3:	F0C5    	beq $A18A
DC/A1C5:	E2E8    	sep #$E8
DC/A1C7:	E7F7    	sbc [$F7]
DC/A1C9:	E8      	inx 
DC/A1CA:	97C8    	sta [$C8],Y
DC/A1CC:	2B      	pld 
DC/A1CD:	94D5    	sty $D5,X
DC/A1CF:	08      	 
DC/A1D0:	C2FF    	rep #$FF
DC/A1D2:	CFFF5FFF	cmp $FF5FFF
DC/A1D6:	9FFF1AFA	sta $FA1AFF,X
DC/A1DA:	39F976  	and $76F9,Y
DC/A1DD:	F63F    	inc $3F,X
DC/A1DF:	C0FEFF  	cpy #$FFFE
DC/A1E2:	2E2F06  	rol $062F
DC/A1E5:	06B7    	asl $B7
DC/A1E7:	470B    	eor [$0B]
DC/A1E9:	E3B3    	sbc $B3,S
DC/A1EB:	42B4    	wdm $B4
DC/A1ED:	46CA    	lsr $CA
DC/A1EF:	420A    	wdm $0A
DC/A1F1:	FFD2FFF8	sbc $F8FFD2,X
DC/A1F5:	FFF9FEFD	sbc $FDFEF9,X
DC/A1F9:	FE7D7E  	inc $7E7D,X
DC/A1FC:	F9FEBA  	sbc $BAFE,Y
DC/A1FF:	0500    	ora $00
DC/A201:	0000    	
DC/A203:	0001    	
DC/A205:	0208    	cop $08
DC/A207:	0505    	ora $05
DC/A209:	0755    	ora [$55]
DC/A20B:	3328    	and ($28,S),Y
DC/A20D:	18      	 
DC/A20E:	4A      	lsr A
DC/A20F:	18      	 
DC/A210:	0000    	
DC/A212:	0000    	
DC/A214:	0000    	
DC/A216:	0000    	
DC/A218:	0000    	
DC/A21A:	0000    	
DC/A21C:	0700    	ora [$00]
DC/A21E:	0700    	ora [$00]
DC/A220:	0000    	
DC/A222:	0000    	
DC/A224:	9000    	bcc $A226
DC/A226:	6480    	stz $80
DC/A228:	89F472  	bit #$72F4
DC/A22B:	79490B  	adc $0B49,Y
DC/A22E:	22020000	jsr $000002
DC/A232:	0000    	
DC/A234:	0000    	
DC/A236:	0000    	
DC/A238:	0000    	
DC/A23A:	8000    	bra $A23C
DC/A23C:	B400    	ldy $00,X
DC/A23E:	FD0000  	sbc $0000,X
DC/A241:	0000    	
DC/A243:	0011    	brk $11
DC/A245:	004C    	brk $4C
DC/A247:	11B3    	ora ($B3),Y
DC/A249:	554C    	eor $4C,X
DC/A24B:	EEA2A2  	inc $A2A2
DC/A24E:	08      	 
DC/A24F:	0400    	tsb $00
DC/A251:	0000    	
DC/A253:	0000    	
DC/A255:	0000    	
DC/A257:	0000    	
DC/A259:	0011    	brk $11
DC/A25B:	005D    	brk $5D
DC/A25D:	00FB    	brk $FB
DC/A25F:	0000    	
DC/A261:	0000    	
DC/A263:	0000    	
DC/A265:	00C0    	brk $C0
DC/A267:	0000    	
DC/A269:	C0D0C0  	cpy #$C0D0
DC/A26C:	28      	 
DC/A26D:	3050    	bmi $A2BF
DC/A26F:	60      	 
DC/A270:	0000    	
DC/A272:	0000    	
DC/A274:	0000    	
DC/A276:	0000    	
DC/A278:	0000    	
DC/A27A:	0000    	
DC/A27C:	C00080  	cpy #$8000
DC/A27F:	0000    	
DC/A281:	0000    	
DC/A283:	0001    	
DC/A285:	0208    	cop $08
DC/A287:	0707    	ora [$07]
DC/A289:	0555    	ora $55
DC/A28B:	3328    	and ($28,S),Y
DC/A28D:	18      	 
DC/A28E:	6B      	 
DC/A28F:	390000  	and $0000,Y
DC/A292:	0000    	
DC/A294:	0000    	
DC/A296:	0000    	
DC/A298:	0200    	cop $00
DC/A29A:	0000    	
DC/A29C:	0700    	ora [$00]
DC/A29E:	0600    	asl $00
DC/A2A0:	0000    	
DC/A2A2:	0000    	
DC/A2A4:	9001    	bcc $A2A7
DC/A2A6:	7490    	stz $90,X
DC/A2A8:	89F472  	bit #$72F4
DC/A2AB:	59490B  	eor $0B49,Y
DC/A2AE:	0202    	cop $02
DC/A2B0:	0000    	
DC/A2B2:	0000    	
DC/A2B4:	0000    	
DC/A2B6:	08      	 
DC/A2B7:	0000    	
DC/A2B9:	00A0    	brk $A0
DC/A2BB:	00B4    	brk $B4
DC/A2BD:	00DD    	brk $DD
DC/A2BF:	0000    	
DC/A2C1:	0000    	
DC/A2C3:	0031    	brk $31
DC/A2C5:	004E    	brk $4E
DC/A2C7:	11B3    	ora ($B3),Y
DC/A2C9:	55CC    	eor $CC,X
DC/A2CB:	6EA2A2  	ror $A2A2
DC/A2CE:	090400  	ora #$0004
DC/A2D1:	0000    	
DC/A2D3:	0000    	
DC/A2D5:	0080    	
DC/A2D7:	0008    	brk $08
DC/A2D9:	0091    	brk $91
DC/A2DB:	005D    	brk $5D
DC/A2DD:	00FA    	
DC/A2DF:	0000    	
DC/A2E1:	0000    	
DC/A2E3:	0000    	
DC/A2E5:	0040    	
DC/A2E7:	0080    	
DC/A2E9:	40      	 
DC/A2EA:	D0C0    	bne $A2AC
DC/A2EC:	3020    	bmi $A30E
DC/A2EE:	5060    	bvc $A350
DC/A2F0:	0000    	
DC/A2F2:	0000    	
DC/A2F4:	0000    	
DC/A2F6:	0000    	
DC/A2F8:	0000    	
DC/A2FA:	0000    	
DC/A2FC:	C00080  	cpy #$8000
DC/A2FF:	0000    	
DC/A301:	0000    	
DC/A303:	0001    	
DC/A305:	0208    	cop $08
DC/A307:	0505    	ora $05
DC/A309:	0755    	ora [$55]
DC/A30B:	3328    	and ($28,S),Y
DC/A30D:	18      	 
DC/A30E:	4A      	lsr A
DC/A30F:	18      	 
DC/A310:	0000    	
DC/A312:	0000    	
DC/A314:	0000    	
DC/A316:	0000    	
DC/A318:	0000    	
DC/A31A:	0000    	
DC/A31C:	0700    	ora [$00]
DC/A31E:	0700    	ora [$00]
DC/A320:	0000    	
DC/A322:	0000    	
DC/A324:	9000    	bcc $A326
DC/A326:	6480    	stz $80
DC/A328:	89F472  	bit #$72F4
DC/A32B:	79490B  	adc $0B49,Y
DC/A32E:	22020000	jsr $000002
DC/A332:	0000    	
DC/A334:	0000    	
DC/A336:	0000    	
DC/A338:	0000    	
DC/A33A:	8000    	bra $A33C
DC/A33C:	B400    	ldy $00,X
DC/A33E:	FD0000  	sbc $0000,X
DC/A341:	0000    	
DC/A343:	0011    	brk $11
DC/A345:	004C    	brk $4C
DC/A347:	11BB    	ora ($BB),Y
DC/A349:	5D4CEE  	eor $EE4C,X
DC/A34C:	A2A208  	ldx #$08A2
DC/A34F:	0400    	tsb $00
DC/A351:	0000    	
DC/A353:	0080    	
DC/A355:	0080    	
DC/A357:	0000    	
DC/A359:	0011    	brk $11
DC/A35B:	005D    	brk $5D
DC/A35D:	00FB    	brk $FB
DC/A35F:	0000    	
DC/A361:	0000    	
DC/A363:	0000    	
DC/A365:	00C0    	brk $C0
DC/A367:	0000    	
DC/A369:	C0D0C0  	cpy #$C0D0
DC/A36C:	202050  	jsr $5020
DC/A36F:	60      	 
DC/A370:	0000    	
DC/A372:	0000    	
DC/A374:	0000    	
DC/A376:	0000    	
DC/A378:	0000    	
DC/A37A:	08      	 
DC/A37B:	00D0    	brk $D0
DC/A37D:	0080    	
DC/A37F:	0000    	
DC/A381:	0000    	
DC/A383:	0001    	
DC/A385:	0208    	cop $08
DC/A387:	050D    	ora $0D
DC/A389:	0F551328	ora $281355
DC/A38D:	18      	 
DC/A38E:	4A      	lsr A
DC/A38F:	18      	 
DC/A390:	0000    	
DC/A392:	0000    	
DC/A394:	0000    	
DC/A396:	0000    	
DC/A398:	0000    	
DC/A39A:	0000    	
DC/A39C:	0700    	ora [$00]
DC/A39E:	0700    	ora [$00]
DC/A3A0:	0000    	
DC/A3A2:	0000    	
DC/A3A4:	9000    	bcc $A3A6
DC/A3A6:	6482    	stz $82
DC/A3A8:	89F472  	bit #$72F4
DC/A3AB:	79490B  	adc $0B49,Y
DC/A3AE:	22020000	jsr $000002
DC/A3B2:	0000    	
DC/A3B4:	0000    	
DC/A3B6:	0000    	
DC/A3B8:	0000    	
DC/A3BA:	8000    	bra $A3BC
DC/A3BC:	B400    	ldy $00,X
DC/A3BE:	FD0000  	sbc $0000,X
DC/A3C1:	0000    	
DC/A3C3:	0011    	brk $11
DC/A3C5:	004C    	brk $4C
DC/A3C7:	11B3    	ora ($B3),Y
DC/A3C9:	554C    	eor $4C,X
DC/A3CB:	6EA2A2  	ror $A2A2
DC/A3CE:	08      	 
DC/A3CF:	0400    	tsb $00
DC/A3D1:	0000    	
DC/A3D3:	0080    	
DC/A3D5:	0080    	
DC/A3D7:	0008    	brk $08
DC/A3D9:	0011    	brk $11
DC/A3DB:	005D    	brk $5D
DC/A3DD:	00FB    	brk $FB
DC/A3DF:	0000    	
DC/A3E1:	0000    	
DC/A3E3:	0000    	
DC/A3E5:	00C0    	brk $C0
DC/A3E7:	0020    	
DC/A3E9:	80F8    	bra $A3E3
DC/A3EB:	C02030  	cpy #$3020
DC/A3EE:	5060    	bvc $A450
DC/A3F0:	0000    	
DC/A3F2:	0000    	
DC/A3F4:	0000    	
DC/A3F6:	0000    	
DC/A3F8:	0000    	
DC/A3FA:	0000    	
DC/A3FC:	C00080  	cpy #$8000
DC/A3FF:	0025    	brk $25
DC/A401:	140A    	trb $0A
DC/A403:	060A    	asl $0A
DC/A405:	0628    	asl $28
DC/A407:	18      	 
DC/A408:	291A24  	and #$241A
DC/A40B:	0C5030  	tsb $3050
DC/A40E:	28      	 
DC/A40F:	18      	 
DC/A410:	0300    	ora $00,S
DC/A412:	0100    	ora ($00,X)
DC/A414:	0000    	
DC/A416:	0700    	ora [$00]
DC/A418:	0500    	ora $00
DC/A41A:	0300    	ora $00,S
DC/A41C:	0F000700	ora $000700
DC/A420:	8A      	 
DC/A421:	8005    	bra $A428
DC/A423:	002F    	brk $2F
DC/A425:	00BC    	brk $BC
DC/A427:	0379    	ora $79,S
DC/A429:	07D3    	ora [$D3]
DC/A42B:	2FCF3F67	and $673FCF
DC/A42F:	1F7F00F7	ora $F7007F,X
DC/A433:	00FF    	
DC/A435:	00FF    	
DC/A437:	00FF    	
DC/A439:	00FF    	
DC/A43B:	00FF    	
DC/A43D:	00FF    	
DC/A43F:	0048    	brk $48
DC/A441:	04AB    	tsb $AB
DC/A443:	00FC    	brk $FC
DC/A445:	009C    	brk $9C
DC/A447:	60      	 
DC/A448:	2B      	pld 
DC/A449:	D0A6    	bne $A3F1
DC/A44B:	F8      	sed 
DC/A44C:	E4FA    	cpx $FA
DC/A44E:	F3FC    	sbc ($FC,S),Y
DC/A450:	F300    	sbc ($00,S),Y
DC/A452:	FF00FF00	
DC/A456:	FF00FF00	
DC/A45A:	FF00FF00	
DC/A45E:	FF002830	sbc $302800,X
DC/A462:	0A      	asl A
DC/A463:	0C1418  	tsb $1814
DC/A466:	28      	 
DC/A467:	308A    	bmi $A3F3
DC/A469:	0C0A0C  	tsb $0C0A
DC/A46C:	54180A  	mvn $18,$0A
DC/A46F:	0CC000  	tsb $00C0
DC/A472:	F000    	beq $A474
DC/A474:	A000C0  	ldy #$C000
DC/A477:	00F0    	brk $F0
DC/A479:	00F0    	brk $F0
DC/A47B:	00E0    	
DC/A47D:	00F0    	brk $F0
DC/A47F:	0025    	brk $25
DC/A481:	541A06  	mvn $1A,$06
DC/A484:	0A      	asl A
DC/A485:	0628    	asl $28
DC/A487:	18      	 
DC/A488:	691A34  	adc #$341A
DC/A48B:	0C5030  	tsb $3050
DC/A48E:	28      	 
DC/A48F:	18      	 
DC/A490:	0300    	ora $00,S
DC/A492:	0100    	ora ($00,X)
DC/A494:	0000    	
DC/A496:	0700    	ora [$00]
DC/A498:	0500    	ora $00
DC/A49A:	1300    	ora ($00,S),Y
DC/A49C:	0F000700	ora $000700
DC/A4A0:	8A      	 
DC/A4A1:	8005    	bra $A4A8
DC/A4A3:	002F    	brk $2F
DC/A4A5:	00BC    	brk $BC
DC/A4A7:	0379    	ora $79,S
DC/A4A9:	07D3    	ora [$D3]
DC/A4AB:	2FCF3F67	and $673FCF
DC/A4AF:	177F    	ora [$7F],Y
DC/A4B1:	00F7    	
DC/A4B3:	00FF    	
DC/A4B5:	00DF    	brk $DF
DC/A4B7:	00FF    	
DC/A4B9:	00FF    	
DC/A4BB:	00FF    	
DC/A4BD:	00F7    	
DC/A4BF:	0048    	brk $48
DC/A4C1:	04AB    	tsb $AB
DC/A4C3:	00FC    	brk $FC
DC/A4C5:	009C    	brk $9C
DC/A4C7:	60      	 
DC/A4C8:	2B      	pld 
DC/A4C9:	D026    	bne $A4F1
DC/A4CB:	78      	sei 
DC/A4CC:	E4FA    	cpx $FA
DC/A4CE:	F3FC    	sbc ($FC,S),Y
DC/A4D0:	F300    	sbc ($00,S),Y
DC/A4D2:	FF00FF00	
DC/A4D6:	FF00FF00	
DC/A4DA:	FF00FF00	
DC/A4DE:	FF002830	sbc $302800,X
DC/A4E2:	48      	pha 
DC/A4E3:	0C1418  	tsb $1814
DC/A4E6:	28      	 
DC/A4E7:	328A    	and ($8A)
DC/A4E9:	0C4A0C  	tsb $0C4A
DC/A4EC:	54180A  	mvn $18,$0A
DC/A4EF:	0CC000  	tsb $00C0
DC/A4F2:	B200    	lda ($00)
DC/A4F4:	A000C4  	ldy #$C400
DC/A4F7:	00F0    	brk $F0
DC/A4F9:	00B0    	brk $B0
DC/A4FB:	00E0    	
DC/A4FD:	00F0    	brk $F0
DC/A4FF:	0025    	brk $25
DC/A501:	141A    	trb $1A
DC/A503:	067B    	asl $7B
DC/A505:	0728    	ora [$28]
DC/A507:	18      	 
DC/A508:	691A24  	adc #$241A
DC/A50B:	0C5130  	tsb $3051
DC/A50E:	08      	 
DC/A50F:	18      	 
DC/A510:	0300    	ora $00,S
DC/A512:	0100    	ora ($00,X)
DC/A514:	0000    	
DC/A516:	0700    	ora [$00]
DC/A518:	0500    	ora $00
DC/A51A:	0300    	ora $00,S
DC/A51C:	0E0007  	asl $0700
DC/A51F:	008A    	brk $8A
DC/A521:	8005    	bra $A528
DC/A523:	002F    	brk $2F
DC/A525:	00BC    	brk $BC
DC/A527:	0379    	ora $79,S
DC/A529:	07D3    	ora [$D3]
DC/A52B:	2FCF3F67	and $673FCF
DC/A52F:	1F7F00F7	ora $F7007F,X
DC/A533:	00FF    	
DC/A535:	00FF    	
DC/A537:	00FF    	
DC/A539:	00FF    	
DC/A53B:	00FF    	
DC/A53D:	00FF    	
DC/A53F:	0048    	brk $48
DC/A541:	04AB    	tsb $AB
DC/A543:	00FC    	brk $FC
DC/A545:	009C    	brk $9C
DC/A547:	60      	 
DC/A548:	2B      	pld 
DC/A549:	D0A6    	bne $A4F1
DC/A54B:	F8      	sed 
DC/A54C:	E4FA    	cpx $FA
DC/A54E:	F3FC    	sbc ($FC,S),Y
DC/A550:	F300    	sbc ($00,S),Y
DC/A552:	FF00FF00	
DC/A556:	FF00FF00	
DC/A55A:	FF00FF00	
DC/A55E:	FF002830	sbc $302800,X
DC/A562:	08      	 
DC/A563:	0C5418  	tsb $1854
DC/A566:	28      	 
DC/A567:	308A    	bmi $A4F3
DC/A569:	0C0A0C  	tsb $0C0A
DC/A56C:	54180A  	mvn $18,$0A
DC/A56F:	0CC400  	tsb $00C4
DC/A572:	F000    	beq $A574
DC/A574:	A000C2  	ldy #$C200
DC/A577:	00F0    	brk $F0
DC/A579:	00F0    	brk $F0
DC/A57B:	00E0    	
DC/A57D:	00F0    	brk $F0
DC/A57F:	00EF    	
DC/A581:	1C0A06  	trb $060A
DC/A584:	6B      	 
DC/A585:	0728    	ora [$28]
DC/A587:	18      	 
DC/A588:	691A26  	adc #$261A
DC/A58B:	0C5030  	tsb $3050
DC/A58E:	28      	 
DC/A58F:	18      	 
DC/A590:	0300    	ora $00,S
DC/A592:	0100    	ora ($00,X)
DC/A594:	0000    	
DC/A596:	0700    	ora [$00]
DC/A598:	0500    	ora $00
DC/A59A:	0100    	ora ($00,X)
DC/A59C:	0F000700	ora $000700
DC/A5A0:	8A      	 
DC/A5A1:	8005    	bra $A5A8
DC/A5A3:	000F    	brk $0F
DC/A5A5:	20BC03  	jsr $03BC
DC/A5A8:	7907D3  	adc $D307,Y
DC/A5AB:	2FCF3F67	and $673FCF
DC/A5AF:	1F7F00F7	ora $F7007F,X
DC/A5B3:	00DF    	brk $DF
DC/A5B5:	00FB    	brk $FB
DC/A5B7:	00FF    	
DC/A5B9:	00FF    	
DC/A5BB:	00FB    	brk $FB
DC/A5BD:	00FF    	
DC/A5BF:	0048    	brk $48
DC/A5C1:	04AB    	tsb $AB
DC/A5C3:	00FC    	brk $FC
DC/A5C5:	009E    	brk $9E
DC/A5C7:	60      	 
DC/A5C8:	2B      	pld 
DC/A5C9:	D0A6    	bne $A571
DC/A5CB:	78      	sei 
DC/A5CC:	E4FA    	cpx $FA
DC/A5CE:	F3FE    	sbc ($FE,S),Y
DC/A5D0:	B300    	lda ($00,S),Y
DC/A5D2:	FF00FF00	
DC/A5D6:	FD00FF  	sbc $FF00,X
DC/A5D9:	007F    	brk $7F
DC/A5DB:	00FF    	
DC/A5DD:	00FD    	brk $FD
DC/A5DF:	0028    	brk $28
DC/A5E1:	304A    	bmi $A62D
DC/A5E3:	0C9458  	tsb $5894
DC/A5E6:	28      	 
DC/A5E7:	30AA    	bmi $A593
DC/A5E9:	0C0408  	tsb $0804
DC/A5EC:	54180A  	mvn $18,$0A
DC/A5EF:	0CC400  	tsb $00C4
DC/A5F2:	3000    	bmi $A5F4
DC/A5F4:	2000C2  	jsr $C200
DC/A5F7:	00D0    	brk $D0
DC/A5F9:	00F0    	brk $F0
DC/A5FB:	00E0    	
DC/A5FD:	00F0    	brk $F0
DC/A5FF:	0051    	brk $51
DC/A601:	3053    	bmi $A656
DC/A603:	3028    	bmi $A62D
DC/A605:	18      	 
DC/A606:	2A      	rol A
DC/A607:	18      	 
DC/A608:	5130    	eor ($30),Y
DC/A60A:	48      	pha 
DC/A60B:	28      	 
DC/A60C:	A360    	lda $60,S
DC/A60E:	A0600F  	ldy #$0F60
DC/A611:	000F    	brk $0F
DC/A613:	0007    	brk $07
DC/A615:	0005    	brk $05
DC/A617:	000F    	brk $0F
DC/A619:	0007    	brk $07
DC/A61B:	001F    	brk $1F
DC/A61D:	001D    	brk $1D
DC/A61F:	000F    	brk $0F
DC/A621:	3F6F1F97	and $971F6F,X
DC/A625:	3FE21FAA	and $AA1FE2,X
DC/A629:	153C    	ora $3C,X
DC/A62B:	435B    	eor $5B,S
DC/A62D:	009B    	brk $9B
DC/A62F:	00FF    	
DC/A631:	00FF    	
DC/A633:	00FF    	
DC/A635:	00FF    	
DC/A637:	00FF    	
DC/A639:	00BF    	brk $BF
DC/A63B:	00FF    	
DC/A63D:	00FF    	
DC/A63F:	00EF    	
DC/A641:	F8      	sed 
DC/A642:	E1FE    	sbc ($FE,X)
DC/A644:	D3FC    	cmp ($FC,S),Y
DC/A646:	A7F8    	lda [$F8]
DC/A648:	02FC    	cop $FC
DC/A64A:	AE50F3  	ldx $F350
DC/A64D:	048C    	tsb $8C
DC/A64F:	00FF    	
DC/A651:	00FF    	
DC/A653:	00FF    	
DC/A655:	00FF    	
DC/A657:	00FF    	
DC/A659:	00FF    	
DC/A65B:	00FB    	brk $FB
DC/A65D:	00FF    	
DC/A65F:	0054    	brk $54
DC/A661:	18      	 
DC/A662:	1218    	ora ($18)
DC/A664:	C506    	cmp $06
DC/A666:	2A      	rol A
DC/A667:	0C8506  	tsb $0685
DC/A66A:	1418    	trb $18
DC/A66C:	0A      	asl A
DC/A66D:	0C2830  	tsb $3028
DC/A670:	E000E0  	cpx #$E000
DC/A673:	00F8    	brk $F8
DC/A675:	00D0    	brk $D0
DC/A677:	00F8    	brk $F8
DC/A679:	00E0    	
DC/A67B:	00F0    	brk $F0
DC/A67D:	00C0    	brk $C0
DC/A67F:	00B1    	brk $B1
DC/A681:	7053    	bvs $A6D6
DC/A683:	3028    	bmi $A6AD
DC/A685:	18      	 
DC/A686:	2A      	rol A
DC/A687:	18      	 
DC/A688:	5130    	eor ($30),Y
DC/A68A:	48      	pha 
DC/A68B:	28      	 
DC/A68C:	A160    	lda ($60,X)
DC/A68E:	A0600F  	ldy #$0F60
DC/A691:	000F    	brk $0F
DC/A693:	0007    	brk $07
DC/A695:	0005    	brk $05
DC/A697:	000F    	brk $0F
DC/A699:	0007    	brk $07
DC/A69B:	001F    	brk $1F
DC/A69D:	001D    	brk $1D
DC/A69F:	000F    	brk $0F
DC/A6A1:	3F6F1F97	and $971F6F,X
DC/A6A5:	3FE21FAA	and $AA1FE2,X
DC/A6A9:	153C    	ora $3C,X
DC/A6AB:	435B    	eor $5B,S
DC/A6AD:	009B    	brk $9B
DC/A6AF:	00FF    	
DC/A6B1:	00FF    	
DC/A6B3:	00FF    	
DC/A6B5:	00FF    	
DC/A6B7:	00FF    	
DC/A6B9:	00BF    	brk $BF
DC/A6BB:	00FF    	
DC/A6BD:	00FF    	
DC/A6BF:	00EF    	
DC/A6C1:	F8      	sed 
DC/A6C2:	E1FE    	sbc ($FE,X)
DC/A6C4:	D7F8    	cmp [$F8],Y
DC/A6C6:	A7F8    	lda [$F8]
DC/A6C8:	00FC    	brk $FC
DC/A6CA:	AE50F3  	ldx $F350
DC/A6CD:	048C    	tsb $8C
DC/A6CF:	00FF    	
DC/A6D1:	00FF    	
DC/A6D3:	00FB    	brk $FB
DC/A6D5:	00FF    	
DC/A6D7:	00FD    	brk $FD
DC/A6D9:	00FF    	
DC/A6DB:	00FB    	brk $FB
DC/A6DD:	007F    	brk $7F
DC/A6DF:	0054    	brk $54
DC/A6E1:	18      	 
DC/A6E2:	1218    	ora ($18)
DC/A6E4:	C506    	cmp $06
DC/A6E6:	2A      	rol A
DC/A6E7:	0C8506  	tsb $0685
DC/A6EA:	1418    	trb $18
DC/A6EC:	0A      	asl A
DC/A6ED:	0C2830  	tsb $3028
DC/A6F0:	E000E0  	cpx #$E000
DC/A6F3:	00F8    	brk $F8
DC/A6F5:	00D0    	brk $D0
DC/A6F7:	00F8    	brk $F8
DC/A6F9:	00E0    	
DC/A6FB:	00F0    	brk $F0
DC/A6FD:	00C0    	brk $C0
DC/A6FF:	0043    	brk $43
DC/A701:	205330  	jsr $3053
DC/A704:	28      	 
DC/A705:	18      	 
DC/A706:	AA      	tax 
DC/A707:	18      	 
DC/A708:	5130    	eor ($30),Y
DC/A70A:	28      	 
DC/A70B:	18      	 
DC/A70C:	A160    	lda ($60,X)
DC/A70E:	8060    	bra $A770
DC/A710:	1D000F  	ora $0F00,X
DC/A713:	0007    	brk $07
DC/A715:	0005    	brk $05
DC/A717:	000F    	brk $0F
DC/A719:	0007    	brk $07
DC/A71B:	001F    	brk $1F
DC/A71D:	001D    	brk $1D
DC/A71F:	000F    	brk $0F
DC/A721:	3F6F9F97	and $979F6F,X
DC/A725:	3FE21FAA	and $AA1FE2,X
DC/A729:	153C    	ora $3C,X
DC/A72B:	435B    	eor $5B,S
DC/A72D:	009B    	brk $9B
DC/A72F:	00FF    	
DC/A731:	007F    	brk $7F
DC/A733:	00FF    	
DC/A735:	00FF    	
DC/A737:	00FF    	
DC/A739:	00BF    	brk $BF
DC/A73B:	00EF    	
DC/A73D:	00FF    	
DC/A73F:	00EF    	
DC/A741:	F8      	sed 
DC/A742:	E1FE    	sbc ($FE,X)
DC/A744:	D3FC    	cmp ($FC,S),Y
DC/A746:	A7F8    	lda [$F8]
DC/A748:	00FC    	brk $FC
DC/A74A:	AE50F3  	ldx $F350
DC/A74D:	048C    	tsb $8C
DC/A74F:	00FF    	
DC/A751:	00FF    	
DC/A753:	00FF    	
DC/A755:	00FF    	
DC/A757:	00FD    	brk $FD
DC/A759:	00FF    	
DC/A75B:	00FB    	brk $FB
DC/A75D:	00FF    	
DC/A75F:	00D4    	brk $D4
DC/A761:	98      	tya 
DC/A762:	1618    	asl $18,X
DC/A764:	C506    	cmp $06
DC/A766:	AA      	tax 
DC/A767:	0C8506  	tsb $0685
DC/A76A:	1418    	trb $18
DC/A76C:	0408    	tsb $08
DC/A76E:	28      	 
DC/A76F:	3060    	bmi $A7D1
DC/A771:	00E0    	
DC/A773:	00F8    	brk $F8
DC/A775:	0050    	brk $50
DC/A777:	00F8    	brk $F8
DC/A779:	00E0    	
DC/A77B:	00F0    	brk $F0
DC/A77D:	00C0    	brk $C0
DC/A77F:	0051    	brk $51
DC/A781:	30D3    	bmi $A756
DC/A783:	1028    	bpl $A7AD
DC/A785:	18      	 
DC/A786:	2A      	rol A
DC/A787:	18      	 
DC/A788:	5130    	eor ($30),Y
DC/A78A:	28      	 
DC/A78B:	18      	 
DC/A78C:	A360    	lda $60,S
DC/A78E:	A0620F  	ldy #$0F62
DC/A791:	000E    	brk $0E
DC/A793:	0007    	brk $07
DC/A795:	0005    	brk $05
DC/A797:	000F    	brk $0F
DC/A799:	0007    	brk $07
DC/A79B:	001F    	brk $1F
DC/A79D:	001D    	brk $1D
DC/A79F:	000F    	brk $0F
DC/A7A1:	3F6F1F97	and $971F6F,X
DC/A7A5:	3FE21FAA	and $AA1FE2,X
DC/A7A9:	153C    	ora $3C,X
DC/A7AB:	435B    	eor $5B,S
DC/A7AD:	009B    	brk $9B
DC/A7AF:	00FF    	
DC/A7B1:	00FF    	
DC/A7B3:	00FF    	
DC/A7B5:	00FF    	
DC/A7B7:	00FF    	
DC/A7B9:	00BF    	brk $BF
DC/A7BB:	00FF    	
DC/A7BD:	00FF    	
DC/A7BF:	00EF    	
DC/A7C1:	F8      	sed 
DC/A7C2:	E1BE    	sbc ($BE,X)
DC/A7C4:	D3FC    	cmp ($FC,S),Y
DC/A7C6:	A7F8    	lda [$F8]
DC/A7C8:	02FC    	cop $FC
DC/A7CA:	AE50F3  	ldx $F350
DC/A7CD:	048C    	tsb $8C
DC/A7CF:	00FF    	
DC/A7D1:	00BF    	brk $BF
DC/A7D3:	00FF    	
DC/A7D5:	00FF    	
DC/A7D7:	00FF    	
DC/A7D9:	00FF    	
DC/A7DB:	00FB    	brk $FB
DC/A7DD:	00FF    	
DC/A7DF:	0054    	brk $54
DC/A7E1:	18      	 
DC/A7E2:	521C    	eor ($1C)
DC/A7E4:	C506    	cmp $06
DC/A7E6:	2A      	rol A
DC/A7E7:	0C0586  	tsb $8605
DC/A7EA:	1418    	trb $18
DC/A7EC:	58      	cli 
DC/A7ED:	1024    	bpl $A813
DC/A7EF:	38      	sec 
DC/A7F0:	E000A0  	cpx #$A000
DC/A7F3:	00F8    	brk $F8
DC/A7F5:	00D4    	brk $D4
DC/A7F7:	00F8    	brk $F8
DC/A7F9:	00E0    	
DC/A7FB:	00A0    	brk $A0
DC/A7FD:	00C0    	brk $C0
DC/A7FF:	0051    	brk $51
DC/A801:	3028    	bmi $A82B
DC/A803:	195434  	ora $3454,Y
DC/A806:	28      	 
DC/A807:	1C4F2B  	trb $2B4F
DC/A80A:	08      	 
DC/A80B:	1B      	tcs 
DC/A80C:	1300    	ora ($00,S),Y
DC/A80E:	0000    	
DC/A810:	0F000600	ora $000600
DC/A814:	0B      	phd 
DC/A815:	0003    	
DC/A817:	0000    	
DC/A819:	0000    	
DC/A81B:	0000    	
DC/A81D:	0000    	
DC/A81F:	0020    	
DC/A821:	001C    	brk $1C
DC/A823:	0010    	
DC/A825:	18      	 
DC/A826:	8080    	bra $A7A8
DC/A828:	75F5    	adc $F5,X
DC/A82A:	8A      	 
DC/A82B:	7F650A1A	adc $1A0A65,X
DC/A82F:	00FF    	
DC/A831:	00B7    	brk $B7
DC/A833:	00E7    	brk $E7
DC/A835:	007F    	brk $7F
DC/A837:	000A    	brk $0A
DC/A839:	0000    	
DC/A83B:	0000    	
DC/A83D:	0000    	
DC/A83F:	0090    	brk $90
DC/A841:	0400    	tsb $00
DC/A843:	0041    	brk $41
DC/A845:	51BC    	eor ($BC),Y
DC/A847:	FD43AE  	sbc $AE43,X
DC/A84A:	AC1212  	ldy $1212
DC/A84D:	0000    	
DC/A84F:	00FB    	brk $FB
DC/A851:	00FF    	
DC/A853:	00AE    	brk $AE
DC/A855:	0002    	
DC/A857:	0000    	
DC/A859:	0000    	
DC/A85B:	0000    	
DC/A85D:	0000    	
DC/A85F:	008A    	brk $8A
DC/A861:	0CA830  	tsb $30A8
DC/A864:	5458AA  	mvn $58,$AA
DC/A867:	EC58B8  	cpx $B858
DC/A86A:	B418    	ldy $18,X
DC/A86C:	08      	 
DC/A86D:	1010    	bpl $A87F
DC/A86F:	00F0    	brk $F0
DC/A871:	0080    	
DC/A873:	00A0    	brk $A0
DC/A875:	0010    	
DC/A877:	0000    	
DC/A879:	0000    	
DC/A87B:	0000    	
DC/A87D:	0000    	
DC/A87F:	0051    	brk $51
DC/A881:	3028    	bmi $A8AB
DC/A883:	195434  	ora $3454,Y
DC/A886:	28      	 
DC/A887:	1C4F2B  	trb $2B4F
DC/A88A:	08      	 
DC/A88B:	1F1B0000	ora $00001B,X
DC/A88F:	000F    	brk $0F
DC/A891:	0006    	brk $06
DC/A893:	000B    	brk $0B
DC/A895:	0003    	
DC/A897:	0000    	
DC/A899:	0000    	
DC/A89B:	0000    	
DC/A89D:	0000    	
DC/A89F:	0022    	brk $22
DC/A8A1:	001C    	brk $1C
DC/A8A3:	0010    	
DC/A8A5:	18      	 
DC/A8A6:	8080    	bra $A828
DC/A8A8:	71F5    	adc ($F5),Y
DC/A8AA:	CE3B21  	dec $213B
DC/A8AD:	0A      	asl A
DC/A8AE:	1A      	inc A
DC/A8AF:	00FF    	
DC/A8B1:	00B5    	brk $B5
DC/A8B3:	00E7    	brk $E7
DC/A8B5:	007F    	brk $7F
DC/A8B7:	000A    	brk $0A
DC/A8B9:	0000    	
DC/A8BB:	0000    	
DC/A8BD:	0000    	
DC/A8BF:	0090    	brk $90
DC/A8C1:	0400    	tsb $00
DC/A8C3:	0041    	brk $41
DC/A8C5:	51BC    	eor ($BC),Y
DC/A8C7:	FD43AE  	sbc $AE43,X
DC/A8CA:	AD1212  	lda $1212
DC/A8CD:	0000    	
DC/A8CF:	00FB    	brk $FB
DC/A8D1:	00FF    	
DC/A8D3:	00AE    	brk $AE
DC/A8D5:	0002    	
DC/A8D7:	0010    	
DC/A8D9:	0000    	
DC/A8DB:	0000    	
DC/A8DD:	0000    	
DC/A8DF:	008A    	brk $8A
DC/A8E1:	0CA830  	tsb $30A8
DC/A8E4:	5458AA  	mvn $58,$AA
DC/A8E7:	EC58BC  	cpx $BC58
DC/A8EA:	B418    	ldy $18,X
DC/A8EC:	0010    	
DC/A8EE:	0000    	
DC/A8F0:	F000    	beq $A8F2
DC/A8F2:	8000    	bra $A8F4
DC/A8F4:	A00010  	ldy #$1000
DC/A8F7:	0000    	
DC/A8F9:	0000    	
DC/A8FB:	0000    	
DC/A8FD:	0000    	
DC/A8FF:	0051    	brk $51
DC/A901:	3028    	bmi $A92B
DC/A903:	195434  	ora $3454,Y
DC/A906:	28      	 
DC/A907:	1C4F2B  	trb $2B4F
DC/A90A:	28      	 
DC/A90B:	1B      	tcs 
DC/A90C:	1700    	ora [$00],Y
DC/A90E:	0100    	ora ($00,X)
DC/A910:	0F000600	ora $000600
DC/A914:	0B      	phd 
DC/A915:	0003    	
DC/A917:	0010    	
DC/A919:	0000    	
DC/A91B:	0000    	
DC/A91D:	0000    	
DC/A91F:	0022    	brk $22
DC/A921:	005C    	brk $5C
DC/A923:	0010    	
DC/A925:	18      	 
DC/A926:	8080    	bra $A8A8
DC/A928:	75F5    	adc $F5,X
DC/A92A:	8A      	 
DC/A92B:	7FE50A5A	adc $5A0AE5,X
DC/A92F:	00FF    	
DC/A931:	00B5    	brk $B5
DC/A933:	00E7    	brk $E7
DC/A935:	007F    	brk $7F
DC/A937:	000A    	brk $0A
DC/A939:	0000    	
DC/A93B:	0000    	
DC/A93D:	0000    	
DC/A93F:	0090    	brk $90
DC/A941:	0400    	tsb $00
DC/A943:	0041    	brk $41
DC/A945:	51BC    	eor ($BC),Y
DC/A947:	FD43AE  	sbc $AE43,X
DC/A94A:	AD12B3  	lda $B312
DC/A94D:	00A0    	brk $A0
DC/A94F:	00FB    	brk $FB
DC/A951:	00FF    	
DC/A953:	00AE    	brk $AE
DC/A955:	0000    	
DC/A957:	0010    	
DC/A959:	0000    	
DC/A95B:	0000    	
DC/A95D:	0000    	
DC/A95F:	008A    	brk $8A
DC/A961:	0CE830  	tsb $30E8
DC/A964:	5458AA  	mvn $58,$AA
DC/A967:	EC50B4  	cpx $B450
DC/A96A:	B618    	ldx $18,Y
DC/A96C:	1418    	trb $18
DC/A96E:	0000    	
DC/A970:	F000    	beq $A972
DC/A972:	8000    	bra $A974
DC/A974:	A00000  	ldy #$0000
DC/A977:	0000    	
DC/A979:	0000    	
DC/A97B:	0000    	
DC/A97D:	0000    	
DC/A97F:	0051    	brk $51
DC/A981:	302C    	bmi $A9AF
DC/A983:	195434  	ora $3454,Y
DC/A986:	68      	pla 
DC/A987:	1C4F2B  	trb $2B4F
DC/A98A:	28      	 
DC/A98B:	1B      	tcs 
DC/A98C:	1300    	ora ($00,S),Y
DC/A98E:	0200    	cop $00
DC/A990:	0F000200	ora $000200
DC/A994:	0B      	phd 
DC/A995:	0003    	
DC/A997:	0010    	
DC/A999:	0000    	
DC/A99B:	0000    	
DC/A99D:	0000    	
DC/A99F:	0020    	
DC/A9A1:	005D    	brk $5D
DC/A9A3:	0010    	
DC/A9A5:	18      	 
DC/A9A6:	8080    	bra $A928
DC/A9A8:	75F5    	adc $F5,X
DC/A9AA:	8A      	 
DC/A9AB:	7F650A1B	adc $1B0A65,X
DC/A9AF:	00FF    	
DC/A9B1:	00B6    	brk $B6
DC/A9B3:	00E7    	brk $E7
DC/A9B5:	007F    	brk $7F
DC/A9B7:	000A    	brk $0A
DC/A9B9:	0000    	
DC/A9BB:	0000    	
DC/A9BD:	0000    	
DC/A9BF:	0090    	brk $90
DC/A9C1:	0400    	tsb $00
DC/A9C3:	0045    	brk $45
DC/A9C5:	55BC    	eor $BC,X
DC/A9C7:	FD43AE  	sbc $AE43,X
DC/A9CA:	C43A    	cpy $3A
DC/A9CC:	3E0062  	rol $6200,X
DC/A9CF:	00FB    	brk $FB
DC/A9D1:	00FF    	
DC/A9D3:	00AA    	brk $AA
DC/A9D5:	0002    	
DC/A9D7:	0000    	
DC/A9D9:	0000    	
DC/A9DB:	0000    	
DC/A9DD:	0000    	
DC/A9DF:	008A    	brk $8A
DC/A9E1:	2CE830  	bit $30E8
DC/A9E4:	5458AA  	mvn $58,$AA
DC/A9E7:	EC5ABC  	cpx $BC5A
DC/A9EA:	34D8    	bit $D8,X
DC/A9EC:	8410    	sty $10
DC/A9EE:	0000    	
DC/A9F0:	D000    	bne $A9F2
DC/A9F2:	8000    	bra $A9F4
DC/A9F4:	A00000  	ldy #$0000
DC/A9F7:	0000    	
DC/A9F9:	0000    	
DC/A9FB:	0000    	
DC/A9FD:	0000    	
DC/A9FF:	00E7    	brk $E7
DC/AA01:	7429    	stz $29,X
DC/AA03:	7EC6E9  	ror $E9C6,X
DC/AA06:	67D9    	adc [$D9]
DC/AA08:	C8      	iny 
DC/AA09:	57B9    	eor [$B9],Y
DC/AA0B:	4B      	phk 
DC/AA0C:	8253B9  	brl $6362
DC/AA0F:	439E    	eor $9E,S
DC/AA11:	04C7    	tsb $C7
DC/AA13:	0030    	brk $30
DC/AA15:	003E    	
DC/AA17:	003F    	
DC/AA19:	023E    	cop $3E
DC/AA1B:	0A      	asl A
DC/AA1C:	3F033F03	and $033F03,X
DC/AA20:	67AE    	adc [$AE]
DC/AA22:	9C7E13  	stz $137E
DC/AA25:	F7E6    	sbc [$E6],Y
DC/AA27:	9B      	txy 
DC/AA28:	17EA    	ora [$EA],Y
DC/AA2A:	9D82C5  	sta $C582,X
DC/AA2D:	CA      	dex 
DC/AA2E:	DDC259  	cmp $59C2,X
DC/AA31:	00E3    	brk $E3
DC/AA33:	000C    	brk $0C
DC/AA35:	007C    	brk $7C
DC/AA37:	00FC    	brk $FC
DC/AA39:	007C    	brk $7C
DC/AA3B:	003C    	brk $3C
DC/AA3D:	003C    	brk $3C
DC/AA3F:	00A1    	brk $A1
DC/AA41:	4382    	eor $82,S
DC/AA43:	43AE    	eor $AE,S
DC/AA45:	4FB243A5	eor $A543B2
DC/AA49:	46B5    	lsr $B5
DC/AA4B:	47B2    	eor [$B2]
DC/AA4D:	47B9    	eor [$B9]
DC/AA4F:	433F    	eor $3F,S
DC/AA51:	033F    	ora $3F,S
DC/AA53:	0333    	ora $33,S
DC/AA55:	033D    	ora $3D,S
DC/AA57:	0339    	ora $39,S
DC/AA59:	0638    	asl $38
DC/AA5B:	073D    	ora [$3D]
DC/AA5D:	033E    	ora $3E,S
DC/AA5F:	018D    	ora ($8D,X)
DC/AA61:	82DDC2  	brl $6D41
DC/AA64:	DDC24D  	cmp $4DC2,X
DC/AA67:	C2AD    	rep #$AD
DC/AA69:	62EDE2  	per $8D59
DC/AA6C:	4DE28D  	eor $8DE2
DC/AA6F:	C2FC    	rep #$FC
DC/AA71:	80BC    	bra $AA2F
DC/AA73:	80BC    	bra $AA31
DC/AA75:	80BC    	bra $AA33
DC/AA77:	40      	 
DC/AA78:	9C601C  	stz $1C60
DC/AA7B:	E03CC0  	cpx #$C03C
DC/AA7E:	7C80E6  	jmp ($E680,X)
DC/AA81:	7539    	adc $39,X
DC/AA83:	7EC8EF  	ror $EFC8,X
DC/AA86:	67D9    	adc [$D9]
DC/AA88:	E8      	inx 
DC/AA89:	57B9    	eor [$B9],Y
DC/AA8B:	41A2    	eor ($A2,X)
DC/AA8D:	53BB    	eor ($BB,S),Y
DC/AA8F:	439A    	eor $9A,S
DC/AA91:	00C7    	brk $C7
DC/AA93:	0030    	brk $30
DC/AA95:	003E    	
DC/AA97:	003F    	
DC/AA99:	003E    	
DC/AA9B:	003D    	brk $3D
DC/AA9D:	013D    	ora ($3D,X)
DC/AA9F:	0167    	ora ($67,X)
DC/AAA1:	AE9C7E  	ldx $7E9C
DC/AAA4:	D377    	cmp ($77,S),Y
DC/AAA6:	E69B    	inc $9B
DC/AAA8:	17EA    	ora [$EA],Y
DC/AAAA:	9D82C5  	sta $C582,X
DC/AAAD:	CA      	dex 
DC/AAAE:	DDC259  	cmp $59C2,X
DC/AAB1:	00E3    	brk $E3
DC/AAB3:	004C    	brk $4C
DC/AAB5:	40      	 
DC/AAB6:	7C00FC  	jmp ($FC00,X)
DC/AAB9:	007C    	brk $7C
DC/AABB:	003C    	brk $3C
DC/AABD:	00BC    	brk $BC
DC/AABF:	80B1    	bra $AA72
DC/AAC1:	41B1    	eor ($B1,X)
DC/AAC3:	41BD    	eor ($BD,X)
DC/AAC5:	41BB    	eor ($BB,X)
DC/AAC7:	43B5    	eor $B5,S
DC/AAC9:	46B5    	lsr $B5
DC/AACB:	47B2    	eor [$B2]
DC/AACD:	47B1    	eor [$B1]
DC/AACF:	433F    	eor $3F,S
DC/AAD1:	013F    	ora ($3F,X)
DC/AAD3:	013F    	ora ($3F,X)
DC/AAD5:	013D    	ora ($3D,X)
DC/AAD7:	0339    	ora $39,S
DC/AAD9:	0638    	asl $38
DC/AADB:	073C    	ora [$3C]
DC/AADD:	033E    	ora $3E,S
DC/AADF:	018D    	ora ($8D,X)
DC/AAE1:	824DC2  	brl $6D31
DC/AAE4:	4DC24D  	eor $4DC2
DC/AAE7:	C2ED    	rep #$ED
DC/AAE9:	22EDE24D	jsr $4DE2ED
DC/AAED:	E28D    	sep #$8D
DC/AAEF:	C2FC    	rep #$FC
DC/AAF1:	80FC    	bra $AAEF
DC/AAF3:	C0FCC0  	cpy #$C0FC
DC/AAF6:	BC409C  	ldy $9C40,X
DC/AAF9:	60      	 
DC/AAFA:	1CE03C  	trb $3CE0
DC/AAFD:	C07C80  	cpy #$807C
DC/AB00:	E675    	inc $75
DC/AB02:	397EC8  	and $C87E,Y
DC/AB05:	EF67D9E8	sbc $E8D967
DC/AB09:	57B9    	eor [$B9],Y
DC/AB0B:	41A3    	eor ($A3,X)
DC/AB0D:	53BB    	eor ($BB,S),Y
DC/AB0F:	439A    	eor $9A,S
DC/AB11:	00C7    	brk $C7
DC/AB13:	0030    	brk $30
DC/AB15:	003E    	
DC/AB17:	003F    	
DC/AB19:	003E    	
DC/AB1B:	003C    	brk $3C
DC/AB1D:	003C    	brk $3C
DC/AB1F:	00E7    	brk $E7
DC/AB21:	2E947E  	rol $7E94
DC/AB24:	53B7    	eor ($B7,S),Y
DC/AB26:	E69B    	inc $9B
DC/AB28:	17EA    	ora [$EA],Y
DC/AB2A:	1D8205  	ora $0582,X
DC/AB2D:	CA      	dex 
DC/AB2E:	9DC259  	sta $59C2,X
DC/AB31:	00F3    	brk $F3
DC/AB33:	100C    	bpl $AB41
DC/AB35:	007C    	brk $7C
DC/AB37:	00FC    	brk $FC
DC/AB39:	00FC    	brk $FC
DC/AB3B:	80FC    	bra $AB39
DC/AB3D:	C0FCC0  	cpy #$C0FC
DC/AB40:	B141    	lda ($41),Y
DC/AB42:	B343    	lda ($43,S),Y
DC/AB44:	BB      	tyx 
DC/AB45:	43B2    	eor $B2,S
DC/AB47:	43B5    	eor $B5,S
DC/AB49:	46B5    	lsr $B5
DC/AB4B:	47B2    	eor [$B2]
DC/AB4D:	47B1    	eor [$B1]
DC/AB4F:	433F    	eor $3F,S
DC/AB51:	013D    	ora ($3D,X)
DC/AB53:	013D    	ora ($3D,X)
DC/AB55:	013D    	ora ($3D,X)
DC/AB57:	0239    	cop $39
DC/AB59:	0638    	asl $38
DC/AB5B:	073C    	ora [$3C]
DC/AB5D:	033E    	ora $3E,S
DC/AB5F:	0185    	ora ($85,X)
DC/AB61:	C24D    	rep #$4D
DC/AB63:	C24D    	rep #$4D
DC/AB65:	C28D    	rep #$8D
DC/AB67:	C2ED    	rep #$ED
DC/AB69:	22EDE24D	jsr $4DE2ED
DC/AB6D:	E28D    	sep #$8D
DC/AB6F:	C2FC    	rep #$FC
DC/AB71:	C0FCC0  	cpy #$C0FC
DC/AB74:	FCC0FC  	jsr ($FCC0,X)
DC/AB77:	809C    	bra $AB15
DC/AB79:	60      	 
DC/AB7A:	1CE0BC  	trb $BCE0
DC/AB7D:	C07C80  	cpy #$807C
DC/AB80:	E775    	sbc [$75]
DC/AB82:	397EC1  	and $C17E,Y
DC/AB85:	EE67D9  	inc $D967
DC/AB88:	E8      	inx 
DC/AB89:	57B9    	eor [$B9],Y
DC/AB8B:	43A0    	eor $A0,S
DC/AB8D:	57B9    	eor [$B9],Y
DC/AB8F:	479B    	eor [$9B]
DC/AB91:	01C7    	ora ($C7,X)
DC/AB93:	0030    	brk $30
DC/AB95:	003E    	
DC/AB97:	003F    	
DC/AB99:	003E    	
DC/AB9B:	023F    	cop $3F
DC/AB9D:	073F    	ora [$3F]
DC/AB9F:	0767    	ora [$67]
DC/ABA1:	AE9C7E  	ldx $7E9C
DC/ABA4:	13F7    	ora ($F7,S),Y
DC/ABA6:	E69B    	inc $9B
DC/ABA8:	17EA    	ora [$EA],Y
DC/ABAA:	9D82C5  	sta $C582,X
DC/ABAD:	CA      	dex 
DC/ABAE:	DDC259  	cmp $59C2,X
DC/ABB1:	00E3    	brk $E3
DC/ABB3:	000C    	brk $0C
DC/ABB5:	007C    	brk $7C
DC/ABB7:	00FC    	brk $FC
DC/ABB9:	007C    	brk $7C
DC/ABBB:	003C    	brk $3C
DC/ABBD:	003C    	brk $3C
DC/ABBF:	00B1    	brk $B1
DC/ABC1:	43A2    	eor $A2,S
DC/ABC3:	43BA    	eor $BA,S
DC/ABC5:	4B      	phk 
DC/ABC6:	B343    	lda ($43,S),Y
DC/ABC8:	B546    	lda $46,X
DC/ABCA:	B547    	lda $47,X
DC/ABCC:	B247    	lda ($47)
DC/ABCE:	B143    	lda ($43),Y
DC/ABD0:	3F033F03	and $033F03,X
DC/ABD4:	3703    	and [$03],Y
DC/ABD6:	3D0339  	and $3903,X
DC/ABD9:	0638    	asl $38
DC/ABDB:	073D    	ora [$3D]
DC/ABDD:	033E    	ora $3E,S
DC/ABDF:	0185    	ora ($85,X)
DC/ABE1:	82CDC2  	brl $6EB1
DC/ABE4:	DDC24D  	cmp $4DC2,X
DC/ABE7:	C2AD    	rep #$AD
DC/ABE9:	62EDE2  	per $8ED9
DC/ABEC:	4DE28D  	eor $8DE2
DC/ABEF:	C2FC    	rep #$FC
DC/ABF1:	80BC    	bra $ABAF
DC/ABF3:	80BC    	bra $ABB1
DC/ABF5:	80BC    	bra $ABB3
DC/ABF7:	40      	 
DC/ABF8:	9C601C  	stz $1C60
DC/ABFB:	E03CC0  	cpx #$C03C
DC/ABFE:	7C8071  	jmp ($7180,X)
DC/AC01:	43ED    	eor $ED,S
DC/AC03:	139F    	ora ($9F,S),Y
DC/AC05:	410E    	eor ($0E,X)
DC/AC07:	714C    	adc ($4C),Y
DC/AC09:	2924DA  	and #$DA24
DC/AC0C:	09D768  	ora #$68D7
DC/AC0F:	DFBE017E	cmp $7E01BE,X
DC/AC13:	01BF    	ora ($BF,X)
DC/AC15:	00CF    	brk $CF
DC/AC17:	00F3    	brk $F3
DC/AC19:	007D    	brk $7D
DC/AC1B:	007F    	brk $7F
DC/AC1D:	0037    	brk $37
DC/AC1F:	009E    	brk $9E
DC/AC21:	C2B7    	rep #$B7
DC/AC23:	C8      	iny 
DC/AC24:	FB      	xce 
DC/AC25:	82F48E  	brl $3B1C
DC/AC28:	92B4    	sta ($B4)
DC/AC2A:	24DB    	bit $DB
DC/AC2C:	90EB    	bcc $AC19
DC/AC2E:	96FB    	stx $FB,Y
DC/AC30:	7D807E  	adc $7E80,X
DC/AC33:	80FD    	bra $AC32
DC/AC35:	00F3    	brk $F3
DC/AC37:	00CF    	brk $CF
DC/AC39:	00BE    	brk $BE
DC/AC3B:	00FE    	brk $FE
DC/AC3D:	00EC    	brk $EC
DC/AC3F:	00A6    	brk $A6
DC/AC41:	D5B8    	cmp $B8,X
DC/AC43:	5382    	eor ($82,S),Y
DC/AC45:	6D304F  	adc $4F30
DC/AC48:	AED5B9  	ldx $B9D5
DC/AC4B:	5283    	eor ($83)
DC/AC4D:	6D304F  	adc $4F30
DC/AC50:	7B      	tdc 
DC/AC51:	007F    	brk $7F
DC/AC53:	003F    	
DC/AC55:	00BB    	brk $BB
DC/AC57:	007A    	brk $7A
DC/AC59:	007F    	brk $7F
DC/AC5B:	003F    	
DC/AC5D:	00BB    	brk $BB
DC/AC5F:	00A5    	brk $A5
DC/AC61:	EB      	xba 
DC/AC62:	9DCA41  	sta $41CA,X
DC/AC65:	B60C    	ldx $0C,Y
DC/AC67:	F275    	sbc ($75)
DC/AC69:	2B      	pld 
DC/AC6A:	9D4AC1  	sta $C14A,X
DC/AC6D:	B60C    	ldx $0C,Y
DC/AC6F:	F2DE    	sbc ($DE)
DC/AC71:	00FE    	brk $FE
DC/AC73:	00FC    	brk $FC
DC/AC75:	00DD    	brk $DD
DC/AC77:	00DE    	brk $DE
DC/AC79:	00FE    	brk $FE
DC/AC7B:	00FC    	brk $FC
DC/AC7D:	00DD    	brk $DD
DC/AC7F:	0079    	brk $79
DC/AC81:	43E9    	eor $E9,S
DC/AC83:	13DF    	ora ($DF,S),Y
DC/AC85:	412E    	eor ($2E,X)
DC/AC87:	7148    	adc ($48),Y
DC/AC89:	2C24DB  	bit $DB24
DC/AC8C:	09D768  	ora #$68D7
DC/AC8F:	DFBE017E	cmp $7E01BE,X
DC/AC93:	01BF    	ora ($BF,X)
DC/AC95:	00CF    	brk $CF
DC/AC97:	00F3    	brk $F3
DC/AC99:	007D    	brk $7D
DC/AC9B:	007F    	brk $7F
DC/AC9D:	0037    	brk $37
DC/AC9F:	009E    	brk $9E
DC/ACA1:	C297    	rep #$97
DC/ACA3:	C8      	iny 
DC/ACA4:	FB      	xce 
DC/ACA5:	82748E  	brl $3B1C
DC/ACA8:	92B4    	sta ($B4)
DC/ACAA:	649B    	stz $9B
DC/ACAC:	90EB    	bcc $AC99
DC/ACAE:	96FB    	stx $FB,Y
DC/ACB0:	7D807E  	adc $7E80,X
DC/ACB3:	80FD    	bra $ACB2
DC/ACB5:	00F3    	brk $F3
DC/ACB7:	00CF    	brk $CF
DC/ACB9:	00BE    	brk $BE
DC/ACBB:	00FE    	brk $FE
DC/ACBD:	00EC    	brk $EC
DC/ACBF:	00A6    	brk $A6
DC/ACC1:	D5B9    	cmp $B9,X
DC/ACC3:	5283    	eor ($83)
DC/ACC5:	6D304F  	adc $4F30
DC/ACC8:	AED5B9  	ldx $B9D5
DC/ACCB:	5283    	eor ($83)
DC/ACCD:	6D304F  	adc $4F30
DC/ACD0:	7B      	tdc 
DC/ACD1:	007F    	brk $7F
DC/ACD3:	003F    	
DC/ACD5:	00BB    	brk $BB
DC/ACD7:	007A    	brk $7A
DC/ACD9:	007F    	brk $7F
DC/ACDB:	003F    	
DC/ACDD:	00BB    	brk $BB
DC/ACDF:	00A5    	brk $A5
DC/ACE1:	EB      	xba 
DC/ACE2:	1DCA41  	ora $41CA,X
DC/ACE5:	B60C    	ldx $0C,Y
DC/ACE7:	F275    	sbc ($75)
DC/ACE9:	AB      	plb 
DC/ACEA:	9D4AC1  	sta $C14A,X
DC/ACED:	B60C    	ldx $0C,Y
DC/ACEF:	F2DE    	sbc ($DE)
DC/ACF1:	00FE    	brk $FE
DC/ACF3:	00FC    	brk $FC
DC/ACF5:	00DD    	brk $DD
DC/ACF7:	005E    	brk $5E
DC/ACF9:	00FE    	brk $FE
DC/ACFB:	00FC    	brk $FC
DC/ACFD:	00DD    	brk $DD
DC/ACFF:	0079    	brk $79
DC/AD01:	43ED    	eor $ED,S
DC/AD03:	13DF    	ora ($DF,S),Y
DC/AD05:	412E    	eor ($2E,X)
DC/AD07:	7148    	adc ($48),Y
DC/AD09:	2D24DB  	and $DB24
DC/AD0C:	0A      	asl A
DC/AD0D:	D768    	cmp [$68],Y
DC/AD0F:	DFBE017E	cmp $7E01BE,X
DC/AD13:	01BF    	ora ($BF,X)
DC/AD15:	00CF    	brk $CF
DC/AD17:	00F3    	brk $F3
DC/AD19:	007D    	brk $7D
DC/AD1B:	007F    	brk $7F
DC/AD1D:	0037    	brk $37
DC/AD1F:	008E    	brk $8E
DC/AD21:	C2B7    	rep #$B7
DC/AD23:	C8      	iny 
DC/AD24:	FB      	xce 
DC/AD25:	82748E  	brl $3B9C
DC/AD28:	3294    	and ($94)
DC/AD2A:	A45B    	ldy $5B
DC/AD2C:	D0EB    	bne $AD19
DC/AD2E:	96FB    	stx $FB,Y
DC/AD30:	7D807E  	adc $7E80,X
DC/AD33:	80FD    	bra $AD32
DC/AD35:	00F3    	brk $F3
DC/AD37:	00CF    	brk $CF
DC/AD39:	00BE    	brk $BE
DC/AD3B:	00FE    	brk $FE
DC/AD3D:	00EC    	brk $EC
DC/AD3F:	00A4    	brk $A4
DC/AD41:	D7B8    	cmp [$B8],Y
DC/AD43:	5382    	eor ($82,S),Y
DC/AD45:	6D304F  	adc $4F30
DC/AD48:	AED5B9  	ldx $B9D5
DC/AD4B:	5283    	eor ($83)
DC/AD4D:	6D304F  	adc $4F30
DC/AD50:	7B      	tdc 
DC/AD51:	007F    	brk $7F
DC/AD53:	003F    	
DC/AD55:	00BB    	brk $BB
DC/AD57:	007A    	brk $7A
DC/AD59:	007F    	brk $7F
DC/AD5B:	003F    	
DC/AD5D:	00BB    	brk $BB
DC/AD5F:	00A5    	brk $A5
DC/AD61:	EB      	xba 
DC/AD62:	9DCA41  	sta $41CA,X
DC/AD65:	B60C    	ldx $0C,Y
DC/AD67:	F275    	sbc ($75)
DC/AD69:	AB      	plb 
DC/AD6A:	9D4AC1  	sta $C14A,X
DC/AD6D:	B60C    	ldx $0C,Y
DC/AD6F:	F2DE    	sbc ($DE)
DC/AD71:	00FE    	brk $FE
DC/AD73:	00FC    	brk $FC
DC/AD75:	00DD    	brk $DD
DC/AD77:	005E    	brk $5E
DC/AD79:	00FE    	brk $FE
DC/AD7B:	00FC    	brk $FC
DC/AD7D:	00DD    	brk $DD
DC/AD7F:	0071    	brk $71
DC/AD81:	43E9    	eor $E9,S
DC/AD83:	13DF    	ora ($DF,S),Y
DC/AD85:	410E    	eor ($0E,X)
DC/AD87:	7148    	adc ($48),Y
DC/AD89:	2D25DA  	and $DA25
DC/AD8C:	09D768  	ora #$68D7
DC/AD8F:	DFBE017E	cmp $7E01BE,X
DC/AD93:	01BF    	ora ($BF,X)
DC/AD95:	00CF    	brk $CF
DC/AD97:	00F3    	brk $F3
DC/AD99:	007D    	brk $7D
DC/AD9B:	007F    	brk $7F
DC/AD9D:	0037    	brk $37
DC/AD9F:	009E    	brk $9E
DC/ADA1:	C2B7    	rep #$B7
DC/ADA3:	C8      	iny 
DC/ADA4:	FB      	xce 
DC/ADA5:	82748E  	brl $3C1C
DC/ADA8:	92B4    	sta ($B4)
DC/ADAA:	24DB    	bit $DB
DC/ADAC:	90EB    	bcc $AD99
DC/ADAE:	96FB    	stx $FB,Y
DC/ADB0:	7D807E  	adc $7E80,X
DC/ADB3:	80FD    	bra $ADB2
DC/ADB5:	00F3    	brk $F3
DC/ADB7:	00CF    	brk $CF
DC/ADB9:	00BE    	brk $BE
DC/ADBB:	00FE    	brk $FE
DC/ADBD:	00EC    	brk $EC
DC/ADBF:	00A4    	brk $A4
DC/ADC1:	D7B8    	cmp [$B8],Y
DC/ADC3:	5382    	eor ($82,S),Y
DC/ADC5:	6D304F  	adc $4F30
DC/ADC8:	AED5B9  	ldx $B9D5
DC/ADCB:	5283    	eor ($83)
DC/ADCD:	6D304F  	adc $4F30
DC/ADD0:	7B      	tdc 
DC/ADD1:	007F    	brk $7F
DC/ADD3:	003F    	
DC/ADD5:	00BB    	brk $BB
DC/ADD7:	007A    	brk $7A
DC/ADD9:	007F    	brk $7F
DC/ADDB:	003F    	
DC/ADDD:	00BB    	brk $BB
DC/ADDF:	00A5    	brk $A5
DC/ADE1:	EB      	xba 
DC/ADE2:	9DCA41  	sta $41CA,X
DC/ADE5:	B60C    	ldx $0C,Y
DC/ADE7:	F275    	sbc ($75)
DC/ADE9:	2B      	pld 
DC/ADEA:	9D4AC1  	sta $C14A,X
DC/ADED:	B60C    	ldx $0C,Y
DC/ADEF:	F2DE    	sbc ($DE)
DC/ADF1:	00FE    	brk $FE
DC/ADF3:	00FC    	brk $FC
DC/ADF5:	00DD    	brk $DD
DC/ADF7:	00DE    	brk $DE
DC/ADF9:	00FE    	brk $FE
DC/ADFB:	00FC    	brk $FC
DC/ADFD:	00DD    	brk $DD
DC/ADFF:	0093    	brk $93
DC/AE01:	DB      	stp 
DC/AE02:	99D8DA  	sta $DAD8,Y
DC/AE05:	D99A9D  	cmp $9D9A,Y
DC/AE08:	B9FD9A  	lda $9AFD,Y
DC/AE0B:	BDDFFD  	lda $FDDF,X
DC/AE0E:	BA      	tsx 
DC/AE0F:	F9BD00  	sbc $00BD,Y
DC/AE12:	BF00BF01	lda $01BF00,X
DC/AE16:	FF01FF01	sbc $01FF01,X
DC/AE1A:	FB      	xce 
DC/AE1B:	01BB    	ora ($BB,X)
DC/AE1D:	00FF    	
DC/AE1F:	00C9    	brk $C9
DC/AE21:	DB      	stp 
DC/AE22:	991BDB  	sta $DB1B,Y
DC/AE25:	9B      	txy 
DC/AE26:	D9B91D  	cmp $1DB9,Y
DC/AE29:	BFD9BDFB	lda $FBBDD9,X
DC/AE2D:	BF5D9FBD	lda $BD9F5D,X
DC/AE31:	00FD    	brk $FD
DC/AE33:	00FD    	brk $FD
DC/AE35:	00FF    	
DC/AE37:	00FF    	
DC/AE39:	80DF    	bra $AE1A
DC/AE3B:	80DD    	bra $AE1A
DC/AE3D:	00FF    	
DC/AE3F:	00FB    	brk $FB
DC/AE41:	FCFC8F  	jsr ($8FFC,X)
DC/AE44:	FEFBFD  	inc $FDFB,X
DC/AE47:	E9EEE8  	sbc #$E8EE
DC/AE4A:	EE587F  	inc $7F58
DC/AE4D:	49E6C1  	eor #$C1E6
DC/AE50:	FF007F00	sbc $007F00,X
DC/AE54:	FF00FF04	sbc $04FF00,X
DC/AE58:	FF04FF06	sbc $06FF04,X
DC/AE5C:	FE067E  	inc $7E06,X
DC/AE5F:	06E6    	asl $E6
DC/AE61:	C17F    	cmp ($7F,X)
DC/AE63:	49EE58  	eor #$58EE
DC/AE66:	FEE8FD  	inc $FDE8,X
DC/AE69:	E9FEFB  	sbc #$FBFE
DC/AE6C:	FC8FFB  	jsr ($FB8F,X)
DC/AE6F:	FC7E06  	jsr ($067E,X)
DC/AE72:	FE06FF  	inc $FF06,X
DC/AE75:	06FF    	asl $FF
DC/AE77:	04FF    	tsb $FF
DC/AE79:	04FF    	tsb $FF
DC/AE7B:	007F    	brk $7F
DC/AE7D:	00FF    	
DC/AE7F:	0093    	brk $93
DC/AE81:	DB      	stp 
DC/AE82:	99D8DB  	sta $DBD8,Y
DC/AE85:	D99B9D  	cmp $9D9B,Y
DC/AE88:	B9FD9B  	lda $9BFD,Y
DC/AE8B:	BDDFFD  	lda $FDDF,X
DC/AE8E:	BA      	tsx 
DC/AE8F:	F9BD00  	sbc $00BD,Y
DC/AE92:	BF00BF00	lda $00BF00,X
DC/AE96:	FF00FF00	
DC/AE9A:	FB      	xce 
DC/AE9B:	00BB    	brk $BB
DC/AE9D:	00FF    	
DC/AE9F:	00C9    	brk $C9
DC/AEA1:	DB      	stp 
DC/AEA2:	991BDB  	sta $DB1B,Y
DC/AEA5:	9B      	txy 
DC/AEA6:	D9B91D  	cmp $1DB9,Y
DC/AEA9:	BFD9BDFB	lda $FBBDD9,X
DC/AEAD:	BF5D9FBD	lda $BD9F5D,X
DC/AEB1:	00FD    	brk $FD
DC/AEB3:	00FD    	brk $FD
DC/AEB5:	00FF    	
DC/AEB7:	00FF    	
DC/AEB9:	80DF    	bra $AE9A
DC/AEBB:	80DD    	bra $AE9A
DC/AEBD:	00FF    	
DC/AEBF:	00FB    	brk $FB
DC/AEC1:	FCFC8F  	jsr ($8FFC,X)
DC/AEC4:	FEFBFD  	inc $FDFB,X
DC/AEC7:	E9EEE8  	sbc #$E8EE
DC/AECA:	EA      	nop 
DC/AECB:	5C7B4DE2	jmp $E24D7B
DC/AECF:	C5FF    	cmp $FF
DC/AED1:	007F    	brk $7F
DC/AED3:	00FF    	
DC/AED5:	00FF    	
DC/AED7:	04FF    	tsb $FF
DC/AED9:	04FF    	tsb $FF
DC/AEDB:	06FE    	asl $FE
DC/AEDD:	067E    	asl $7E
DC/AEDF:	06E2    	asl $E2
DC/AEE1:	C57B    	cmp $7B
DC/AEE3:	4DEA5C  	eor $5CEA
DC/AEE6:	FEE8FD  	inc $FDE8,X
DC/AEE9:	E9FEFB  	sbc #$FBFE
DC/AEEC:	FC8FFB  	jsr ($FB8F,X)
DC/AEEF:	FC7E06  	jsr ($067E,X)
DC/AEF2:	FE06FF  	inc $FF06,X
DC/AEF5:	06FF    	asl $FF
DC/AEF7:	04FF    	tsb $FF
DC/AEF9:	04FF    	tsb $FF
DC/AEFB:	007F    	brk $7F
DC/AEFD:	00FF    	
DC/AEFF:	0093    	brk $93
DC/AF01:	DB      	stp 
DC/AF02:	99D8DB  	sta $DBD8,Y
DC/AF05:	D99B9D  	cmp $9D9B,Y
DC/AF08:	B9FD9B  	lda $9BFD,Y
DC/AF0B:	BDDFFD  	lda $FDDF,X
DC/AF0E:	BA      	tsx 
DC/AF0F:	F9BD00  	sbc $00BD,Y
DC/AF12:	BF00BF00	lda $00BF00,X
DC/AF16:	FF00FF00	
DC/AF1A:	FB      	xce 
DC/AF1B:	00BB    	brk $BB
DC/AF1D:	00FF    	
DC/AF1F:	00C9    	brk $C9
DC/AF21:	DB      	stp 
DC/AF22:	991BDB  	sta $DB1B,Y
DC/AF25:	9B      	txy 
DC/AF26:	D9B99D  	cmp $9DB9,Y
DC/AF29:	BFD9BDFB	lda $FBBDD9,X
DC/AF2D:	BF5D9FBD	lda $BD9F5D,X
DC/AF31:	00FD    	brk $FD
DC/AF33:	00FD    	brk $FD
DC/AF35:	00FF    	
DC/AF37:	00FF    	
DC/AF39:	00DF    	brk $DF
DC/AF3B:	00DD    	brk $DD
DC/AF3D:	80FF    	bra $AF3E
DC/AF3F:	00FB    	brk $FB
DC/AF41:	FCFC8F  	jsr ($8FFC,X)
DC/AF44:	FEFBFD  	inc $FDFB,X
DC/AF47:	E9EEE8  	sbc #$E8EE
DC/AF4A:	EA      	nop 
DC/AF4B:	5C794FE4	jmp $E44F79
DC/AF4F:	C7FF    	cmp [$FF]
DC/AF51:	007F    	brk $7F
DC/AF53:	00FF    	
DC/AF55:	00FF    	
DC/AF57:	04FF    	tsb $FF
DC/AF59:	04FF    	tsb $FF
DC/AF5B:	06FE    	asl $FE
DC/AF5D:	067E    	asl $7E
DC/AF5F:	06E4    	asl $E4
DC/AF61:	C779    	cmp [$79]
DC/AF63:	4FEA5CFE	eor $FE5CEA
DC/AF67:	E8      	inx 
DC/AF68:	FDE9FE  	sbc $FEE9,X
DC/AF6B:	FB      	xce 
DC/AF6C:	FC8FFB  	jsr ($FB8F,X)
DC/AF6F:	FC7E06  	jsr ($067E,X)
DC/AF72:	FE06FF  	inc $FF06,X
DC/AF75:	06FF    	asl $FF
DC/AF77:	04FF    	tsb $FF
DC/AF79:	04FF    	tsb $FF
DC/AF7B:	007F    	brk $7F
DC/AF7D:	00FF    	
DC/AF7F:	0093    	brk $93
DC/AF81:	DB      	stp 
DC/AF82:	99D8DB  	sta $DBD8,Y
DC/AF85:	D99A9D  	cmp $9D9A,Y
DC/AF88:	B8      	clv 
DC/AF89:	FD9ABD  	sbc $BD9A,X
DC/AF8C:	DFFDBAF9	cmp $F9BAFD,X
DC/AF90:	BD00BF  	lda $BF00,X
DC/AF93:	00BF    	brk $BF
DC/AF95:	00FF    	
DC/AF97:	01FF    	ora ($FF,X)
DC/AF99:	01FB    	ora ($FB,X)
DC/AF9B:	01BB    	ora ($BB,X)
DC/AF9D:	00FF    	
DC/AF9F:	00C9    	brk $C9
DC/AFA1:	DB      	stp 
DC/AFA2:	991BDB  	sta $DB1B,Y
DC/AFA5:	9B      	txy 
DC/AFA6:	D9B91D  	cmp $1DB9,Y
DC/AFA9:	BFD9BDFB	lda $FBBDD9,X
DC/AFAD:	BF5D9FBD	lda $BD9F5D,X
DC/AFB1:	00FD    	brk $FD
DC/AFB3:	00FD    	brk $FD
DC/AFB5:	00FF    	
DC/AFB7:	00FF    	
DC/AFB9:	80DF    	bra $AF9A
DC/AFBB:	80DD    	bra $AF9A
DC/AFBD:	00FF    	
DC/AFBF:	00FB    	brk $FB
DC/AFC1:	FCFC8F  	jsr ($8FFC,X)
DC/AFC4:	FEFBFD  	inc $FDFB,X
DC/AFC7:	E9EEE8  	sbc #$E8EE
DC/AFCA:	EA      	nop 
DC/AFCB:	5C7B4DE2	jmp $E24D7B
DC/AFCF:	C5FF    	cmp $FF
DC/AFD1:	007F    	brk $7F
DC/AFD3:	00FF    	
DC/AFD5:	00FF    	
DC/AFD7:	04FF    	tsb $FF
DC/AFD9:	04FF    	tsb $FF
DC/AFDB:	06FE    	asl $FE
DC/AFDD:	067E    	asl $7E
DC/AFDF:	06E2    	asl $E2
DC/AFE1:	C57B    	cmp $7B
DC/AFE3:	4DEA5C  	eor $5CEA
DC/AFE6:	FEE8FD  	inc $FDE8,X
DC/AFE9:	E9FEFB  	sbc #$FBFE
DC/AFEC:	FC8FFB  	jsr ($FB8F,X)
DC/AFEF:	FC7E06  	jsr ($067E,X)
DC/AFF2:	FE06FF  	inc $FF06,X
DC/AFF5:	06FF    	asl $FF
DC/AFF7:	04FF    	tsb $FF
DC/AFF9:	04FF    	tsb $FF
DC/AFFB:	007F    	brk $7F
DC/AFFD:	00FF    	
DC/AFFF:	0000    	
DC/B001:	FF7E81FF	sbc $FF817E,X
DC/B005:	FFFFFFFF	
DC/B009:	FFFDFFE8	sbc $E8FFFD,X
DC/B00D:	FFFFFF00	
DC/B011:	FF00FF00	
DC/B015:	FF29FF01	sbc $01FF29,X
DC/B019:	FF0BFF37	sbc $37FF0B,X
DC/B01D:	FF00FF00	
DC/B021:	FF18E1FF	sbc $FFE118,X
DC/B025:	FFFFFDFF	sbc $FFFDFF,X
DC/B029:	FDFFFD  	sbc $FDFF,X
DC/B02C:	FFFDFFFF	sbc $FFFFFD,X
DC/B030:	00FF    	
DC/B032:	00FF    	
DC/B034:	00FF    	
DC/B036:	80FF    	bra $B037
DC/B038:	08      	 
DC/B039:	FF00FFC0	sbc $C0FF00,X
DC/B03D:	FF00FFE2	sbc $E2FF00,X
DC/B041:	FDFFFF  	sbc $FFFF,X
DC/B044:	C8      	iny 
DC/B045:	F0DF    	beq $B026
DC/B047:	E6FF    	inc $FF
DC/B049:	FF94E8FF	sbc $FFE894,X
DC/B04D:	9F01007F	sta $7F0001,X
DC/B051:	FF00FF7F	sbc $7FFF00,X
DC/B055:	FFFFFF00	
DC/B059:	FFFFFF00	
DC/B05D:	FF00FF33	sbc $33FF00,X
DC/B061:	FDFFFF  	sbc $FFFF,X
DC/B064:	3B      	 
DC/B065:	FFBFBFFF	sbc $FFBFBF,X
DC/B069:	FF9F6FFF	sbc $FF6F9F,X
DC/B06D:	FF4700F0	sbc $F00047,X
DC/B071:	FF00FFF8	sbc $F8FF00,X
DC/B075:	FFF8FF00	sbc $00FFF8,X
DC/B079:	FFFCFF00	sbc $00FFFC,X
DC/B07D:	FF00FF00	
DC/B081:	FF7E81FF	sbc $FF817E,X
DC/B085:	FFFFFFFF	
DC/B089:	FFFFFFFE	sbc $FEFFFF,X
DC/B08D:	FFFFFF00	
DC/B091:	FF00FF00	
DC/B095:	FF0AFF06	sbc $06FF0A,X
DC/B099:	FF03FF0F	sbc $0FFF03,X
DC/B09D:	FF00FF00	
DC/B0A1:	FF18E1FF	sbc $FFE118,X
DC/B0A5:	FFFFFDFF	sbc $FFFDFF,X
DC/B0A9:	FDFFFD  	sbc $FDFF,X
DC/B0AC:	FFFDFFFF	sbc $FFFFFD,X
DC/B0B0:	00FF    	
DC/B0B2:	00FF    	
DC/B0B4:	00FF    	
DC/B0B6:	80FF    	bra $B0B7
DC/B0B8:	10FF    	bpl $B0B9
DC/B0BA:	80FF    	bra $B0BB
DC/B0BC:	C0FF00  	cpy #$00FF
DC/B0BF:	FFF2FDFF	sbc $FFFDF2,X
DC/B0C3:	FFE6F8EC	sbc $ECF8E6,X
DC/B0C7:	F1FF    	sbc ($FF),Y
DC/B0C9:	FFC8F4FF	sbc $FFF4C8,X
DC/B0CD:	9F01003F	sta $3F0001,X
DC/B0D1:	FF00FF7F	sbc $7FFF00,X
DC/B0D5:	FF7FFF00	sbc $00FF7F,X
DC/B0D9:	FF7FFF00	sbc $00FF7F,X
DC/B0DD:	FF00FF33	sbc $33FF00,X
DC/B0E1:	FDFFFF  	sbc $FFFF,X
DC/B0E4:	9B      	txy 
DC/B0E5:	7F1FBFEF	adc $EFBF1F,X
DC/B0E9:	FFD72FFF	sbc $FF2FD7,X
DC/B0ED:	FF4700F0	sbc $F00047,X
DC/B0F1:	FF00FFF0	sbc $F0FF00,X
DC/B0F5:	FFF8FF00	sbc $00FFF8,X
DC/B0F9:	FFFCFF00	sbc $00FFFC,X
DC/B0FD:	FF00FF00	
DC/B101:	FF7E81FF	sbc $FF817E,X
DC/B105:	FFFFFFFF	
DC/B109:	FFFFFFFC	sbc $FCFFFF,X
DC/B10D:	FFFFFF00	
DC/B111:	FF00FF00	
DC/B115:	FF24FF03	sbc $03FF24,X
DC/B119:	FF03FF07	sbc $07FF03,X
DC/B11D:	FF00FF00	
DC/B121:	FF18E1FF	sbc $FFE118,X
DC/B125:	FFFFFDFF	sbc $FFFDFF,X
DC/B129:	FDFFFD  	sbc $FDFF,X
DC/B12C:	FFFDFFFF	sbc $FFFFFD,X
DC/B130:	00FF    	
DC/B132:	00FF    	
DC/B134:	00FF    	
DC/B136:	C0FF80  	cpy #$80FF
DC/B139:	FF80FFE0	sbc $E0FF80,X
DC/B13D:	FF00FF19	sbc $19FF00,X
DC/B141:	FEFFFF  	inc $FFFF,X
DC/B144:	60      	 
DC/B145:	FCF3F4  	jsr ($F4F3,X)
DC/B148:	FFFFC4F0	sbc $F0C4FF,X
DC/B14C:	FFFF0100	sbc $0001FF,X
DC/B150:	1FFF00FF	ora $FF00FF,X
DC/B154:	6FFF6FFF	adc $FF6FFF
DC/B158:	00FF    	
DC/B15A:	7FFF00FF	adc $FF00FF,X
DC/B15E:	00FF    	
DC/B160:	3FFDFFFF	and $FFFFFD,X
DC/B164:	CF3FEF1F	cmp $1FEF3F
DC/B168:	FFFFAF5F	sbc $5FAFFF,X
DC/B16C:	FFE74700	sbc $0047E7,X
DC/B170:	F8      	sed 
DC/B171:	FF00FFF8	sbc $F8FF00,X
DC/B175:	FFFCFF00	sbc $00FFFC,X
DC/B179:	FFF4FF00	sbc $00FFF4,X
DC/B17D:	FF00FF00	
DC/B181:	FF7E81FF	sbc $FF817E,X
DC/B185:	FFFFFFFF	
DC/B189:	FFFFFFF9	sbc $F9FFFF,X
DC/B18D:	FFFFFF00	
DC/B191:	FF00FF00	
DC/B195:	FF00FF05	sbc $05FF00,X
DC/B199:	FF06FF1F	sbc $1FFF06,X
DC/B19D:	FF00FF00	
DC/B1A1:	FF18E1FF	sbc $FFE118,X
DC/B1A5:	FFFFFDFF	sbc $FFFDFF,X
DC/B1A9:	FDFFFD  	sbc $FDFF,X
DC/B1AC:	FFFDFFFF	sbc $FFFFFD,X
DC/B1B0:	00FF    	
DC/B1B2:	00FF    	
DC/B1B4:	00FF    	
DC/B1B6:	40      	 
DC/B1B7:	FF80FF00	sbc $00FF80,X
DC/B1BB:	FFE0FF00	sbc $00FFE0,X
DC/B1BF:	FFF0FFFF	sbc $FFFFF0,X
DC/B1C3:	FFE7F8EC	sbc $ECF8E7,X
DC/B1C7:	F0FF    	beq $B1C8
DC/B1C9:	FFC8F1FF	sbc $FFF1C8,X
DC/B1CD:	9F01003F	sta $3F0001,X
DC/B1D1:	FF00FF3F	sbc $3FFF00,X
DC/B1D5:	FF7FFF00	sbc $00FF7F,X
DC/B1D9:	FF7FFF00	sbc $00FF7F,X
DC/B1DD:	FF00FFF3	sbc $F3FF00,X
DC/B1E1:	FDFFFF  	sbc $FFFF,X
DC/B1E4:	BF7FDF3F	lda $3FDF7F,X
DC/B1E8:	FFFFAF1F	sbc $1FAFFF,X
DC/B1EC:	FFFF4700	sbc $0047FF,X
DC/B1F0:	F0FF    	beq $B1F1
DC/B1F2:	00FF    	
DC/B1F4:	FCFFFC  	jsr ($FCFF,X)
DC/B1F7:	FF00FFFC	sbc $FCFF00,X
DC/B1FB:	FF00FF00	
DC/B1FF:	FFFFFF31	sbc $31FFFF,X
DC/B203:	FF20FF1B	sbc $1BFF20,X
DC/B207:	FD37EB  	sbc $EB37,X
DC/B20A:	9C63F3  	stz $F363
DC/B20D:	4CFFFF  	jmp $FFFF
DC/B210:	00FF    	
DC/B212:	11FF    	ora ($FF),Y
DC/B214:	00FF    	
DC/B216:	06FF    	asl $FF
DC/B218:	1CFF00  	trb $00FF
DC/B21B:	FF40BF00	sbc $00BF40,X
DC/B21F:	FFFFFF83	sbc $83FFFF,X
DC/B223:	FF83FFA7	sbc $A7FF83,X
DC/B227:	FFAB776A	sbc $6A77AB,X
DC/B22B:	973E    	sta [$3E],Y
DC/B22D:	D3FF    	cmp ($FF,S),Y
DC/B22F:	FF00FF02	sbc $02FF00,X
DC/B233:	FF02FF42	sbc $42FF02,X
DC/B237:	FFC2FF00	sbc $00FFC2,X
DC/B23B:	FF12EF00	sbc $00EF12,X
DC/B23F:	FF000002	sbc $020000,X
DC/B243:	0E001C  	asl $1C00
DC/B246:	08      	 
DC/B247:	1418    	trb $18
DC/B249:	2400    	bit $00
DC/B24B:	1436    	trb $36
DC/B24D:	1C673E  	trb $3E67
DC/B250:	0000    	
DC/B252:	0E0E1C  	asl $1C0E
DC/B255:	1C1C1C  	trb $1C1C
DC/B258:	3C3C1C  	bit $1C3C,X
DC/B25B:	1C143E  	trb $3E14
DC/B25E:	3649    	rol $49,X
DC/B260:	0101    	ora ($01,X)
DC/B262:	0100    	ora ($00,X)
DC/B264:	0203    	cop $03
DC/B266:	0101    	ora ($01,X)
DC/B268:	0001    	
DC/B26A:	0001    	
DC/B26C:	0302    	ora $02,S
DC/B26E:	0101    	ora ($01,X)
DC/B270:	0101    	ora ($01,X)
DC/B272:	0101    	ora ($01,X)
DC/B274:	0303    	ora $03,S
DC/B276:	0101    	ora ($01,X)
DC/B278:	0101    	ora ($01,X)
DC/B27A:	0101    	ora ($01,X)
DC/B27C:	0303    	ora $03,S
DC/B27E:	0101    	ora ($01,X)
DC/B280:	FFFF31FF	sbc $FF31FF,X
DC/B284:	20FF19  	jsr $19FF
DC/B287:	F727    	sbc [$27],Y
DC/B289:	FB      	xce 
DC/B28A:	9C63F3  	stz $F363
DC/B28D:	4CFFFF  	jmp $FFFF
DC/B290:	00FF    	
DC/B292:	11FF    	ora ($FF),Y
DC/B294:	00FF    	
DC/B296:	0EFF1C  	asl $1CFF
DC/B299:	FF00FF40	sbc $40FF00,X
DC/B29D:	BF00FFFF	lda $FFFF00,X
DC/B2A1:	FF83FF83	sbc $83FF83,X
DC/B2A5:	FFA7FF4B	sbc $4BFFA7,X
DC/B2A9:	B76A    	lda [$6A],Y
DC/B2AB:	973E    	sta [$3E],Y
DC/B2AD:	D3FF    	cmp ($FF,S),Y
DC/B2AF:	FF00FF02	sbc $02FF00,X
DC/B2B3:	FF02FF02	sbc $02FF02,X
DC/B2B7:	FFC2FF00	sbc $00FFC2,X
DC/B2BB:	FF12EF00	sbc $00EF12,X
DC/B2BF:	FF000008	sbc $080000,X
DC/B2C3:	08      	 
DC/B2C4:	0018    	brk $18
DC/B2C6:	001C    	brk $1C
DC/B2C8:	08      	 
DC/B2C9:	1400    	trb $00
DC/B2CB:	1436    	trb $36
DC/B2CD:	1C673E  	trb $3E67
DC/B2D0:	0000    	
DC/B2D2:	08      	 
DC/B2D3:	08      	 
DC/B2D4:	18      	 
DC/B2D5:	18      	 
DC/B2D6:	1C1C1C  	trb $1C1C
DC/B2D9:	1C1C1C  	trb $1C1C
DC/B2DC:	143E    	trb $3E
DC/B2DE:	3649    	rol $49,X
DC/B2E0:	0001    	
DC/B2E2:	0303    	ora $03,S
DC/B2E4:	0001    	
DC/B2E6:	0101    	ora ($01,X)
DC/B2E8:	0001    	
DC/B2EA:	0302    	ora $02,S
DC/B2EC:	0001    	
DC/B2EE:	0101    	ora ($01,X)
DC/B2F0:	0101    	ora ($01,X)
DC/B2F2:	0303    	ora $03,S
DC/B2F4:	0101    	ora ($01,X)
DC/B2F6:	0101    	ora ($01,X)
DC/B2F8:	0101    	ora ($01,X)
DC/B2FA:	0303    	ora $03,S
DC/B2FC:	0101    	ora ($01,X)
DC/B2FE:	0101    	ora ($01,X)
DC/B300:	FFFF31FF	sbc $FF31FF,X
DC/B304:	20FF11  	jsr $11FF
DC/B307:	FF2AF79C	sbc $9CF72A,X
DC/B30B:	63F3    	adc $F3,S
DC/B30D:	4CFFFF  	jmp $FFFF
DC/B310:	00FF    	
DC/B312:	11FF    	ora ($FF),Y
DC/B314:	00FF    	
DC/B316:	04FF    	tsb $FF
DC/B318:	0DFF00  	ora $00FF
DC/B31B:	FF40BF00	sbc $00BF40,X
DC/B31F:	FFFFFF83	sbc $83FFFF,X
DC/B323:	FF83FFA5	sbc $A5FF83,X
DC/B327:	FF4BB76A	sbc $6AB74B,X
DC/B32B:	973E    	sta [$3E],Y
DC/B32D:	D3FF    	cmp ($FF,S),Y
DC/B32F:	FF00FF02	sbc $02FF00,X
DC/B333:	FF02FF02	sbc $02FF02,X
DC/B337:	FFE2FF00	sbc $00FFE2,X
DC/B33B:	FF12EF00	sbc $00EF12,X
DC/B33F:	FF000000	sbc $000000,X
DC/B343:	0028    	brk $28
DC/B345:	38      	sec 
DC/B346:	041C    	tsb $1C
DC/B348:	08      	 
DC/B349:	1408    	trb $08
DC/B34B:	1436    	trb $36
DC/B34D:	1C673E  	trb $3E67
DC/B350:	0000    	
DC/B352:	0000    	
DC/B354:	38      	sec 
DC/B355:	38      	sec 
DC/B356:	1C1C1C  	trb $1C1C
DC/B359:	1C1C1C  	trb $1C1C
DC/B35C:	143E    	trb $3E
DC/B35E:	3649    	rol $49,X
DC/B360:	0302    	ora $02,S
DC/B362:	0001    	
DC/B364:	0001    	
DC/B366:	0302    	ora $02,S
DC/B368:	0001    	
DC/B36A:	0001    	
DC/B36C:	0001    	
DC/B36E:	0302    	ora $02,S
DC/B370:	0303    	ora $03,S
DC/B372:	0101    	ora ($01,X)
DC/B374:	0101    	ora ($01,X)
DC/B376:	0303    	ora $03,S
DC/B378:	0101    	ora ($01,X)
DC/B37A:	0101    	ora ($01,X)
DC/B37C:	0101    	ora ($01,X)
DC/B37E:	0303    	ora $03,S
DC/B380:	FFFF31FF	sbc $FF31FF,X
DC/B384:	20FF19  	jsr $19FF
DC/B387:	FF23FC9C	sbc $9CFC23,X
DC/B38B:	63F3    	adc $F3,S
DC/B38D:	4CFFFF  	jmp $FFFF
DC/B390:	00FF    	
DC/B392:	11FF    	ora ($FF),Y
DC/B394:	00FF    	
DC/B396:	06FF    	asl $FF
DC/B398:	0FFF00FF	ora $FF00FF
DC/B39C:	40      	 
DC/B39D:	BF00FFFF	lda $FFFF00,X
DC/B3A1:	FF83FF83	sbc $83FF83,X
DC/B3A5:	FFA7FF2B	sbc $2BFFA7,X
DC/B3A9:	F76A    	sbc [$6A],Y
DC/B3AB:	973E    	sta [$3E],Y
DC/B3AD:	D3FF    	cmp ($FF,S),Y
DC/B3AF:	FF00FF02	sbc $02FF00,X
DC/B3B3:	FF02FF42	sbc $42FF02,X
DC/B3B7:	FFC2FF00	sbc $00FFC2,X
DC/B3BB:	FF12EF00	sbc $00EF12,X
DC/B3BF:	FF080810	sbc $100808,X
DC/B3C3:	18      	 
DC/B3C4:	041C    	tsb $1C
DC/B3C6:	08      	 
DC/B3C7:	1408    	trb $08
DC/B3C9:	1400    	trb $00
DC/B3CB:	1436    	trb $36
DC/B3CD:	1C673E  	trb $3E67
DC/B3D0:	08      	 
DC/B3D1:	08      	 
DC/B3D2:	18      	 
DC/B3D3:	18      	 
DC/B3D4:	1C1C1C  	trb $1C1C
DC/B3D7:	1C1C1C  	trb $1C1C
DC/B3DA:	1C1C14  	trb $141C
DC/B3DD:	3E3649  	rol $4936,X
DC/B3E0:	0101    	ora ($01,X)
DC/B3E2:	0203    	cop $03
DC/B3E4:	0001    	
DC/B3E6:	0100    	ora ($00,X)
DC/B3E8:	0001    	
DC/B3EA:	0303    	ora $03,S
DC/B3EC:	0100    	ora ($00,X)
DC/B3EE:	0001    	
DC/B3F0:	0101    	ora ($01,X)
DC/B3F2:	0303    	ora $03,S
DC/B3F4:	0101    	ora ($01,X)
DC/B3F6:	0101    	ora ($01,X)
DC/B3F8:	0101    	ora ($01,X)
DC/B3FA:	0303    	ora $03,S
DC/B3FC:	0101    	ora ($01,X)
DC/B3FE:	0101    	ora ($01,X)
DC/B400:	1200    	ora ($00)
DC/B402:	3E86CE  	rol $CE86,X
DC/B405:	C2E6    	rep #$E6
DC/B407:	B8      	clv 
DC/B408:	7CDCF6  	jmp ($F6DC,X)
DC/B40B:	C2DD    	rep #$DD
DC/B40D:	9CA13F  	stz $3FA1
DC/B410:	60      	 
DC/B411:	9FC6B972	sta $72B9C6,X
DC/B415:	CD79FE  	cmp $FE79
DC/B418:	27FD    	and [$FD]
DC/B41A:	3FFF63FF	and $FF63FF,X
DC/B41E:	C1FF    	cmp ($FF,X)
DC/B420:	FA      	plx 
DC/B421:	AB      	plb 
DC/B422:	BA      	tsx 
DC/B423:	2B      	pld 
DC/B424:	E541    	sbc $41
DC/B426:	CF8C5F7F	cmp $7F5F8C
DC/B42A:	5CF78EFB	jmp $FB8EF7
DC/B42E:	CCF8AC  	cpy $ACF8
DC/B431:	5F2CDF5E	eor $5EDF2C,X
DC/B435:	A7BF    	lda [$BF]
DC/B437:	CFB0FF08	cmp $08FFB0
DC/B43B:	FF04FF07	sbc $07FF04,X
DC/B43F:	FFFFFFFF	
DC/B443:	FFFEFFF4	sbc $F4FFFE,X
DC/B447:	FFF7FFEA	sbc $EAFFF7,X
DC/B44B:	FFEDFEFF	sbc $FFFEED,X
DC/B44F:	FF00FF00	
DC/B453:	FF06FF14	sbc $14FF06,X
DC/B457:	FF1FFF0B	sbc $0BFF1F,X
DC/B45B:	FF0FFF00	sbc $00FF0F,X
DC/B45F:	FFFFFFFF	
DC/B463:	FF49FF24	sbc $24FF49,X
DC/B467:	FFFDFFB7	sbc $B7FFFD,X
DC/B46B:	FFEBF6FF	sbc $FFF6EB,X
DC/B46F:	FF00FF00	
DC/B473:	FF49FFA4	sbc $A4FF49,X
DC/B477:	FFFDFFFF	sbc $FFFFFD,X
DC/B47B:	FF3FFF00	sbc $00FF3F,X
DC/B47F:	FF31113E	sbc $3E1131,X
DC/B483:	9EF7C7  	stz $C7F7,X
DC/B486:	EEA07C  	inc $7CA0
DC/B489:	DCF6C2  	jmp [$C2F6]
DC/B48C:	DD9CA1  	cmp $A19C,X
DC/B48F:	3FD12EDE	and $DE2ED1,X
DC/B493:	A147    	lda ($47,X)
DC/B495:	F8      	sed 
DC/B496:	61FE    	adc ($FE,X)
DC/B498:	27FD    	and [$FD]
DC/B49A:	3FFF63FF	and $FF63FF,X
DC/B49E:	C1FF    	cmp ($FF,X)
DC/B4A0:	FEABBE  	inc $BEAB,X
DC/B4A3:	23F5    	and $F5,S
DC/B4A5:	C1CF    	cmp ($CF,X)
DC/B4A7:	8C5F7F  	sty $7F5F
DC/B4AA:	5CF78EFB	jmp $FB8EF7
DC/B4AE:	CCF8A8  	cpy $A8F8
DC/B4B1:	5F20DFCE	eor $CEDF20,X
DC/B4B5:	37BF    	and [$BF],Y
DC/B4B7:	CFB0FF08	cmp $08FFB0
DC/B4BB:	FF04FF07	sbc $07FF04,X
DC/B4BF:	FFFFFFFF	
DC/B4C3:	FFF9FFF4	sbc $F4FFF9,X
DC/B4C7:	FFFFFFE8	sbc $E8FFFF,X
DC/B4CB:	FFEBFDFF	sbc $FFFDEB,X
DC/B4CF:	FF00FF00	
DC/B4D3:	FF01FF14	sbc $14FF01,X
DC/B4D7:	FF1FFF1B	sbc $1BFF1F,X
DC/B4DB:	FF0FFF00	sbc $00FF0F,X
DC/B4DF:	FFFFFFFF	
DC/B4E3:	FF00FF84	sbc $84FF00,X
DC/B4E7:	FFFDFF9F	sbc $9FFFFD,X
DC/B4EB:	FFF7EEFF	sbc $FFEEF7,X
DC/B4EF:	FF00FF00	
DC/B4F3:	FF00FFA4	sbc $A4FF00,X
DC/B4F7:	FFFDFFFF	sbc $FFFFFD,X
DC/B4FB:	FF3FFF00	sbc $00FF3F,X
DC/B4FF:	FF32003E	sbc $3E0032,X
DC/B503:	86DE    	stx $DE
DC/B505:	C2E2    	rep #$E2
DC/B507:	B8      	clv 
DC/B508:	7CDCF6  	jmp ($F6DC,X)
DC/B50B:	C2DD    	rep #$DD
DC/B50D:	9CA13F  	stz $3FA1
DC/B510:	C03FC7  	cpy #$C73F
DC/B513:	B8      	clv 
DC/B514:	62DD7D  	per $32F4
DC/B517:	FA      	plx 
DC/B518:	27FD    	and [$FD]
DC/B51A:	3FFF63FF	and $FF63FF,X
DC/B51E:	C1FF    	cmp ($FF,X)
DC/B520:	BA      	tsx 
DC/B521:	A3BA    	lda $BA,S
DC/B523:	2325    	and $25,S
DC/B525:	01CF    	ora ($CF,X)
DC/B527:	847F    	sty $7F
DC/B529:	5F5CF78E	eor $8EF75C,X
DC/B52D:	FB      	xce 
DC/B52E:	CCF8E4  	cpy $E4F8
DC/B531:	1F24DFDE	ora $DEDF24,X
DC/B535:	27B7    	and [$B7]
DC/B537:	CF90FF08	cmp $08FF90
DC/B53B:	FF04FF07	sbc $07FF04,X
DC/B53F:	FFFFFFFF	
DC/B543:	FFF8FFE4	sbc $E4FFF8,X
DC/B547:	FFEEFFE3	sbc $E3FFEE,X
DC/B54B:	FFECFFFF	sbc $FFFFEC,X
DC/B54F:	FF00FF00	
DC/B553:	FF00FF04	sbc $04FF00,X
DC/B557:	FF2EFF0F	sbc $0FFF2E,X
DC/B55B:	FF0EFF00	sbc $00FF0E,X
DC/B55F:	FFFFFFFF	
DC/B563:	FF88FFA4	sbc $A4FF88,X
DC/B567:	FF65FF57	sbc $57FF65,X
DC/B56B:	FFF6FFFF	sbc $FFFFF6,X
DC/B56F:	FF00FF00	
DC/B573:	FF88FFA4	sbc $A4FF88,X
DC/B577:	FF67FF77	sbc $77FF67,X
DC/B57B:	FF3FFF00	sbc $00FF3F,X
DC/B57F:	FF5C4C3E	sbc $3E4C5C,X
DC/B583:	86CE    	stx $CE
DC/B585:	CEE0B0  	dec $B0E0
DC/B588:	78      	sei 
DC/B589:	D8      	cld 
DC/B58A:	F6C2    	inc $C2,X
DC/B58C:	DD9CA1  	cmp $A19C,X
DC/B58F:	3F6E91C7	and $C7916E,X
DC/B593:	B8      	clv 
DC/B594:	7FC07FF0	adc $F07FC0,X
DC/B598:	27F9    	and [$F9]
DC/B59A:	3FFF63FF	and $FF63FF,X
DC/B59E:	C1FF    	cmp ($FF,X)
DC/B5A0:	7A      	ply 
DC/B5A1:	6B      	 
DC/B5A2:	BA      	tsx 
DC/B5A3:	3B      	 
DC/B5A4:	C541    	cmp $41
DC/B5A6:	8F8C5F7F	sta $7F5F8C
DC/B5AA:	5CF78EFB	jmp $FB8EF7
DC/B5AE:	CCF8EC  	cpy $ECF8
DC/B5B1:	1F3CDF7E	ora $7EDF3C,X
DC/B5B5:	87FF    	sta [$FF]
DC/B5B7:	8FB0FF08	sta $08FFB0
DC/B5BB:	FF04FF07	sbc $07FF04,X
DC/B5BF:	FFFFFFFF	
DC/B5C3:	FFF9FFF4	sbc $F4FFF9,X
DC/B5C7:	FFFDFFEF	sbc $EFFFFD,X
DC/B5CB:	FB      	xce 
DC/B5CC:	EDFFFF  	sbc $FFFF
DC/B5CF:	FF00FF00	
DC/B5D3:	FF01FF14	sbc $14FF01,X
DC/B5D7:	FF1DFF1F	sbc $1FFF1D,X
DC/B5DB:	FF0FFF00	sbc $00FF0F,X
DC/B5DF:	FFFFFFFF	
DC/B5E3:	FF09FFA4	sbc $A4FF09,X
DC/B5E7:	FFDDFFA6	sbc $A6FFDD,X
DC/B5EB:	FFEAFFFF	sbc $FFFFEA,X
DC/B5EF:	FF00FF00	
DC/B5F3:	FF09FFA4	sbc $A4FF09,X
DC/B5F7:	FFFDFFFF	sbc $FFFFFD,X
DC/B5FB:	FF3FFF00	sbc $00FF3F,X
DC/B5FF:	FF16172B	sbc $2B1716,X
DC/B603:	123B    	ora ($3B)
DC/B605:	103E    	bpl $B645
DC/B607:	1337    	ora ($37,S),Y
DC/B609:	1039    	bpl $B644
DC/B60B:	142D    	trb $2D
DC/B60D:	033A    	ora $3A,S
DC/B60F:	022B    	cop $2B
DC/B611:	3F3C3F3F	and $3F3F3C,X
DC/B615:	2F3F2D2C	and $2C2D3F
DC/B619:	3F3B2F2B	and $2B2F3B,X
DC/B61D:	3E3D3F  	rol $3F3D,X
DC/B620:	78      	sei 
DC/B621:	E8      	inx 
DC/B622:	D448    	pei ($48)
DC/B624:	7E081E  	ror $1E08,X
DC/B627:	08      	 
DC/B628:	3E086E  	rol $6E08,X
DC/B62B:	28      	 
DC/B62C:	0600    	asl $00
DC/B62E:	1C00D4  	trb $D400
DC/B631:	FC3EFE  	jsr ($FE3E,X)
DC/B634:	FFF7FFF7	sbc $F7FFF7,X
DC/B638:	D7FF    	cmp [$FF],Y
DC/B63A:	BFD717FF	lda $FF17D7,X
DC/B63E:	FEFE5B  	inc $5BFE,X
DC/B641:	7B      	tdc 
DC/B642:	0316    	ora $16,S
DC/B644:	29ADC4  	and #$C4AD
DC/B647:	6A      	ror A
DC/B648:	701F    	bvs $B669
DC/B64A:	C657    	dec $57
DC/B64C:	FFFF8080	sbc $8080FF,X
DC/B650:	8400    	sty $00
DC/B652:	13E8    	ora ($E8,S),Y
DC/B654:	2D526A  	and $6A52
DC/B657:	151F    	ora $1F,X
DC/B659:	8046    	bra $B6A1
DC/B65B:	28      	 
DC/B65C:	0000    	
DC/B65E:	7F00555D	adc $5D5500,X
DC/B662:	CCBD02  	cpy $02BD
DC/B665:	D641    	dec $41,X
DC/B667:	F91D7C  	sbc $7C1D,Y
DC/B66A:	D791    	cmp [$91],Y
DC/B66C:	FFFF0000	sbc $0000FF,X
DC/B670:	A200EC  	ldx #$EC00
DC/B673:	02D6    	cop $D6
DC/B675:	29F906  	and #$06F9
DC/B678:	7C8291  	jmp ($9182,X)
DC/B67B:	28      	 
DC/B67C:	0000    	
DC/B67E:	FF001617	sbc $171600,X
DC/B682:	2B      	pld 
DC/B683:	123D    	ora ($3D)
DC/B685:	1038    	bpl $B6BF
DC/B687:	1339    	ora ($39,S),Y
DC/B689:	133D    	ora ($3D,S),Y
DC/B68B:	142C    	trb $2C
DC/B68D:	0139    	ora ($39,X)
DC/B68F:	012B    	ora ($2B,X)
DC/B691:	3F3C3F3F	and $3F3F3C,X
DC/B695:	2F3D2F2D	and $2D2F3D
DC/B699:	3E3B2F  	rol $2F3B,X
DC/B69C:	293F3E  	and #$3E3F
DC/B69F:	3F78E8D4	and $D4E878,X
DC/B6A3:	48      	pha 
DC/B6A4:	BE08DE  	ldx $DE08,Y
DC/B6A7:	88      	dey 
DC/B6A8:	FE086E  	inc $6E08,X
DC/B6AB:	28      	 
DC/B6AC:	8680    	stx $80
DC/B6AE:	1C00D4  	trb $D400
DC/B6B1:	FC3EFE  	jsr ($FE3E,X)
DC/B6B4:	FFF7FF77	sbc $77FFF7,X
DC/B6B8:	57FF    	eor [$FF],Y
DC/B6BA:	BFD7977F	lda $7F97D7,X
DC/B6BE:	FEFE5B  	inc $5BFE,X
DC/B6C1:	7B      	tdc 
DC/B6C2:	829F21  	brl $D864
DC/B6C5:	A5C6    	lda $C6
DC/B6C7:	6A      	ror A
DC/B6C8:	551F    	eor $1F,X
DC/B6CA:	C617    	dec $17
DC/B6CC:	FFFF8080	sbc $8080FF,X
DC/B6D0:	8400    	sty $00
DC/B6D2:	1B      	tcs 
DC/B6D3:	60      	 
DC/B6D4:	255A    	and $5A
DC/B6D6:	6E111F  	ror $1F11
DC/B6D9:	A00628  	ldy #$2806
DC/B6DC:	0000    	
DC/B6DE:	7F00555D	adc $5D5500,X
DC/B6E2:	CDBD86  	cmp $86BD
DC/B6E5:	5261    	eor ($61)
DC/B6E7:	D91D7C  	cmp $7C1D,Y
DC/B6EA:	D6D0    	dec $D0,X
DC/B6EC:	FFFF0000	sbc $0000FF,X
DC/B6F0:	A200ED  	ldx #$ED00
DC/B6F3:	02D6    	cop $D6
DC/B6F5:	29F906  	and #$06F9
DC/B6F8:	7C82D0  	jmp ($D082,X)
DC/B6FB:	290000  	and #$0000
DC/B6FE:	FF001617	sbc $171600,X
DC/B702:	2B      	pld 
DC/B703:	123D    	ora ($3D)
DC/B705:	103B    	bpl $B742
DC/B707:	113B    	ora ($3B),Y
DC/B709:	103E    	bpl $B749
DC/B70B:	142D    	trb $2D
DC/B70D:	0138    	ora ($38,X)
DC/B70F:	002B    	brk $2B
DC/B711:	3F3C3F3F	and $3F3F3C,X
DC/B715:	2F3F2E2E	and $2E2E3F
DC/B719:	3F392F29	and $292F39,X
DC/B71D:	3E3F3F  	rol $3F3F,X
DC/B720:	78      	sei 
DC/B721:	E8      	inx 
DC/B722:	D448    	pei ($48)
DC/B724:	BE081E  	ldx $1E08,Y
DC/B727:	C8      	iny 
DC/B728:	9EC8AE  	stz $AEC8,X
DC/B72B:	08      	 
DC/B72C:	0680    	asl $80
DC/B72E:	9C80D4  	stz $D480
DC/B731:	FC3EFE  	jsr ($FE3E,X)
DC/B734:	FFF7BFF7	sbc $F7BFF7,X
DC/B738:	B77F    	lda [$7F],Y
DC/B73A:	DFF797FF	cmp $FF97F7,X
DC/B73E:	7EFE5B  	ror $5BFE,X
DC/B741:	7B      	tdc 
DC/B742:	AB      	plb 
DC/B743:	B631    	ldx $31,Y
DC/B745:	B5C2    	lda $C2,X
DC/B747:	6E711F  	ror $1F71
DC/B74A:	8617    	stx $17
DC/B74C:	FFFF8080	sbc $8080FF,X
DC/B750:	8400    	sty $00
DC/B752:	3B      	 
DC/B753:	40      	 
DC/B754:	354A    	and $4A,X
DC/B756:	6E111F  	ror $1F11
DC/B759:	8006    	bra $B761
DC/B75B:	68      	pla 
DC/B75C:	0000    	
DC/B75E:	7F00555D	adc $5D5500,X
DC/B762:	CDBD12  	cmp $12BD
DC/B765:	D601    	dec $01,X
DC/B767:	B95D7C  	lda $7C5D,Y
DC/B76A:	B791    	lda [$91],Y
DC/B76C:	FFFF0000	sbc $0000FF,X
DC/B770:	A200EC  	ldx #$EC00
DC/B773:	02D6    	cop $D6
DC/B775:	29B946  	and #$46B9
DC/B778:	7C8291  	jmp ($9182,X)
DC/B77B:	48      	pha 
DC/B77C:	0000    	
DC/B77E:	FF001617	sbc $171600,X
DC/B782:	2B      	pld 
DC/B783:	123E    	ora ($3E)
DC/B785:	1038    	bpl $B7BF
DC/B787:	1038    	bpl $B7C1
DC/B789:	103E    	bpl $B7C9
DC/B78B:	142C    	trb $2C
DC/B78D:	0038    	brk $38
DC/B78F:	002B    	brk $2B
DC/B791:	3F3C3F3F	and $3F3F3C,X
DC/B795:	2F3F2F2F	and $2F2F3F
DC/B799:	3F392F28	and $282F39,X
DC/B79D:	3F3F3F78	and $783F3F,X
DC/B7A1:	E8      	inx 
DC/B7A2:	D448    	pei ($48)
DC/B7A4:	DE087E  	dec $7E08,X
DC/B7A7:	C8      	iny 
DC/B7A8:	EE08AE  	inc $AE08
DC/B7AB:	08      	 
DC/B7AC:	86C0    	stx $C0
DC/B7AE:	5C40D4FC	jmp $FCD440
DC/B7B2:	3EFEFF  	rol $FFFE,X
DC/B7B5:	F7FF    	sbc [$FF],Y
DC/B7B7:	B737    	lda [$37],Y
DC/B7B9:	FFDFF7D7	sbc $D7F7DF,X
DC/B7BD:	7FBEFE5B	adc $5BFEBE,X
DC/B7C1:	7B      	tdc 
DC/B7C2:	839E    	sta $9E,S
DC/B7C4:	30B4    	bmi $B77A
DC/B7C6:	C56B    	cmp $6B
DC/B7C8:	741F    	stz $1F,X
DC/B7CA:	C617    	dec $17
DC/B7CC:	FFFF8080	sbc $8080FF,X
DC/B7D0:	8400    	sty $00
DC/B7D2:	1B      	tcs 
DC/B7D3:	60      	 
DC/B7D4:	344B    	bit $4B,X
DC/B7D6:	6F101F80	adc $801F10
DC/B7DA:	0628    	asl $28
DC/B7DC:	0000    	
DC/B7DE:	7F00555D	adc $5D5500,X
DC/B7E2:	CD3D96  	cmp $963D
DC/B7E5:	5635    	lsr $35,X
DC/B7E7:	AD5D7C  	lda $7C5D
DC/B7EA:	B7B0    	lda [$B0],Y
DC/B7EC:	FFFF0000	sbc $0000FF,X
DC/B7F0:	A2006D  	ldx #$6D00
DC/B7F3:	82D629  	brl $E1CC
DC/B7F6:	BD427C  	lda $7C42,X
DC/B7F9:	82B048  	brl $00AC
DC/B7FC:	0000    	
DC/B7FE:	FF00ECFF	sbc $FFEC00,X
DC/B802:	CA      	dex 
DC/B803:	F7D4    	sbc [$D4],Y
DC/B805:	E7F5    	sbc [$F5]
DC/B807:	FDFFFF  	sbc $FFFF,X
DC/B80A:	F9FFFF  	sbc $FFFF,Y
DC/B80D:	FFC0FF2F	sbc $2FFFC0,X
DC/B811:	FF0FFF1F	sbc $1FFF0F,X
DC/B815:	FF07FF00	sbc $00FF07,X
DC/B819:	FF1FFF3F	sbc $3FFF1F,X
DC/B81D:	FF40FFC9	sbc $C9FF40,X
DC/B821:	FFE4D9DF	sbc $DFD9E4,X
DC/B825:	CEFEFF  	dec $FFFE
DC/B828:	FFFFE9FF	sbc $FFE9FF,X
DC/B82C:	73FF    	adc ($FF,S),Y
DC/B82E:	00FF    	
DC/B830:	3FFF3FFF	and $FF3FFF,X
DC/B834:	3FFF3FFF	and $FF3FFF,X
DC/B838:	00FF    	
DC/B83A:	37FF    	and [$FF],Y
DC/B83C:	73FF    	adc ($FF,S),Y
DC/B83E:	00FF    	
DC/B840:	0000    	
DC/B842:	0E001C  	asl $1C00
DC/B845:	0014    	brk $14
DC/B847:	0024    	brk $24
DC/B849:	001C    	brk $1C
DC/B84B:	08      	 
DC/B84C:	1C3610  	trb $1036
DC/B84F:	590000  	eor $0000,Y
DC/B852:	000E    	brk $0E
DC/B854:	001C    	brk $1C
DC/B856:	001C    	brk $1C
DC/B858:	003C    	brk $3C
DC/B85A:	08      	 
DC/B85B:	143E    	trb $3E
DC/B85D:	3E677F  	rol $7F67,X
DC/B860:	0101    	ora ($01,X)
DC/B862:	0100    	ora ($00,X)
DC/B864:	0203    	cop $03
DC/B866:	0101    	ora ($01,X)
DC/B868:	0001    	
DC/B86A:	0001    	
DC/B86C:	0302    	ora $02,S
DC/B86E:	0101    	ora ($01,X)
DC/B870:	0101    	ora ($01,X)
DC/B872:	0101    	ora ($01,X)
DC/B874:	0303    	ora $03,S
DC/B876:	0101    	ora ($01,X)
DC/B878:	0101    	ora ($01,X)
DC/B87A:	0101    	ora ($01,X)
DC/B87C:	0303    	ora $03,S
DC/B87E:	0101    	ora ($01,X)
DC/B880:	D7FF    	cmp [$FF],Y
DC/B882:	CA      	dex 
DC/B883:	F3E6    	sbc ($E6,S),Y
DC/B885:	F9F7FD  	sbc $FDF7,Y
DC/B888:	FFFFF9FF	sbc $FFF9FF,X
DC/B88C:	FFFFC0FF	sbc $FFC0FF,X
DC/B890:	1FFF0FFF	ora $FF0FFF,X
DC/B894:	3FFF07FF	and $FF07FF,X
DC/B898:	00FF    	
DC/B89A:	1FFF3FFF	ora $FF3FFF,X
DC/B89E:	40      	 
DC/B89F:	FFEBFFC6	sbc $C6FFEB,X
DC/B8A3:	E9D2EE  	sbc #$EED2
DC/B8A6:	E7FE    	sbc [$FE]
DC/B8A8:	FFFFE9FF	sbc $FFE9FF,X
DC/B8AC:	73FF    	adc ($FF,S),Y
DC/B8AE:	00FF    	
DC/B8B0:	3FFF3FFF	and $FF3FFF,X
DC/B8B4:	3FFF3FFF	and $FF3FFF,X
DC/B8B8:	00FF    	
DC/B8BA:	37FF    	and [$FF],Y
DC/B8BC:	73FF    	adc ($FF,S),Y
DC/B8BE:	00FF    	
DC/B8C0:	08      	 
DC/B8C1:	001C    	brk $1C
DC/B8C3:	0034    	brk $34
DC/B8C5:	0014    	brk $14
DC/B8C7:	001A    	brk $1A
DC/B8C9:	08      	 
DC/B8CA:	1C081C  	trb $1C08
DC/B8CD:	3610    	rol $10,X
DC/B8CF:	590008  	eor $0800,Y
DC/B8D2:	001C    	brk $1C
DC/B8D4:	003C    	brk $3C
DC/B8D6:	001C    	brk $1C
DC/B8D8:	08      	 
DC/B8D9:	1608    	asl $08,X
DC/B8DB:	143E    	trb $3E
DC/B8DD:	3E677F  	rol $7F67,X
DC/B8E0:	0101    	ora ($01,X)
DC/B8E2:	0100    	ora ($00,X)
DC/B8E4:	0203    	cop $03
DC/B8E6:	0101    	ora ($01,X)
DC/B8E8:	0001    	
DC/B8EA:	0001    	
DC/B8EC:	0302    	ora $02,S
DC/B8EE:	0101    	ora ($01,X)
DC/B8F0:	0101    	ora ($01,X)
DC/B8F2:	0101    	ora ($01,X)
DC/B8F4:	0303    	ora $03,S
DC/B8F6:	0101    	ora ($01,X)
DC/B8F8:	0101    	ora ($01,X)
DC/B8FA:	0101    	ora ($01,X)
DC/B8FC:	0303    	ora $03,S
DC/B8FE:	0101    	ora ($01,X)
DC/B900:	ECFFCA  	cpx $CAFF
DC/B903:	F5DC    	sbc $DC,X
DC/B905:	E7F5    	sbc [$F5]
DC/B907:	F9FFFF  	sbc $FFFF,Y
DC/B90A:	F9FFFF  	sbc $FFFF,Y
DC/B90D:	FFC0FF2F	sbc $2FFFC0,X
DC/B911:	FF0FFF1F	sbc $1FFF0F,X
DC/B915:	FF07FF00	sbc $00FF07,X
DC/B919:	FF1FFF3F	sbc $3FFF1F,X
DC/B91D:	FF40FFCB	sbc $CBFF40,X
DC/B921:	FDECD1  	sbc $D1EC,X
DC/B924:	DFCEFEFD	cmp $FDFECE,X
DC/B928:	FFFFE9FF	sbc $FFE9FF,X
DC/B92C:	73FF    	adc ($FF,S),Y
DC/B92E:	00FF    	
DC/B930:	3FFF3FFF	and $FF3FFF,X
DC/B934:	3FFF3FFF	and $FF3FFF,X
DC/B938:	00FF    	
DC/B93A:	37FF    	and [$FF],Y
DC/B93C:	73FF    	adc ($FF,S),Y
DC/B93E:	00FF    	
DC/B940:	1000    	bpl $B942
DC/B942:	1C0014  	trb $1400
DC/B945:	0024    	brk $24
DC/B947:	003C    	brk $3C
DC/B949:	18      	 
DC/B94A:	1C081C  	trb $1C08
DC/B94D:	3610    	rol $10,X
DC/B94F:	590018  	eor $1800,Y
DC/B952:	001C    	brk $1C
DC/B954:	001C    	brk $1C
DC/B956:	003C    	brk $3C
DC/B958:	18      	 
DC/B959:	2408    	bit $08
DC/B95B:	143E    	trb $3E
DC/B95D:	3E677F  	rol $7F67,X
DC/B960:	0101    	ora ($01,X)
DC/B962:	0100    	ora ($00,X)
DC/B964:	0203    	cop $03
DC/B966:	0101    	ora ($01,X)
DC/B968:	0001    	
DC/B96A:	0001    	
DC/B96C:	0302    	ora $02,S
DC/B96E:	0101    	ora ($01,X)
DC/B970:	0101    	ora ($01,X)
DC/B972:	0101    	ora ($01,X)
DC/B974:	0303    	ora $03,S
DC/B976:	0101    	ora ($01,X)
DC/B978:	0101    	ora ($01,X)
DC/B97A:	0101    	ora ($01,X)
DC/B97C:	0303    	ora $03,S
DC/B97E:	0101    	ora ($01,X)
DC/B980:	DFF7C6F3	cmp $F3C6F7,X
DC/B984:	E6FD    	inc $FD
DC/B986:	FDFCFF  	sbc $FFFC,X
DC/B989:	FFF9FFFF	sbc $FFFFF9,X
DC/B98D:	FFC0FF1F	sbc $1FFFC0,X
DC/B991:	FF0FFF3F	sbc $3FFF0F,X
DC/B995:	FF0FFF00	sbc $00FF0F,X
DC/B999:	FF1FFF3F	sbc $3FFF1F,X
DC/B99D:	FF40FFEB	sbc $EBFF40,X
DC/B9A1:	FFC6EBFA	sbc $FAEBC6,X
DC/B9A5:	CCE5FC  	cpy $FCE5
DC/B9A8:	FFFFE9FF	sbc $FFE9FF,X
DC/B9AC:	73FF    	adc ($FF,S),Y
DC/B9AE:	00FF    	
DC/B9B0:	3FFF3FFF	and $FF3FFF,X
DC/B9B4:	3FFF3FFF	and $FF3FFF,X
DC/B9B8:	00FF    	
DC/B9BA:	37FF    	and [$FF],Y
DC/B9BC:	73FF    	adc ($FF,S),Y
DC/B9BE:	00FF    	
DC/B9C0:	0000    	
DC/B9C2:	0000    	
DC/B9C4:	18      	 
DC/B9C5:	0014    	brk $14
DC/B9C7:	0024    	brk $24
DC/B9C9:	001C    	brk $1C
DC/B9CB:	08      	 
DC/B9CC:	1C3610  	trb $1036
DC/B9CF:	590000  	eor $0000,Y
DC/B9D2:	0000    	
DC/B9D4:	0018    	brk $18
DC/B9D6:	001C    	brk $1C
DC/B9D8:	003C    	brk $3C
DC/B9DA:	08      	 
DC/B9DB:	143E    	trb $3E
DC/B9DD:	3E677F  	rol $7F67,X
DC/B9E0:	0101    	ora ($01,X)
DC/B9E2:	0100    	ora ($00,X)
DC/B9E4:	0203    	cop $03
DC/B9E6:	0101    	ora ($01,X)
DC/B9E8:	0001    	
DC/B9EA:	0001    	
DC/B9EC:	0302    	ora $02,S
DC/B9EE:	0101    	ora ($01,X)
DC/B9F0:	0101    	ora ($01,X)
DC/B9F2:	0101    	ora ($01,X)
DC/B9F4:	0303    	ora $03,S
DC/B9F6:	0101    	ora ($01,X)
DC/B9F8:	0101    	ora ($01,X)
DC/B9FA:	0101    	ora ($01,X)
DC/B9FC:	0303    	ora $03,S
DC/B9FE:	0101    	ora ($01,X)
DC/BA00:	001B    	brk $1B
DC/BA02:	140B    	trb $0B
DC/BA04:	201723  	jsr $2317
DC/BA07:	107E    	bpl $BA87
DC/BA09:	04FF    	tsb $FF
DC/BA0B:	03F2    	ora $F2,S
DC/BA0D:	0F271F1F	ora $1F1F27
DC/BA11:	1E1F0E  	asl $0E1F,X
DC/BA14:	2F072F03	and $032F07
DC/BA18:	1F6702FF	ora $FF0267,X
DC/BA1C:	11E1    	ora ($E1),Y
DC/BA1E:	1121    	ora ($21),Y
DC/BA20:	30C0    	bmi $B9E2
DC/BA22:	08      	 
DC/BA23:	F003    	beq $BA28
DC/BA25:	FC00FF  	jsr ($FF00,X)
DC/BA28:	E01F36  	cpx #$361F
DC/BA2B:	093FC0  	ora #$C03F
DC/BA2E:	8B      	phb 
DC/BA2F:	B2FF    	lda ($FF)
DC/BA31:	00FF    	
DC/BA33:	10FF    	bpl $BA34
DC/BA35:	F0FF    	beq $BA36
DC/BA37:	F8      	sed 
DC/BA38:	FFFFFFFF	
DC/BA3C:	FFFFFDBF	sbc $BFFDFF,X
DC/BA40:	88      	dey 
DC/BA41:	F47374  	pea $7473
DC/BA44:	08      	 
DC/BA45:	0F38C009	ora $09C038
DC/BA49:	F600    	inc $00,X
DC/BA4B:	FF0CF39B	sbc $9BF30C,X
DC/BA4F:	60      	 
DC/BA50:	0300    	ora $00,S
DC/BA52:	88      	dey 
DC/BA53:	00F0    	brk $F0
DC/BA55:	00FF    	
DC/BA57:	00FF    	
DC/BA59:	06FF    	asl $FF
DC/BA5B:	9FFFBFFF	sta $FFBFFF,X
DC/BA5F:	FF3F001E	sbc $1E003F,X
DC/BA63:	0103    	ora ($03,X)
DC/BA65:	0003    	
DC/BA67:	0001    	
DC/BA69:	0000    	
DC/BA6B:	0000    	
DC/BA6D:	0000    	
DC/BA6F:	000F    	brk $0F
DC/BA71:	3002    	bmi $BA75
DC/BA73:	1C0300  	trb $0003
DC/BA76:	0003    	
DC/BA78:	0001    	
DC/BA7A:	0000    	
DC/BA7C:	0000    	
DC/BA7E:	0000    	
DC/BA80:	001F    	brk $1F
DC/BA82:	100F    	bpl $BA93
DC/BA84:	2310    	and $10,S
DC/BA86:	2410    	bit $10
DC/BA88:	7B      	tdc 
DC/BA89:	05FD    	ora $FD
DC/BA8B:	02F2    	cop $F2
DC/BA8D:	0D271D  	ora $1D27
DC/BA90:	1F1E1F0F	ora $0F1F1E,X
DC/BA94:	2F072F07	and $072F07
DC/BA98:	1E6703  	asl $0367,X
DC/BA9B:	FF13E113	sbc $13E113,X
DC/BA9F:	2130    	and ($30,X)
DC/BAA1:	C038C0  	cpy #$C038
DC/BAA4:	E31C    	sbc $1C,S
DC/BAA6:	40      	 
DC/BAA7:	3F403FA0	and $A03F40,X
DC/BAAB:	1F3BC497	ora $97C43B,X
DC/BAAF:	E1FF    	sbc ($FF,X)
DC/BAB1:	40      	 
DC/BAB2:	FFC0FFC0	sbc $C0FFC0,X
DC/BAB6:	FFE0FFF1	sbc $F1FFE0,X
DC/BABA:	FFFFFFFF	
DC/BABE:	FEFF88  	inc $88FF,X
DC/BAC1:	F47374  	pea $7473
DC/BAC4:	08      	 
DC/BAC5:	2F38C00F	and $0FC038
DC/BAC9:	F080    	beq $BA4B
DC/BACB:	7FC03F40	adc $403FC0,X
DC/BACF:	3F030088	and $880003,X
DC/BAD3:	00F0    	brk $F0
DC/BAD5:	20FFC0  	jsr $C0FF
DC/BAD8:	FFC0FFE0	sbc $E0FFC0,X
DC/BADC:	FFF0FFFF	sbc $FFFFF0,X
DC/BAE0:	3F001E01
DC/BAE4:	0300    	ora $00,S
DC/BAE6:	0300    	ora $00,S
DC/BAE8:	0100    	ora ($00,X)
DC/BAEA:	0000    	
DC/BAEC:	0000    	
DC/BAEE:	0000    	
DC/BAF0:	0D3202  	ora $0232
DC/BAF3:	1C0300  	trb $0003
DC/BAF6:	0003    	
DC/BAF8:	0001    	
DC/BAFA:	0000    	
DC/BAFC:	0000    	
DC/BAFE:	0000    	
DC/BB00:	001F    	brk $1F
DC/BB02:	140B    	trb $0B
DC/BB04:	22152310	jsr $102315
DC/BB08:	7F04FF03	adc $03FF04,X
DC/BB0C:	F20F    	sbc ($0F)
DC/BB0E:	271F    	and [$1F]
DC/BB10:	1F1E1F0E	ora $0E1F1E,X
DC/BB14:	2F072F03	and $032F07
DC/BB18:	1F6702FF	ora $FF0267,X
DC/BB1C:	11E1    	ora ($E1),Y
DC/BB1E:	1121    	ora ($21),Y
DC/BB20:	20D000  	jsr $00D0
DC/BB23:	F8      	sed 
DC/BB24:	03FC    	ora $FC,S
DC/BB26:	E01F60  	cpx #$601F
DC/BB29:	1F310E1E	ora $1E0E31,X
DC/BB2D:	C08AB2  	cpy #$B28A
DC/BB30:	FF10FF18	sbc $18FF10,X
DC/BB34:	FFF8FFF8	sbc $F8FFF8,X
DC/BB38:	FFFDFFFF	sbc $FFFFFD,X
DC/BB3C:	FFFFFDBF	sbc $BFFDFF,X
DC/BB40:	88      	dey 
DC/BB41:	F47374  	pea $7473
DC/BB44:	08      	 
DC/BB45:	0F18E10C	ora $0CE118
DC/BB49:	73C1    	adc ($C1,S),Y
DC/BB4B:	3EC638  	rol $38C6,X
DC/BB4E:	7D0003  	adc $0300,X
DC/BB51:	0088    	brk $88
DC/BB53:	00F0    	brk $F0
DC/BB55:	00FF    	
DC/BB57:	E1FF    	sbc ($FF,X)
DC/BB59:	C3FF    	cmp $FF,S
DC/BB5B:	E7FF    	sbc [$FF]
DC/BB5D:	FFFFFF3F	sbc $3FFFFF,X
DC/BB61:	001E    	
DC/BB63:	0103    	ora ($03,X)
DC/BB65:	0003    	
DC/BB67:	0001    	
DC/BB69:	0000    	
DC/BB6B:	0000    	
DC/BB6D:	0000    	
DC/BB6F:	000F    	brk $0F
DC/BB71:	3002    	bmi $BB75
DC/BB73:	1C0300  	trb $0003
DC/BB76:	0003    	
DC/BB78:	0001    	
DC/BB7A:	0000    	
DC/BB7C:	0000    	
DC/BB7E:	0000    	
DC/BB80:	041B    	tsb $1B
DC/BB82:	100F    	bpl $BB93
DC/BB84:	22112410	jsr $102411
DC/BB88:	7B      	tdc 
DC/BB89:	05FD    	ora $FD
DC/BB8B:	02F2    	cop $F2
DC/BB8D:	0D271D  	ora $1D27
DC/BB90:	1F181F0F	ora $0F1F18,X
DC/BB94:	2F072F07	and $072F07
DC/BB98:	1E6703  	asl $0367,X
DC/BB9B:	FF13E113	sbc $13E113,X
DC/BB9F:	2130    	and ($30,X)
DC/BBA1:	C018E0  	cpy #$E018
DC/BBA4:	03FC    	ora $FC,S
DC/BBA6:	D8      	cld 
DC/BBA7:	2768    	and [$68]
DC/BBA9:	0786    	ora [$86]
DC/BBAB:	012B    	ora ($2B,X)
DC/BBAD:	C8      	iny 
DC/BBAE:	90A0    	bcc $BB50
DC/BBB0:	FF00FF00	
DC/BBB4:	FFD8FFF8	sbc $F8FFD8,X
DC/BBB8:	FFFFFFFF	
DC/BBBC:	F7FF    	sbc [$FF],Y
DC/BBBE:	FFBF88F4	sbc $F488BF,X
DC/BBC2:	7374    	adc ($74,S),Y
DC/BBC4:	08      	 
DC/BBC5:	1F30CC03	ora $03CC30,X
DC/BBC9:	FC38C7  	jsr ($C738,X)
DC/BBCC:	E403    	cpx $03
DC/BBCE:	CE0903  	dec $0309
DC/BBD1:	0088    	brk $88
DC/BBD3:	00F0    	brk $F0
DC/BBD5:	10FF    	bpl $BBD6
DC/BBD7:	0CFFFC  	tsb $FCFF
DC/BBDA:	FFFCFFFF	sbc $FFFFFC,X
DC/BBDE:	F7FF    	sbc [$FF],Y
DC/BBE0:	3F001E01
DC/BBE4:	0300    	ora $00,S
DC/BBE6:	0300    	ora $00,S
DC/BBE8:	0100    	ora ($00,X)
DC/BBEA:	0000    	
DC/BBEC:	0000    	
DC/BBEE:	0000    	
DC/BBF0:	0D3202  	ora $0232
DC/BBF3:	1C0300  	trb $0003
DC/BBF6:	0003    	
DC/BBF8:	0001    	
DC/BBFA:	0000    	
DC/BBFC:	0000    	
DC/BBFE:	0000    	
DC/BC00:	D0CE    	bne $BBD0
DC/BC02:	D3C5    	cmp ($C5,S),Y
DC/BC04:	FE1ADC  	inc $DC1A,X
DC/BC07:	38      	sec 
DC/BC08:	E71B    	sbc [$1B]
DC/BC0A:	7D023F  	adc $3F02,X
DC/BC0D:	030C    	ora $0C,S
DC/BC0F:	033F    	ora $3F,S
DC/BC11:	0F3F05E7	ora $E7053F
DC/BC15:	0207    	cop $07
DC/BC17:	C024C0  	cpy #$C024
DC/BC1A:	38      	sec 
DC/BC1B:	440438  	mvp $04,$38
DC/BC1E:	030C    	ora $0C,S
DC/BC20:	E504    	sbc $04
DC/BC22:	07F9    	ora [$F9]
DC/BC24:	0367    	ora $67,S
DC/BC26:	5E1AEF  	lsr $EF1A,X
DC/BC29:	9B      	txy 
DC/BC2A:	7EB93F  	ror $3FB9,X
DC/BC2D:	83FF    	sta $FF,S
DC/BC2F:	00FB    	brk $FB
DC/BC31:	FFFFFFFF	
DC/BC35:	67E7    	adc [$E7]
DC/BC37:	0244    	cop $44
DC/BC39:	0044    	brk $44
DC/BC3B:	0078    	brk $78
DC/BC3D:	0401    	tsb $01
DC/BC3F:	FE00FF  	inc $FF00,X
DC/BC42:	00FF    	
DC/BC44:	0FF035C4	ora $C435F0
DC/BC48:	60      	 
DC/BC49:	8120    	sta ($20,X)
DC/BC4B:	D371    	cmp ($71,S),Y
DC/BC4D:	8E7D80  	stx $807D
DC/BC50:	FF0FFF3F	sbc $3FFF0F,X
DC/BC54:	FF7FFBFF	sbc $FFFB7F,X
DC/BC58:	FFFFFFFF	
DC/BC5C:	FFFFFF7F	sbc $7FFFFF,X
DC/BC60:	00FF    	
DC/BC62:	00FF    	
DC/BC64:	60      	 
DC/BC65:	9FFC03BE	sta $BE03FC,X
DC/BC69:	41AE    	eor ($AE,X)
DC/BC6B:	49E601  	eor #$01E6
DC/BC6E:	7E81FF  	ror $FF81,X
DC/BC71:	F0FF    	beq $BC72
DC/BC73:	FCFFFE  	jsr ($FEFF,X)
DC/BC76:	FFFFFFFF	
DC/BC7A:	F7FF    	sbc [$FF],Y
DC/BC7C:	FFFFFFFE	sbc $FEFFFF,X
DC/BC80:	D0CE    	bne $BC50
DC/BC82:	D245    	cmp ($45)
DC/BC84:	FE1ADC  	inc $DC1A,X
DC/BC87:	28      	 
DC/BC88:	E71B    	sbc [$1B]
DC/BC8A:	7D023F  	adc $3F02,X
DC/BC8D:	030C    	ora $0C,S
DC/BC8F:	033F    	ora $3F,S
DC/BC91:	0F3F05E7	ora $E7053F
DC/BC95:	0207    	cop $07
DC/BC97:	C024C0  	cpy #$C024
DC/BC9A:	38      	sec 
DC/BC9B:	440438  	mvp $04,$38
DC/BC9E:	030C    	ora $0C,S
DC/BCA0:	2504    	and $04
DC/BCA2:	03FC    	ora $FC,S
DC/BCA4:	0767    	ora [$67]
DC/BCA6:	5E1AEF  	lsr $EF1A,X
DC/BCA9:	9B      	txy 
DC/BCAA:	7EB93F  	ror $3FB9,X
DC/BCAD:	83FF    	sta $FF,S
DC/BCAF:	00FB    	brk $FB
DC/BCB1:	FFFFFFFF	
DC/BCB5:	67E7    	adc [$E7]
DC/BCB7:	0244    	cop $44
DC/BCB9:	0044    	brk $44
DC/BCBB:	0078    	brk $78
DC/BCBD:	0401    	tsb $01
DC/BCBF:	FE00FF  	inc $FF00,X
DC/BCC2:	00FF    	
DC/BCC4:	02F4    	cop $F4
DC/BCC6:	38      	sec 
DC/BCC7:	C727    	cmp [$27]
DC/BCC9:	88      	dey 
DC/BCCA:	7384    	adc ($84,S),Y
DC/BCCC:	5CA37780	jmp $8077A3
DC/BCD0:	FF0FFF3F	sbc $3FFF0F,X
DC/BCD4:	FF7FFFFF	sbc $FFFF7F,X
DC/BCD8:	FFFFFFFF	
DC/BCDC:	FFFFFF7F	sbc $7FFFFF,X
DC/BCE0:	00FF    	
DC/BCE2:	80FF    	bra $BCE3
DC/BCE4:	F00F    	beq $BCF5
DC/BCE6:	FC0342  	jsr ($4203,X)
DC/BCE9:	0148    	ora ($48,X)
DC/BCEB:	8B      	phb 
DC/BCEC:	C221    	rep #$21
DC/BCEE:	E21D    	sep #$1D
DC/BCF0:	FFF07FFC	sbc $FC7FF0,X
DC/BCF4:	FFFEFFFF	sbc $FFFFFE,X
DC/BCF8:	FFFFF7FF	sbc $FFF7FF,X
DC/BCFC:	FFFFFFFE	sbc $FEFFFF,X
DC/BD00:	C1FE    	cmp ($FE,X)
DC/BD02:	D1C7    	cmp ($C7),Y
DC/BD04:	FA      	plx 
DC/BD05:	1FD83CE7	ora $E73CD8,X
DC/BD09:	1B      	tcs 
DC/BD0A:	7D023F  	adc $3F02,X
DC/BD0D:	030C    	ora $0C,S
DC/BD0F:	033F    	ora $3F,S
DC/BD11:	3F3F07E7	and $E7073F,X
DC/BD15:	0707    	ora [$07]
DC/BD17:	C424    	cpy $24
DC/BD19:	C038    	cpy #$38
DC/BD1B:	440438  	mvp $04,$38
DC/BD1E:	030C    	ora $0C,S
DC/BD20:	BD800F  	lda $0F80,X
DC/BD23:	F007    	beq $BD2C
DC/BD25:	765E    	ror $5E,X
DC/BD27:	1A      	inc A
DC/BD28:	EF9B7EB9	sbc $B97E9B
DC/BD2C:	3F83FF00	and $00FF83,X
DC/BD30:	7FFFFFFF	adc $FFFFFF,X
DC/BD34:	FF77E702	sbc $02E777,X
DC/BD38:	440044  	mvp $00,$44
DC/BD3B:	0078    	brk $78
DC/BD3D:	0401    	tsb $01
DC/BD3F:	FE00FF  	inc $FF00,X
DC/BD42:	00FF    	
DC/BD44:	0FC031CE	ora $CE31C0
DC/BD48:	6E9127  	ror $2791
DC/BD4B:	C8      	iny 
DC/BD4C:	6C9078  	jmp ($7890)
DC/BD4F:	80FF    	bra $BD50
DC/BD51:	0FFF3FFF	ora $FF3FFF
DC/BD55:	7FFFFFFF	adc $FFFFFF,X
DC/BD59:	FFFFFFFF	
DC/BD5D:	FFFF7F00	sbc $007FFF,X
DC/BD61:	FF00FF20	sbc $20FF00,X
DC/BD65:	97FC    	sta [$FC],Y
DC/BD67:	035A    	ora $5A,S
DC/BD69:	01C2    	ora ($C2,X)
DC/BD6B:	05C6    	ora $C6
DC/BD6D:	393AC1  	and $C13A,Y
DC/BD70:	FFF0FFFC	sbc $FCFFF0,X
DC/BD74:	FFFEFFFF	sbc $FFFFFE,X
DC/BD78:	FFFFFFFF	
DC/BD7C:	FFFFFFFE	sbc $FEFFFF,X
DC/BD80:	C3DC    	cmp $DC,S
DC/BD82:	C1D7    	cmp ($D7,X)
DC/BD84:	FE1BDC  	inc $DC1B,X
DC/BD87:	38      	sec 
DC/BD88:	E71B    	sbc [$1B]
DC/BD8A:	7D023F  	adc $3F02,X
DC/BD8D:	030C    	ora $0C,S
DC/BD8F:	033F    	ora $3F,S
DC/BD91:	1F3F17E7	ora $E7173F,X
DC/BD95:	0307    	ora $07,S
DC/BD97:	C024    	cpy #$24
DC/BD99:	C038    	cpy #$38
DC/BD9B:	440438  	mvp $04,$38
DC/BD9E:	030C    	ora $0C,S
DC/BDA0:	9718    	sta [$18],Y
DC/BDA2:	07F8    	ora [$F8]
DC/BDA4:	0763    	ora [$63]
DC/BDA6:	5E1AEF  	lsr $EF1A,X
DC/BDA9:	9B      	txy 
DC/BDAA:	7EB93F  	ror $3FB9,X
DC/BDAD:	83FF    	sta $FF,S
DC/BDAF:	00EF    	
DC/BDB1:	FFFFFFFF	
DC/BDB5:	67E7    	adc [$E7]
DC/BDB7:	0244    	cop $44
DC/BDB9:	0044    	brk $44
DC/BDBB:	0078    	brk $78
DC/BDBD:	0401    	tsb $01
DC/BDBF:	FE00FF  	inc $FF00,X
DC/BDC2:	00FD    	brk $FD
DC/BDC4:	0FE03DC0	ora $C03DE0
DC/BDC8:	7384    	adc ($84,S),Y
DC/BDCA:	60      	 
DC/BDCB:	9251    	sta ($51)
DC/BDCD:	AD7880  	lda $8078
DC/BDD0:	FF0FFF3F	sbc $3FFF0F,X
DC/BDD4:	FF7FFFFF	sbc $FFFF7F,X
DC/BDD8:	FFFFFFFF	
DC/BDDC:	FEFFFF  	inc $FFFF,X
DC/BDDF:	7F00FF00	adc $00FF00,X
DC/BDE3:	FFB04F3C	sbc $3C4FB0,X
DC/BDE7:	C3DA    	cmp $DA,S
DC/BDE9:	2540    	and $40
DC/BDEB:	3F3E011E	and $1E013E,X
DC/BDEF:	21FF    	
DC/BDF1:	F0FF    	beq $BDF2
DC/BDF3:	FCFFFE  	jsr ($FEFF,X)
DC/BDF6:	FFFFFFFF	
DC/BDFA:	FFFFFFFF	
DC/BDFE:	FFFE2EC1	sbc $C12EFE,X
DC/BE02:	0778    	ora [$78]
DC/BE04:	D04F    	bne $BE55
DC/BE06:	639F    	adc $9F,S
DC/BE08:	9FE03B3C	sta $3C3BE0,X
DC/BE0C:	00F0    	brk $F0
DC/BE0E:	00FF    	
DC/BE10:	FF3FFF07	sbc $07FF3F,X
DC/BE14:	3F000000	and $000000,X
DC/BE18:	0000    	
DC/BE1A:	C000    	cpy #$00
DC/BE1C:	FF00FF00	
DC/BE20:	BC03E0  	ldy $E003,X
DC/BE23:	1E0BF2  	asl $F20B,X
DC/BE26:	C6F9    	dec $F9
DC/BE28:	F907DC  	sbc $DC07,Y
DC/BE2B:	3C000F  	bit $0F00,X
DC/BE2E:	00FF    	
DC/BE30:	FFFCFFE0	sbc $E0FFFC,X
DC/BE34:	FC0000  	jsr ($0000,X)
DC/BE37:	0000    	
DC/BE39:	0003    	
DC/BE3B:	00FF    	
DC/BE3D:	00FF    	
DC/BE3F:	0001    	
DC/BE41:	0000    	
DC/BE43:	0001    	
DC/BE45:	0000    	
DC/BE47:	0100    	ora ($00,X)
DC/BE49:	0304    	ora $04,S
DC/BE4B:	0306    	ora $06,S
DC/BE4D:	090708  	ora #$0807
DC/BE50:	0101    	ora ($01,X)
DC/BE52:	0000    	
DC/BE54:	0101    	ora ($01,X)
DC/BE56:	0101    	ora ($01,X)
DC/BE58:	0303    	ora $03,S
DC/BE5A:	0707    	ora [$07]
DC/BE5C:	0F0F0F0F	ora $0F0F0F
DC/BE60:	0000    	
DC/BE62:	8000    	bra $BE64
DC/BE64:	0080    	
DC/BE66:	00C0    	brk $C0
DC/BE68:	8060    	bra $BECA
DC/BE6A:	48      	pha 
DC/BE6B:	A098    	ldy #$98
DC/BE6D:	60      	 
DC/BE6E:	68      	pla 
DC/BE6F:	9000    	bcc $BE71
DC/BE71:	0080    	
DC/BE73:	8080    	bra $BDF5
DC/BE75:	80C0    	bra $BE37
DC/BE77:	C0E0    	cpy #$E0
DC/BE79:	E0E8    	cpx #$E8
DC/BE7B:	E8      	inx 
DC/BE7C:	F8      	sed 
DC/BE7D:	F8      	sed 
DC/BE7E:	F8      	sed 
DC/BE7F:	F8      	sed 
DC/BE80:	2EC107  	rol $07C1
DC/BE83:	78      	sei 
DC/BE84:	D04F    	bne $BED5
DC/BE86:	639F    	adc $9F,S
DC/BE88:	9FE03B3C	sta $3C3BE0,X
DC/BE8C:	00F0    	brk $F0
DC/BE8E:	00FF    	
DC/BE90:	FF3FFF07	sbc $07FF3F,X
DC/BE94:	3F000000	and $000000,X
DC/BE98:	0000    	
DC/BE9A:	C000    	cpy #$00
DC/BE9C:	FF00FF00	
DC/BEA0:	BC03E0  	ldy $E003,X
DC/BEA3:	1E0BF2  	asl $F20B,X
DC/BEA6:	C6F9    	dec $F9
DC/BEA8:	F907DC  	sbc $DC07,Y
DC/BEAB:	3C000F  	bit $0F00,X
DC/BEAE:	00FF    	
DC/BEB0:	FFFCFFE0	sbc $E0FFFC,X
DC/BEB4:	FC0000  	jsr ($0000,X)
DC/BEB7:	0000    	
DC/BEB9:	0003    	
DC/BEBB:	00FF    	
DC/BEBD:	00FF    	
DC/BEBF:	0000    	
DC/BEC1:	0000    	
DC/BEC3:	0002    	
DC/BEC5:	0000    	
DC/BEC7:	0000    	
DC/BEC9:	0104    	ora ($04,X)
DC/BECB:	0104    	ora ($04,X)
DC/BECD:	0308    	ora $08,S
DC/BECF:	0700    	ora [$00]
DC/BED1:	0000    	
DC/BED3:	0002    	
DC/BED5:	0200    	cop $00
DC/BED7:	0001    	
DC/BED9:	0105    	ora ($05,X)
DC/BEDB:	0507    	ora $07
DC/BEDD:	070F    	ora [$0F]
DC/BEDF:	0F000080	ora $800000
DC/BEE3:	0040    	
DC/BEE5:	8000    	bra $BEE7
DC/BEE7:	E040    	cpx #$40
DC/BEE9:	B060    	bcs $BF4B
DC/BEEB:	9000    	bcc $BEED
DC/BEED:	38      	sec 
DC/BEEE:	50C8    	bvc $BEB8
DC/BEF0:	0000    	
DC/BEF2:	8080    	bra $BE74
DC/BEF4:	C0C0    	cpy #$C0
DC/BEF6:	E0E0    	cpx #$E0
DC/BEF8:	F0F0    	beq $BEEA
DC/BEFA:	F0F0    	beq $BEEC
DC/BEFC:	F8      	sed 
DC/BEFD:	F8      	sed 
DC/BEFE:	B8      	clv 
DC/BEFF:	F8      	sed 
DC/BF00:	3CC307  	bit $07C3,X
DC/BF03:	78      	sei 
DC/BF04:	D04F    	bne $BF55
DC/BF06:	639F    	adc $9F,S
DC/BF08:	9FE03B3C	sta $3C3BE0,X
DC/BF0C:	00F0    	brk $F0
DC/BF0E:	00FF    	
DC/BF10:	FF3FFF07	sbc $07FF3F,X
DC/BF14:	3F000000	and $000000,X
DC/BF18:	0000    	
DC/BF1A:	C000    	cpy #$00
DC/BF1C:	FF00FF00	
DC/BF20:	7C83C0  	jmp ($C083,X)
DC/BF23:	1E0BF2  	asl $F20B,X
DC/BF26:	C6F9    	dec $F9
DC/BF28:	F907DC  	sbc $DC07,Y
DC/BF2B:	3C000F  	bit $0F00,X
DC/BF2E:	00FF    	
DC/BF30:	FFFCFFE0	sbc $E0FFFC,X
DC/BF34:	FC0000  	jsr ($0000,X)
DC/BF37:	0000    	
DC/BF39:	0003    	
DC/BF3B:	00FF    	
DC/BF3D:	00FF    	
DC/BF3F:	0000    	
DC/BF41:	0001    	
DC/BF43:	0000    	
DC/BF45:	0000    	
DC/BF47:	0008    	brk $08
DC/BF49:	0104    	ora ($04,X)
DC/BF4B:	0304    	ora $04,S
DC/BF4D:	0308    	ora $08,S
DC/BF4F:	0700    	ora [$00]
DC/BF51:	0001    	
DC/BF53:	0100    	ora ($00,X)
DC/BF55:	0000    	
DC/BF57:	0009    	brk $09
DC/BF59:	090707  	ora #$0707
DC/BF5C:	0707    	ora [$07]
DC/BF5E:	0F0F2000	ora $00200F
DC/BF62:	0000    	
DC/BF64:	8000    	bra $BF66
DC/BF66:	00C0    	brk $C0
DC/BF68:	40      	 
DC/BF69:	A000    	ldy #$00
DC/BF6B:	E080    	cpx #$80
DC/BF6D:	3040    	bmi $BFAF
DC/BF6F:	B020    	bcs $BF91
DC/BF71:	200000  	jsr $0000
DC/BF74:	8080    	bra $BEF6
DC/BF76:	C0C0    	cpy #$C0
DC/BF78:	E0E0    	cpx #$E0
DC/BF7A:	E0E0    	cpx #$E0
DC/BF7C:	F0F0    	beq $BF6E
DC/BF7E:	F0F0    	beq $BF70
DC/BF80:	3CC206  	bit $06C2,X
DC/BF83:	79D04F  	adc $4FD0,Y
DC/BF86:	639F    	adc $9F,S
DC/BF88:	9FE03B3C	sta $3C3BE0,X
DC/BF8C:	00F0    	brk $F0
DC/BF8E:	00FF    	
DC/BF90:	FF3FFF07	sbc $07FF3F,X
DC/BF94:	3F000000	and $000000,X
DC/BF98:	0000    	
DC/BF9A:	C000    	cpy #$00
DC/BF9C:	FF00FF00	
DC/BFA0:	3C4360  	bit $6043,X
DC/BFA3:	9E0BF2  	stz $F20B,X
DC/BFA6:	C6F9    	dec $F9
DC/BFA8:	F907DC  	sbc $DC07,Y
DC/BFAB:	3C000F  	bit $0F00,X
DC/BFAE:	00FF    	
DC/BFB0:	FFFCFFE0	sbc $E0FFFC,X
DC/BFB4:	FC0000  	jsr ($0000,X)
DC/BFB7:	0000    	
DC/BFB9:	0003    	
DC/BFBB:	00FF    	
DC/BFBD:	00FF    	
DC/BFBF:	0000    	
DC/BFC1:	0000    	
DC/BFC3:	0000    	
DC/BFC5:	0100    	ora ($00,X)
DC/BFC7:	0302    	ora $02,S
DC/BFC9:	0503    	ora $03
DC/BFCB:	0403    	tsb $03
DC/BFCD:	0C020D  	tsb $0D02
DC/BFD0:	0000    	
DC/BFD2:	0000    	
DC/BFD4:	0101    	ora ($01,X)
DC/BFD6:	0303    	ora $03,S
DC/BFD8:	0707    	ora [$07]
DC/BFDA:	0707    	ora [$07]
DC/BFDC:	0F0F0F0F	ora $0F0F0F
DC/BFE0:	0000    	
DC/BFE2:	A000    	ldy #$00
DC/BFE4:	9000    	bcc $BFE6
DC/BFE6:	8000    	bra $BFE8
DC/BFE8:	8000    	bra $BFEA
DC/BFEA:	00C0    	brk $C0
DC/BFEC:	00E0    	
DC/BFEE:	9060    	bcc $C050
DC/BFF0:	0000    	
DC/BFF2:	A0A0    	ldy #$A0
DC/BFF4:	9090    	bcc $BF86
DC/BFF6:	8080    	bra $BF78
DC/BFF8:	8080    	bra $BF7A
DC/BFFA:	C0C0    	cpy #$C0
DC/BFFC:	E0E0    	cpx #$E0
DC/BFFE:	F0F0    	beq $BFF0
DC/C000:	0409    	tsb $09
DC/C002:	2118    	and ($18,X)
DC/C004:	432F    	eor $2F,S
DC/C006:	410E    	eor ($0E,X)
DC/C008:	88      	dey 
DC/C009:	7B      	tdc 
DC/C00A:	D032    	bne $C03E
DC/C00C:	700E    	bvs $C01C
DC/C00E:	0201    	cop $01
DC/C010:	0F0F3F0F	ora $0F3F0F
DC/C014:	5C0F7F03	jmp $037F0F
DC/C018:	B701    	lda [$01],Y
DC/C01A:	CF007F00	cmp $007F00
DC/C01E:	0300    	ora $00,S
DC/C020:	A010    	ldy #$10
DC/C022:	88      	dey 
DC/C023:	7004    	bvs $C029
DC/C025:	700A    	bvs $C031
DC/C027:	F414DA  	pea $DA14
DC/C02A:	82D82E  	brl $EF05
DC/C02D:	9040    	bcc $C06F
DC/C02F:	80F0    	bra $C021
DC/C031:	F0F8    	beq $C02B
DC/C033:	F0FC    	beq $C031
DC/C035:	F0FA    	beq $C031
DC/C037:	E0EE    	cpx #$EE
DC/C039:	C066    	cpy #$66
DC/C03B:	007E    	brk $7E
DC/C03D:	00C0    	brk $C0
DC/C03F:	0000    	
DC/C041:	0000    	
DC/C043:	0000    	
DC/C045:	00C0    	brk $C0
DC/C047:	27F3    	and [$F3]
DC/C049:	EB      	xba 
DC/C04A:	94E7    	sty $E7,X
DC/C04C:	19EA3B  	ora $3BEA,Y
DC/C04F:	C700    	cmp [$00]
DC/C051:	0000    	
DC/C053:	0000    	
DC/C055:	00E7    	brk $E7
DC/C057:	E71C    	sbc [$1C]
DC/C059:	FF08FF04	sbc $04FF08,X
DC/C05D:	FF04FF00	sbc $00FF04,X
DC/C061:	0000    	
DC/C063:	0000    	
DC/C065:	0038    	brk $38
DC/C067:	467A    	lsr $7A
DC/C069:	B90C7D  	lda $7D0C,Y
DC/C06C:	437E    	eor $7E,S
DC/C06E:	5FAF0000	eor $0000AF,X
DC/C072:	0000    	
DC/C074:	0000    	
DC/C076:	7E7EC7  	ror $C77E,X
DC/C079:	FF83FF81	sbc $81FF83,X
DC/C07D:	FF80FF03	sbc $03FF80,X
DC/C081:	0C201C  	tsb $1C20
DC/C084:	432D    	eor $2D,S
DC/C086:	410E    	eor ($0E,X)
DC/C088:	88      	dey 
DC/C089:	7B      	tdc 
DC/C08A:	D032    	bne $C0BE
DC/C08C:	700E    	bvs $C09C
DC/C08E:	0201    	cop $01
DC/C090:	0F0F3F0F	ora $0F3F0F
DC/C094:	5E0F7F  	lsr $7F0F,X
DC/C097:	03B7    	ora $B7,S
DC/C099:	01CF    	ora ($CF,X)
DC/C09B:	007F    	brk $7F
DC/C09D:	0003    	
DC/C09F:	0080    	
DC/C0A1:	68      	pla 
DC/C0A2:	D028    	bne $C0CC
DC/C0A4:	C430    	cpy $30
DC/C0A6:	CA      	dex 
DC/C0A7:	B414    	ldy $14,X
DC/C0A9:	DA      	phx 
DC/C0AA:	82D82E  	brl $EF85
DC/C0AD:	9040    	bcc $C0EF
DC/C0AF:	80F8    	bra $C0A9
DC/C0B1:	F8      	sed 
DC/C0B2:	F8      	sed 
DC/C0B3:	F8      	sed 
DC/C0B4:	FCF07A  	jsr ($7AF0,X)
DC/C0B7:	E0EE    	cpx #$EE
DC/C0B9:	C066    	cpy #$66
DC/C0BB:	007E    	brk $7E
DC/C0BD:	00C0    	brk $C0
DC/C0BF:	0000    	
DC/C0C1:	0000    	
DC/C0C3:	0000    	
DC/C0C5:	00C0    	brk $C0
DC/C0C7:	27F3    	and [$F3]
DC/C0C9:	EB      	xba 
DC/C0CA:	86F5    	stx $F5
DC/C0CC:	0FF82DD0	ora $D02DF8
DC/C0D0:	0000    	
DC/C0D2:	0000    	
DC/C0D4:	0000    	
DC/C0D6:	E7E7    	sbc [$E7]
DC/C0D8:	1CFF08  	trb $08FF
DC/C0DB:	FF00FF00	
DC/C0DF:	FF000000	sbc $000000,X
DC/C0E3:	0000    	
DC/C0E5:	0038    	brk $38
DC/C0E7:	467A    	lsr $7A
DC/C0E9:	B90C7D  	lda $7D0C,Y
DC/C0EC:	C3FE    	cmp $FE,S
DC/C0EE:	0FFF0000	ora $0000FF
DC/C0F2:	0000    	
DC/C0F4:	0000    	
DC/C0F6:	7E7EC7  	ror $C77E,X
DC/C0F9:	FF83FF01	sbc $01FF83,X
DC/C0FD:	FF80FF03	sbc $03FF80,X
DC/C101:	0C2618  	tsb $1826
DC/C104:	442843  	mvp $28,$43
DC/C107:	0D887B  	ora $7B88
DC/C10A:	D033    	bne $C13F
DC/C10C:	700E    	bvs $C11C
DC/C10E:	0201    	cop $01
DC/C110:	0F0F3F0F	ora $0F3F0F
DC/C114:	5F0F7E07	eor $077E0F,X
DC/C118:	B703    	lda [$03],Y
DC/C11A:	CF017F00	cmp $007F01
DC/C11E:	0300    	ora $00,S
DC/C120:	E010    	cpx #$10
DC/C122:	68      	pla 
DC/C123:	10C4    	bpl $C0E9
DC/C125:	304A    	bmi $C171
DC/C127:	3414    	bit $14,X
DC/C129:	FA      	plx 
DC/C12A:	02D8    	cop $D8
DC/C12C:	2E9040  	rol $4090
DC/C12F:	80F0    	bra $C121
DC/C131:	F0F8    	beq $C12B
DC/C133:	F0FC    	beq $C131
DC/C135:	F0FA    	beq $C131
DC/C137:	F0EE    	beq $C127
DC/C139:	E0E6    	cpx #$E6
DC/C13B:	807E    	bra $C1BB
DC/C13D:	00C0    	brk $C0
DC/C13F:	0000    	
DC/C141:	0000    	
DC/C143:	0000    	
DC/C145:	00C0    	brk $C0
DC/C147:	27F3    	and [$F3]
DC/C149:	EB      	xba 
DC/C14A:	85F6    	sta $F6
DC/C14C:	09FA03  	ora #$03FA
DC/C14F:	FE0000  	inc $0000,X
DC/C152:	0000    	
DC/C154:	0000    	
DC/C156:	E7E7    	sbc [$E7]
DC/C158:	1CFF08  	trb $08FF
DC/C15B:	FF04FF04	sbc $04FF04,X
DC/C15F:	FF000000	sbc $000000,X
DC/C163:	0000    	
DC/C165:	0038    	brk $38
DC/C167:	467A    	lsr $7A
DC/C169:	B90C7D  	lda $7D0C,Y
DC/C16C:	433E    	eor $3E,S
DC/C16E:	DF3F0000	cmp $00003F,X
DC/C172:	0000    	
DC/C174:	0000    	
DC/C176:	7E7EC7  	ror $C77E,X
DC/C179:	FF83FF81	sbc $81FF83,X
DC/C17D:	FF00FF00	
DC/C181:	0C2418  	tsb $1824
DC/C184:	432D    	eor $2D,S
DC/C186:	410E    	eor ($0E,X)
DC/C188:	88      	dey 
DC/C189:	7B      	tdc 
DC/C18A:	D032    	bne $C1BE
DC/C18C:	700E    	bvs $C19C
DC/C18E:	0201    	cop $01
DC/C190:	0F0F3F0F	ora $0F3F0F
DC/C194:	5E0F7F  	lsr $7F0F,X
DC/C197:	07B7    	ora [$B7]
DC/C199:	03CF    	ora $CF,S
DC/C19B:	007F    	brk $7F
DC/C19D:	0003    	
DC/C19F:	00E0    	
DC/C1A1:	10E0    	bpl $C183
DC/C1A3:	1024    	bpl $C1C9
DC/C1A5:	108A    	bpl $C131
DC/C1A7:	B414    	ldy $14,X
DC/C1A9:	DA      	phx 
DC/C1AA:	82D82E  	brl $F085
DC/C1AD:	9040    	bcc $C1EF
DC/C1AF:	80F0    	bra $C1A1
DC/C1B1:	F0F0    	beq $C1A3
DC/C1B3:	F0FC    	beq $C1B1
DC/C1B5:	F07A    	beq $C231
DC/C1B7:	E0EE    	cpx #$EE
DC/C1B9:	C066    	cpy #$66
DC/C1BB:	007E    	brk $7E
DC/C1BD:	00C0    	brk $C0
DC/C1BF:	0000    	
DC/C1C1:	0000    	
DC/C1C3:	0000    	
DC/C1C5:	00C0    	brk $C0
DC/C1C7:	27F3    	and [$F3]
DC/C1C9:	EB      	xba 
DC/C1CA:	84F7    	sty $F7
DC/C1CC:	09FA33  	ora #$33FA
DC/C1CF:	CC0000  	cpy $0000
DC/C1D2:	0000    	
DC/C1D4:	0000    	
DC/C1D6:	E7E7    	sbc [$E7]
DC/C1D8:	1CFF08  	trb $08FF
DC/C1DB:	FF04FF04	sbc $04FF04,X
DC/C1DF:	FF000000	sbc $000000,X
DC/C1E3:	0000    	
DC/C1E5:	0038    	brk $38
DC/C1E7:	467A    	lsr $7A
DC/C1E9:	B90C7D  	lda $7D0C,Y
DC/C1EC:	437E    	eor $7E,S
DC/C1EE:	0FFF0000	ora $0000FF
DC/C1F2:	0000    	
DC/C1F4:	0000    	
DC/C1F6:	7E7EC7  	ror $C77E,X
DC/C1F9:	FF83FF81	sbc $81FF83,X
DC/C1FD:	FFC0FF08	sbc $08FFC0,X
DC/C201:	08      	 
DC/C202:	2167    	and ($67,X)
DC/C204:	1616    	asl $16,X
DC/C206:	C23D    	rep #$3D
DC/C208:	78      	sei 
DC/C209:	AFC17E4D	lda $4D7EC1
DC/C20D:	BFE05F08	lda $085FE0,X
DC/C211:	0067    	brk $67
DC/C213:	0016    	brk $16
DC/C215:	003D    	brk $3D
DC/C217:	00AF    	brk $AF
DC/C219:	007E    	brk $7E
DC/C21B:	00BF    	brk $BF
DC/C21D:	005F    	brk $5F
DC/C21F:	00AB    	brk $AB
DC/C221:	3A      	
DC/C222:	923A    	sta ($3A)
DC/C224:	D46E    	pei ($6E)
DC/C226:	866E    	stx $6E
DC/C228:	06EC    	asl $EC
DC/C22A:	7FD56AD7	adc $D76AD5,X
DC/C22E:	89F5A7  	bit #$A7F5
DC/C231:	FDB7EF  	sbc $EFB7,X
DC/C234:	E3FF    	sbc $FF,S
DC/C236:	E3BD    	sbc $BD,S
DC/C238:	E37F    	sbc $7F,S
DC/C23A:	F23F    	sbc ($3F)
DC/C23C:	F32C    	sbc ($2C,S),Y
DC/C23E:	F61B    	inc $1B,X
DC/C240:	F990A8  	sbc $A890,Y
DC/C243:	9000    	bcc $C245
DC/C245:	9037    	bcc $C27E
DC/C247:	A796    	lda [$96]
DC/C249:	4FDC4F7C	eor $7C4FDC
DC/C24D:	6F717F32	adc $327F71
DC/C251:	EF22FF22	sbc $22FF22
DC/C255:	FF27DC6D	sbc $6DDC27,X
DC/C259:	B66F    	ldx $6F,Y
DC/C25B:	FC4FF5  	jsr ($F54F,X)
DC/C25E:	5FE8909A	eor $9A90E8,X
DC/C262:	60      	 
DC/C263:	60      	 
DC/C264:	003C    	brk $3C
DC/C266:	BDD21B  	lda $1BD2,X
DC/C269:	EC0AFF  	cpx $FF0A
DC/C26C:	36FD    	rol $FD,X
DC/C26E:	2DF69A  	and $9AF6
DC/C271:	0060    	brk $60
DC/C273:	003C    	brk $3C
DC/C275:	00D2    	brk $D2
DC/C277:	00EC    	brk $EC
DC/C279:	00FF    	
DC/C27B:	00FD    	brk $FD
DC/C27D:	00F6    	brk $F6
DC/C27F:	0001    	
DC/C281:	5106    	eor ($06),Y
DC/C283:	0600    	asl $00
DC/C285:	3CBD4B  	bit $4BBD,X
DC/C288:	D8      	cld 
DC/C289:	3650    	rol $50,X
DC/C28B:	FF6CBFB4	sbc $B4BF6C,X
DC/C28F:	7F510006	adc $060051,X
DC/C293:	003C    	brk $3C
DC/C295:	004B    	brk $4B
DC/C297:	0036    	brk $36
DC/C299:	00FF    	
DC/C29B:	00BF    	brk $BF
DC/C29D:	007F    	brk $7F
DC/C29F:	00AB    	brk $AB
DC/C2A1:	3A      	
DC/C2A2:	B22A    	lda ($2A)
DC/C2A4:	D46E    	pei ($6E)
DC/C2A6:	C4EE    	cpy $EE
DC/C2A8:	04FE    	tsb $FE
DC/C2AA:	3FD539D5	and $D539D5,X
DC/C2AE:	89FDA7  	bit #$A7FD
DC/C2B1:	FFA7DFE3	sbc $E3DFA7,X
DC/C2B5:	FDEB37  	sbc $37EB,X
DC/C2B8:	F36D    	sbc ($6D,S),Y
DC/C2BA:	F23F    	sbc ($3F)
DC/C2BC:	F22F    	sbc ($2F)
DC/C2BE:	FA      	plx 
DC/C2BF:	17E9    	ora [$E9],Y
DC/C2C1:	90A8    	bcc $C26B
DC/C2C3:	98      	tya 
DC/C2C4:	0090    	brk $90
DC/C2C6:	55C7    	eor $C7,X
DC/C2C8:	9E0FDE  	stz $DE0F,X
DC/C2CB:	4F76EF41	eor $41EF76
DC/C2CF:	6F22FF2A	adc $2AFF22
DC/C2D3:	F722    	sbc [$22],Y
DC/C2D5:	FF67BD2D	sbc $2DBD67,X
DC/C2D9:	FE6FFC  	inc $FC6F,X
DC/C2DC:	CF346FD8	cmp $D86F34
DC/C2E0:	1010    	bpl $C2F2
DC/C2E2:	84E6    	sty $E6
DC/C2E4:	68      	pla 
DC/C2E5:	68      	pla 
DC/C2E6:	43BC    	eor $BC,S
DC/C2E8:	1EF583  	asl $83F5,X
DC/C2EB:	FEB2FD  	inc $FDB2,X
DC/C2EE:	07FA    	ora [$FA]
DC/C2F0:	1000    	bpl $C2F2
DC/C2F2:	E600    	inc $00
DC/C2F4:	68      	pla 
DC/C2F5:	00BC    	brk $BC
DC/C2F7:	00F5    	brk $F5
DC/C2F9:	00FE    	brk $FE
DC/C2FB:	00FD    	brk $FD
DC/C2FD:	00FA    	
DC/C2FF:	0008    	brk $08
DC/C301:	08      	 
DC/C302:	2167    	and ($67,X)
DC/C304:	1616    	asl $16,X
DC/C306:	C23D    	rep #$3D
DC/C308:	78      	sei 
DC/C309:	AFC17E4D	lda $4D7EC1
DC/C30D:	B7E0    	lda [$E0],Y
DC/C30F:	5F080067	eor $670008,X
DC/C313:	0016    	brk $16
DC/C315:	003D    	brk $3D
DC/C317:	00AF    	brk $AF
DC/C319:	007E    	brk $7E
DC/C31B:	00B7    	brk $B7
DC/C31D:	005F    	brk $5F
DC/C31F:	00AB    	brk $AB
DC/C321:	3A      	
DC/C322:	923A    	sta ($3A)
DC/C324:	D46E    	pei ($6E)
DC/C326:	866E    	stx $6E
DC/C328:	06EC    	asl $EC
DC/C32A:	7FD56AD7	adc $D76AD5,X
DC/C32E:	89F5A7  	bit #$A7F5
DC/C331:	FFB7EFE3	sbc $E3EFB7,X
DC/C335:	FFE3BDE3	sbc $E3BDE3,X
DC/C339:	7FF23FF3	adc $F33FF2,X
DC/C33D:	2CF61B  	bit $1BF6
DC/C340:	E990A8  	sbc #$A890
DC/C343:	9000    	bcc $C345
DC/C345:	9037    	bcc $C37E
DC/C347:	A796    	lda [$96]
DC/C349:	4FDC4F7C	eor $7C4FDC
DC/C34D:	6F717F22	adc $227F71
DC/C351:	FF22FF22	sbc $22FF22,X
DC/C355:	FF27DC6D	sbc $6DDC27,X
DC/C359:	B66F    	ldx $6F,Y
DC/C35B:	FC4FF5  	jsr ($F54F,X)
DC/C35E:	5FE8909A	eor $9A90E8,X
DC/C362:	60      	 
DC/C363:	60      	 
DC/C364:	003C    	brk $3C
DC/C366:	BDD25B  	lda $5BD2,X
DC/C369:	EC8AFF  	cpx $FF8A
DC/C36C:	36FD    	rol $FD,X
DC/C36E:	2DF69A  	and $9AF6
DC/C371:	0060    	brk $60
DC/C373:	003C    	brk $3C
DC/C375:	00D2    	brk $D2
DC/C377:	00EC    	brk $EC
DC/C379:	00FF    	
DC/C37B:	00FD    	brk $FD
DC/C37D:	00F6    	brk $F6
DC/C37F:	0009    	brk $09
DC/C381:	590606  	eor $0606,Y
DC/C384:	003C    	brk $3C
DC/C386:	BD4BD8  	lda $D84B,X
DC/C389:	3750    	and [$50],Y
DC/C38B:	FF6CBFB4	sbc $B4BF6C,X
DC/C38F:	6F590006	adc $060059
DC/C393:	003C    	brk $3C
DC/C395:	004B    	brk $4B
DC/C397:	0037    	brk $37
DC/C399:	00FF    	
DC/C39B:	00BF    	brk $BF
DC/C39D:	006F    	brk $6F
DC/C39F:	00AB    	brk $AB
DC/C3A1:	3A      	
DC/C3A2:	922A    	sta ($2A)
DC/C3A4:	D46E    	pei ($6E)
DC/C3A6:	C4EE    	cpy $EE
DC/C3A8:	06FC    	asl $FC
DC/C3AA:	3FD53955	and $5539D5,X
DC/C3AE:	89FDAF  	bit #$AFFD
DC/C3B1:	F7A7    	sbc [$A7],Y
DC/C3B3:	FFE3FFE3	sbc $E3FFE3,X
DC/C3B7:	3FF36FF2	and $F26FF3,X
DC/C3BB:	3FF2AFFA	and $FAAFF2,X
DC/C3BF:	17E9    	ora [$E9],Y
DC/C3C1:	90A8    	bcc $C36B
DC/C3C3:	98      	tya 
DC/C3C4:	0090    	brk $90
DC/C3C6:	55C7    	eor $C7,X
DC/C3C8:	9E0FDE  	stz $DE0F,X
DC/C3CB:	4F76EF41	eor $41EF76
DC/C3CF:	6F22FF2A	adc $2AFF22
DC/C3D3:	F722    	sbc [$22],Y
DC/C3D5:	FF67BD2D	sbc $2DBD67,X
DC/C3D9:	FE6FFC  	inc $FC6F,X
DC/C3DC:	CF346FD8	cmp $D86F34
DC/C3E0:	1010    	bpl $C3F2
DC/C3E2:	84E6    	sty $E6
DC/C3E4:	68      	pla 
DC/C3E5:	68      	pla 
DC/C3E6:	43BC    	eor $BC,S
DC/C3E8:	1EF583  	asl $83F5,X
DC/C3EB:	7EB2FD  	ror $FDB2,X
DC/C3EE:	07FA    	ora [$FA]
DC/C3F0:	1000    	bpl $C3F2
DC/C3F2:	E600    	inc $00
DC/C3F4:	68      	pla 
DC/C3F5:	00BC    	brk $BC
DC/C3F7:	00F5    	brk $F5
DC/C3F9:	007E    	brk $7E
DC/C3FB:	00FD    	brk $FD
DC/C3FD:	00FA    	
DC/C3FF:	003A    	brk $3A
DC/C401:	FFE87FBF	sbc $BF7FE8,X
DC/C405:	5FF60FBA	eor $BA0FF6,X
DC/C409:	47FF    	eor [$FF]
DC/C40B:	10FD    	bpl $C40A
DC/C40D:	02FF    	cop $FF
DC/C40F:	00FF    	
DC/C411:	007F    	brk $7F
DC/C413:	005F    	brk $5F
DC/C415:	000F    	brk $0F
DC/C417:	0047    	brk $47
DC/C419:	0010    	
DC/C41B:	0002    	
DC/C41D:	0000    	
DC/C41F:	00C8    	brk $C8
DC/C421:	FF91FFB9	sbc $B9FF91,X
DC/C425:	F703    	sbc [$03],Y
DC/C427:	FE08BF  	inc $BF08,X
DC/C42A:	04BB    	tsb $BB
DC/C42C:	98      	tya 
DC/C42D:	278D    	and [$8D]
DC/C42F:	02FF    	cop $FF
DC/C431:	00FF    	
DC/C433:	00FF    	
DC/C435:	00FF    	
DC/C437:	00FF    	
DC/C439:	00FF    	
DC/C43B:	007F    	brk $7F
DC/C43D:	007F    	brk $7F
DC/C43F:	008D    	brk $8D
DC/C441:	FB      	xce 
DC/C442:	09FFAE  	ora #$AEFF
DC/C445:	DF16CB10	cmp $10CB16,X
DC/C449:	7E04BA  	ror $BA04,X
DC/C44C:	093201  	ora #$0132
DC/C44F:	50FF    	bvc $C450
DC/C451:	00FF    	
DC/C453:	00FF    	
DC/C455:	00FF    	
DC/C457:	00FF    	
DC/C459:	00FF    	
DC/C45B:	00FE    	brk $FE
DC/C45D:	00FE    	brk $FE
DC/C45F:	00E2    	brk $E2
DC/C461:	FD9BFC  	sbc $FC9B,X
DC/C464:	2FFA5FF0	and $F05FFA
DC/C468:	FF8AEF50	sbc $50EF8A,X
DC/C46C:	FF00FF00	
DC/C470:	FD00FC  	sbc $FC00,X
DC/C473:	00FA    	
DC/C475:	00F0    	brk $F0
DC/C477:	008A    	brk $8A
DC/C479:	0050    	brk $50
DC/C47B:	0000    	
DC/C47D:	0000    	
DC/C47F:	0047    	brk $47
DC/C481:	BFD93FFC	lda $FC3FD9,X
DC/C485:	57FA    	eor [$FA],Y
DC/C487:	1FFF49F7	ora $F749FF,X
DC/C48B:	0A      	asl A
DC/C48C:	FF00FF00	
DC/C490:	BF003F00	lda $003F00,X
DC/C494:	5700    	eor [$00],Y
DC/C496:	1F004900	ora $004900,X
DC/C49A:	0A      	asl A
DC/C49B:	0000    	
DC/C49D:	0000    	
DC/C49F:	00B1    	brk $B1
DC/C4A1:	DF90FF75	cmp $75FF90,X
DC/C4A5:	FB      	xce 
DC/C4A6:	68      	pla 
DC/C4A7:	D308    	cmp ($08,S),Y
DC/C4A9:	7E215F  	ror $5F21,X
DC/C4AC:	904C    	bcc $C4FA
DC/C4AE:	800B    	bra $C4BB
DC/C4B0:	FF00FF00	
DC/C4B4:	FF00FF00	
DC/C4B8:	FF00FF00	
DC/C4BC:	7F007F00	adc $007F00,X
DC/C4C0:	13FF    	ora ($FF,S),Y
DC/C4C2:	89FF9D  	bit #$9DFF
DC/C4C5:	EFC47F00	sbc $007FC4
DC/C4C9:	FD2CDD  	sbc $DD2C,X
DC/C4CC:	A9F4B1  	lda #$B1F4
DC/C4CF:	60      	 
DC/C4D0:	FF00FF00	
DC/C4D4:	FF00FF00	
DC/C4D8:	FF00FF00	
DC/C4DC:	FE00FE  	inc $FE00,X
DC/C4DF:	005C    	brk $5C
DC/C4E1:	FF37FEFD	sbc $FDFE37,X
DC/C4E5:	FA      	plx 
DC/C4E6:	EFF05DE2	sbc $E25DF0
DC/C4EA:	FF0ABF40	sbc $40BF0A,X
DC/C4EE:	FF00FF00	
DC/C4F2:	FE00FA  	inc $FA00,X
DC/C4F5:	00F0    	brk $F0
DC/C4F7:	00E2    	brk $E2
DC/C4F9:	000A    	brk $0A
DC/C4FB:	0040    	
DC/C4FD:	0000    	
DC/C4FF:	003A    	brk $3A
DC/C501:	FFE87FBF	sbc $BF7FE8,X
DC/C505:	57F6    	eor [$F6],Y
DC/C507:	0B      	phd 
DC/C508:	BE43FF  	ldx $FF43,Y
DC/C50B:	10FD    	bpl $C50A
DC/C50D:	02FF    	cop $FF
DC/C50F:	00FF    	
DC/C511:	007F    	brk $7F
DC/C513:	0057    	brk $57
DC/C515:	000B    	brk $0B
DC/C517:	0043    	brk $43
DC/C519:	0010    	
DC/C51B:	0002    	
DC/C51D:	0000    	
DC/C51F:	00C8    	brk $C8
DC/C521:	FF91FFB9	sbc $B9FF91,X
DC/C525:	F703    	sbc [$03],Y
DC/C527:	FE08BF  	inc $BF08,X
DC/C52A:	04BB    	tsb $BB
DC/C52C:	98      	tya 
DC/C52D:	278D    	and [$8D]
DC/C52F:	02FF    	cop $FF
DC/C531:	00FF    	
DC/C533:	00FF    	
DC/C535:	00FF    	
DC/C537:	00FF    	
DC/C539:	00FF    	
DC/C53B:	007F    	brk $7F
DC/C53D:	007F    	brk $7F
DC/C53F:	008D    	brk $8D
DC/C541:	FB      	xce 
DC/C542:	09FEAE  	ora #$AEFE
DC/C545:	DF16CB10	cmp $10CB16,X
DC/C549:	7E04BA  	ror $BA04,X
DC/C54C:	093201  	ora #$0132
DC/C54F:	50FF    	bvc $C550
DC/C551:	00FE    	brk $FE
DC/C553:	00FF    	
DC/C555:	00FF    	
DC/C557:	00FF    	
DC/C559:	00FF    	
DC/C55B:	00FE    	brk $FE
DC/C55D:	00FE    	brk $FE
DC/C55F:	00EA    	brk $EA
DC/C561:	FD9BEC  	sbc $EC9B,X
DC/C564:	2FFAFFF0	and $F0FFFA
DC/C568:	FF8AEF50	sbc $50EF8A,X
DC/C56C:	FF00FF00	
DC/C570:	FD00EC  	sbc $EC00,X
DC/C573:	00FA    	
DC/C575:	00F0    	brk $F0
DC/C577:	008A    	brk $8A
DC/C579:	0050    	brk $50
DC/C57B:	0000    	
DC/C57D:	0000    	
DC/C57F:	0047    	brk $47
DC/C581:	BFD93FF4	lda $F43FD9,X
DC/C585:	5FFE0BFF	eor $FF0BFE,X
DC/C589:	41FF    	eor ($FF,X)
DC/C58B:	02FF    	cop $FF
DC/C58D:	00FF    	
DC/C58F:	00BF    	brk $BF
DC/C591:	003F    	
DC/C593:	005F    	brk $5F
DC/C595:	000B    	brk $0B
DC/C597:	0041    	brk $41
DC/C599:	0002    	
DC/C59B:	0000    	
DC/C59D:	0000    	
DC/C59F:	00B1    	brk $B1
DC/C5A1:	DF90FF75	cmp $75FF90,X
DC/C5A5:	FB      	xce 
DC/C5A6:	68      	pla 
DC/C5A7:	D308    	cmp ($08,S),Y
DC/C5A9:	7E205D  	ror $5D20,X
DC/C5AC:	904C    	bcc $C5FA
DC/C5AE:	8A      	 
DC/C5AF:	00FF    	
DC/C5B1:	00FF    	
DC/C5B3:	00FF    	
DC/C5B5:	00FF    	
DC/C5B7:	00FF    	
DC/C5B9:	00FF    	
DC/C5BB:	007F    	brk $7F
DC/C5BD:	007F    	brk $7F
DC/C5BF:	0013    	brk $13
DC/C5C1:	FF89FF9D	sbc $9DFF89,X
DC/C5C5:	EFC07F10	sbc $107FC0
DC/C5C9:	FD20DD  	sbc $DD20,X
DC/C5CC:	19E4B1  	ora $B1E4,Y
DC/C5CF:	40      	 
DC/C5D0:	FF00FF00	
DC/C5D4:	FF00FF00	
DC/C5D8:	FF00FF00	
DC/C5DC:	FE00FE  	inc $FE00,X
DC/C5DF:	005C    	brk $5C
DC/C5E1:	FF17FEFD	sbc $FDFE17,X
DC/C5E5:	FA      	plx 
DC/C5E6:	6FF05DE2	adc $E25DF0
DC/C5EA:	FF08BF40	sbc $40BF08,X
DC/C5EE:	FF00FF00	
DC/C5F2:	FE00FA  	inc $FA00,X
DC/C5F5:	00F0    	brk $F0
DC/C5F7:	00E2    	brk $E2
DC/C5F9:	0008    	brk $08
DC/C5FB:	0040    	
DC/C5FD:	0000    	
DC/C5FF:	004C    	brk $4C
DC/C601:	02CC    	cop $CC
DC/C603:	00E4    	brk $E4
DC/C605:	00E4    	brk $E4
DC/C607:	0061    	brk $61
DC/C609:	00F3    	brk $F3
DC/C60B:	00FB    	brk $FB
DC/C60D:	00FB    	brk $FB
DC/C60F:	00BF    	brk $BF
DC/C611:	003F    	
DC/C613:	001F    	brk $1F
DC/C615:	001F    	brk $1F
DC/C617:	009E    	brk $9E
DC/C619:	000C    	brk $0C
DC/C61B:	0004    	
DC/C61D:	0004    	
DC/C61F:	0002    	
DC/C621:	0047    	brk $47
DC/C623:	0007    	brk $07
DC/C625:	00CF    	brk $CF
DC/C627:	00AD    	brk $AD
DC/C629:	00EF    	
DC/C62B:	00BF    	brk $BF
DC/C62D:	00F7    	
DC/C62F:	00FD    	brk $FD
DC/C631:	00B8    	brk $B8
DC/C633:	00F8    	brk $F8
DC/C635:	0030    	brk $30
DC/C637:	0052    	brk $52
DC/C639:	0010    	
DC/C63B:	0040    	
DC/C63D:	0008    	brk $08
DC/C63F:	00BB    	brk $BB
DC/C641:	E466    	cpx $66
DC/C643:	00CF    	brk $CF
DC/C645:	80FD    	bra $C644
DC/C647:	A0E5C0  	ldy #$C0E5
DC/C64A:	4680    	lsr $80
DC/C64C:	7DA136  	adc $36A1,X
DC/C64F:	8004    	bra $C655
DC/C651:	FF80FF00	sbc $00FF80,X
DC/C655:	FF20DF48	sbc $48DF20,X
DC/C659:	F788    	sbc [$88],Y
DC/C65B:	F7A3    	sbc [$A3],Y
DC/C65D:	DC80FF  	jmp [$FF80]
DC/C660:	FCBCFC  	jsr ($FCBC,X)
DC/C663:	02E8    	cop $E8
DC/C665:	5F6A0F8F	eor $8F0F6A,X
DC/C669:	04CF    	tsb $CF
DC/C66B:	0174    	ora ($74,X)
DC/C66D:	0B      	phd 
DC/C66E:	140F    	trb $0F
DC/C670:	83FF    	sta $FF,S
DC/C672:	0DFF58  	ora $58FF
DC/C675:	BF986F13	lda $136F98,X
DC/C679:	EF06FF0C	sbc $0CFF06
DC/C67D:	FF08FFC0	sbc $C0FF08,X
DC/C681:	00E6    	brk $E6
DC/C683:	00E6    	brk $E6
DC/C685:	02ED    	cop $ED
DC/C687:	00F1    	brk $F1
DC/C689:	00F3    	brk $F3
DC/C68B:	00FF    	
DC/C68D:	00FF    	
DC/C68F:	003F    	
DC/C691:	001F    	brk $1F
DC/C693:	001F    	brk $1F
DC/C695:	001E    	
DC/C697:	000E    	brk $0E
DC/C699:	000C    	brk $0C
DC/C69B:	0000    	
DC/C69D:	0000    	
DC/C69F:	0032    	brk $32
DC/C6A1:	40      	 
DC/C6A2:	3300    	and ($00,S),Y
DC/C6A4:	2700    	and [$00]
DC/C6A6:	2700    	and [$00]
DC/C6A8:	8600    	stx $00
DC/C6AA:	CF00DF00	cmp $00DF00
DC/C6AE:	FF00FD00	sbc $00FD00,X
DC/C6B2:	FC00F8  	jsr ($F800,X)
DC/C6B5:	00F8    	brk $F8
DC/C6B7:	0079    	brk $79
DC/C6B9:	0030    	brk $30
DC/C6BB:	0020    	
DC/C6BD:	0000    	
DC/C6BF:	00B9    	brk $B9
DC/C6C1:	E07644  	cpx #$4476
DC/C6C4:	EA      	nop 
DC/C6C5:	C0F4C4  	cpy #$C4F4
DC/C6C8:	E9C846  	sbc #$46C8
DC/C6CB:	8049    	bra $C716
DC/C6CD:	8166    	sta ($66,X)
DC/C6CF:	8000    	bra $C6D1
DC/C6D1:	FF84FB00	sbc $00FB84,X
DC/C6D5:	FF44FB48	sbc $48FB44,X
DC/C6D9:	F780    	sbc [$80],Y
DC/C6DB:	FF83FC80	sbc $80FC83,X
DC/C6DF:	FFFCBCBC	sbc $BCBCFC,X
DC/C6E3:	82A81F  	brl $E68E
DC/C6E6:	4A      	lsr A
DC/C6E7:	0F8F84CF	ora $CF848F
DC/C6EB:	C176    	cmp ($76,X)
DC/C6ED:	49B4AB  	eor #$ABB4
DC/C6F0:	83FF    	sta $FF,S
DC/C6F2:	8D7F18  	sta $187F
DC/C6F5:	FF986F93	sbc $936F98,X
DC/C6F9:	6FC63F4C	adc $4C3FC6
DC/C6FD:	BFA85F4C	lda $4C5FA8,X
DC/C701:	02CC    	cop $CC
DC/C703:	00E2    	brk $E2
DC/C705:	00E4    	brk $E4
DC/C707:	00E4    	brk $E4
DC/C709:	00F1    	brk $F1
DC/C70B:	00F9    	brk $F9
DC/C70D:	00FB    	brk $FB
DC/C70F:	00BF    	brk $BF
DC/C711:	003F    	
DC/C713:	001F    	brk $1F
DC/C715:	001F    	brk $1F
DC/C717:	001F    	brk $1F
DC/C719:	000E    	brk $0E
DC/C71B:	0006    	brk $06
DC/C71D:	0004    	
DC/C71F:	002A    	brk $2A
DC/C721:	0013    	brk $13
DC/C723:	0013    	brk $13
DC/C725:	00C3    	brk $C3
DC/C727:	00A7    	brk $A7
DC/C729:	00EF    	
DC/C72B:	00FF    	
DC/C72D:	00FF    	
DC/C72F:	00FD    	brk $FD
DC/C731:	00FC    	brk $FC
DC/C733:	00FC    	brk $FC
DC/C735:	003C    	brk $3C
DC/C737:	0058    	brk $58
DC/C739:	0010    	
DC/C73B:	0000    	
DC/C73D:	0000    	
DC/C73F:	00AB    	brk $AB
DC/C741:	F47650  	pea $5076
DC/C744:	FDC1BC  	sbc $BCC1,X
DC/C747:	80E8    	bra $C731
DC/C749:	18      	 
DC/C74A:	6480    	stz $80
DC/C74C:	1DC50F  	ora $0FC5,X
DC/C74F:	8904FF  	bit #$FF04
DC/C752:	80FF    	bra $C753
DC/C754:	01FE    	ora ($FE,X)
DC/C756:	00FF    	
DC/C758:	18      	 
DC/C759:	F780    	sbc [$80],Y
DC/C75B:	FFC7F8E9	sbc $E9F8C7,X
DC/C75F:	96FC    	stx $FC,Y
DC/C761:	9CFC02  	stz $02FC
DC/C764:	C8      	iny 
DC/C765:	5F5A0F93	eor $930F5A,X
DC/C769:	8CD709  	sty $09D7
DC/C76C:	7609    	ror $09,X
DC/C76E:	1C0783  	trb $8307
DC/C771:	FF0DFF58	sbc $58FF0D,X
DC/C775:	BF08FF81	lda $81FF08,X
DC/C779:	7F02FF0C	adc $0CFF02,X
DC/C77D:	FF20DF4C	sbc $4CDF20,X
DC/C781:	00E6    	brk $E6
DC/C783:	00E4    	brk $E4
DC/C785:	00F1    	brk $F1
DC/C787:	00B1    	brk $B1
DC/C789:	00F7    	
DC/C78B:	00FD    	brk $FD
DC/C78D:	00EF    	
DC/C78F:	00BF    	brk $BF
DC/C791:	001F    	brk $1F
DC/C793:	001F    	brk $1F
DC/C795:	000E    	brk $0E
DC/C797:	004E    	brk $4E
DC/C799:	0008    	brk $08
DC/C79B:	0002    	
DC/C79D:	0010    	
DC/C79F:	0032    	brk $32
DC/C7A1:	40      	 
DC/C7A2:	3300    	and ($00,S),Y
DC/C7A4:	A700    	lda [$00]
DC/C7A6:	A700    	lda [$00]
DC/C7A8:	8600    	stx $00
DC/C7AA:	CF00DF00	cmp $00DF00
DC/C7AE:	FF00FD00	sbc $00FD00,X
DC/C7B2:	FC0078  	jsr ($7800,X)
DC/C7B5:	0078    	brk $78
DC/C7B7:	0079    	brk $79
DC/C7B9:	0030    	brk $30
DC/C7BB:	0020    	
DC/C7BD:	0000    	
DC/C7BF:	00B9    	brk $B9
DC/C7C1:	E464    	cpx $64
DC/C7C3:	60      	 
DC/C7C4:	E9E0F1  	sbc #$F1E0
DC/C7C7:	A0E8C8  	ldy #$C8E8
DC/C7CA:	4A      	lsr A
DC/C7CB:	88      	dey 
DC/C7CC:	7DA136  	adc $36A1,X
DC/C7CF:	8004    	bra $C7D5
DC/C7D1:	FF80FF00	sbc $00FF80,X
DC/C7D5:	FF24DB5D	sbc $5DDB24,X
DC/C7D9:	E298    	sep #$98
DC/C7DB:	E7A3    	sbc [$A3]
DC/C7DD:	DC88F7  	jmp [$F788]
DC/C7E0:	BCFCBC  	ldy $BCFC,X
DC/C7E3:	72E8    	adc ($E8)
DC/C7E5:	5F6A0F9F	eor $9F0F6A,X
DC/C7E9:	14CF    	trb $CF
DC/C7EB:	4164    	eor ($64,X)
DC/C7ED:	2B      	pld 
DC/C7EE:	D4CF    	pei ($CF)
DC/C7F0:	C3FF    	cmp $FF,S
DC/C7F2:	4DFF58  	eor $58FF
DC/C7F5:	BF986F5B	lda $5B6F98,X
DC/C7F9:	AF4EBF3C	lda $3CBF4E
DC/C7FD:	CFE81F55	cmp $551FE8
DC/C801:	77FA    	adc [$FA],Y
DC/C803:	FE9FDF  	inc $DF9F,X
DC/C806:	94DE    	sty $DE,X
DC/C808:	96DF    	stx $DF,Y
DC/C80A:	66FF    	ror $FF
DC/C80C:	EA      	nop 
DC/C80D:	F6FB    	inc $FB,X
DC/C80F:	E788    	sbc [$88]
DC/C811:	EF01F720	sbc $20F701
DC/C815:	E321    	sbc $21,S
DC/C817:	E320    	sbc $20,S
DC/C819:	C300    	cmp $00,S
DC/C81B:	C101    	cmp ($01,X)
DC/C81D:	C100    	
DC/C81F:	C12B    	cmp ($2B,X)
DC/C821:	D7AD    	cmp [$AD],Y
DC/C823:	D3DF    	cmp ($DF,S),Y
DC/C825:	8A      	 
DC/C826:	8720    	sta [$20]
DC/C828:	F540    	sbc $40,X
DC/C82A:	EC88D6  	cpx $D688
DC/C82D:	897784  	bit #$8477
DC/C830:	00E3    	brk $E3
DC/C832:	18      	 
DC/C833:	E708    	sbc [$08]
DC/C835:	F720    	sbc [$20],Y
DC/C837:	DF708FE8	cmp $E88F70,X
DC/C83B:	17C8    	ora [$C8],Y
DC/C83D:	34C4    	bit $C4,X
DC/C83F:	3B      	 
DC/C840:	DA      	phx 
DC/C841:	DA      	phx 
DC/C842:	82FB75  	brl $3E40
DC/C845:	7F62E65F	adc $5FE662,X
DC/C849:	FEDDFC  	inc $FCDD,X
DC/C84C:	CECFD2  	dec $D2CF
DC/C84F:	DE25FF  	dec $FF25,X
DC/C852:	04FF    	tsb $FF
DC/C854:	80FF    	bra $C855
DC/C856:	19FF00  	ora $00FF,Y
DC/C859:	FF00FF33	sbc $33FF00,X
DC/C85D:	FE22FF  	inc $FF22,X
DC/C860:	5B      	tcd 
DC/C861:	5B      	tcd 
DC/C862:	41DF    	eor ($DF,X)
DC/C864:	AE7E46  	ldx $467E
DC/C867:	273A    	and [$3A]
DC/C869:	1FFB5FB3	ora $B35FFB,X
DC/C86D:	5B      	tcd 
DC/C86E:	F303    	sbc ($03,S),Y
DC/C870:	A4FF    	ldy $FF
DC/C872:	20FF01  	jsr $01FF
DC/C875:	FF18FF00	sbc $00FF18,X
DC/C879:	FF40BF44	sbc $44BF40,X
DC/C87D:	BF10FF55	lda $55FF10,X
DC/C881:	77F6    	adc [$F6],Y
DC/C883:	FE8FDF  	inc $DF8F,X
DC/C886:	B4FE    	ldy $FE,X
DC/C888:	AA      	tax 
DC/C889:	BB      	tyx 
DC/C88A:	4CFDDC  	jmp $DCFD
DC/C88D:	EEF7CF  	inc $CFF7
DC/C890:	88      	dey 
DC/C891:	FF01FB20	sbc $20FB01,X
DC/C895:	F301    	sbc ($01,S),Y
DC/C897:	C344    	cmp $44,S
DC/C899:	8702    	sta [$02]
DC/C89B:	8701    	sta [$01]
DC/C89D:	8700    	sta [$00]
DC/C89F:	833F    	sta $3F,S
DC/C8A1:	EFADD3DF	sbc $DFD3AD
DC/C8A5:	8A      	 
DC/C8A6:	8720    	sta [$20]
DC/C8A8:	F540    	sbc $40,X
DC/C8AA:	EC88D6  	cpx $D688
DC/C8AD:	897784  	bit #$8477
DC/C8B0:	00C7    	brk $C7
DC/C8B2:	18      	 
DC/C8B3:	E708    	sbc [$08]
DC/C8B5:	F720    	sbc [$20],Y
DC/C8B7:	DF708FE8	cmp $E88F70,X
DC/C8BB:	17C8    	ora [$C8],Y
DC/C8BD:	34C4    	bit $C4,X
DC/C8BF:	3B      	 
DC/C8C0:	DA      	phx 
DC/C8C1:	DA      	phx 
DC/C8C2:	82FB75  	brl $3EC0
DC/C8C5:	7F62E65F	adc $5FE662,X
DC/C8C9:	FEDDFC  	inc $FCDD,X
DC/C8CC:	CECFD2  	dec $D2CF
DC/C8CF:	DE25FF  	dec $FF25,X
DC/C8D2:	04FF    	tsb $FF
DC/C8D4:	80FF    	bra $C8D5
DC/C8D6:	19FF00  	ora $00FF,Y
DC/C8D9:	FF00FF33	sbc $33FF00,X
DC/C8DD:	FE22FF  	inc $FF22,X
DC/C8E0:	5B      	tcd 
DC/C8E1:	5B      	tcd 
DC/C8E2:	41DF    	eor ($DF,X)
DC/C8E4:	AE7E46  	ldx $467E
DC/C8E7:	273A    	and [$3A]
DC/C8E9:	1FFB5FB3	ora $B35FFB,X
DC/C8ED:	5B      	tcd 
DC/C8EE:	F303    	sbc ($03,S),Y
DC/C8F0:	A4FF    	ldy $FF
DC/C8F2:	20FF01  	jsr $01FF
DC/C8F5:	FF18FF00	sbc $00FF18,X
DC/C8F9:	FF40BF44	sbc $44BF40,X
DC/C8FD:	BF10FF75	lda $75FF10,X
DC/C901:	77F2    	adc [$F2],Y
DC/C903:	FE9FDF  	inc $DF9F,X
DC/C906:	9CDEB6  	stz $B6DE
DC/C909:	FF76FFEA	sbc $EAFF76,X
DC/C90D:	F6EF    	inc $EF,X
DC/C90F:	F388    	sbc ($88,S),Y
DC/C911:	DF01EF20	cmp $20EF01,X
DC/C915:	E721    	sbc [$21]
DC/C917:	E700    	sbc [$00]
DC/C919:	C300    	cmp $00,S
DC/C91B:	C101    	cmp ($01,X)
DC/C91D:	C100    	
DC/C91F:	C12B    	cmp ($2B,X)
DC/C921:	D7AD    	cmp [$AD],Y
DC/C923:	D3DF    	cmp ($DF,S),Y
DC/C925:	8A      	 
DC/C926:	8720    	sta [$20]
DC/C928:	F540    	sbc $40,X
DC/C92A:	EC88D6  	cpx $D688
DC/C92D:	897784  	bit #$8477
DC/C930:	00E3    	brk $E3
DC/C932:	18      	 
DC/C933:	E708    	sbc [$08]
DC/C935:	F720    	sbc [$20],Y
DC/C937:	DF708FE8	cmp $E88F70,X
DC/C93B:	17C8    	ora [$C8],Y
DC/C93D:	34C4    	bit $C4,X
DC/C93F:	3B      	 
DC/C940:	DA      	phx 
DC/C941:	DA      	phx 
DC/C942:	82FB75  	brl $3F40
DC/C945:	7F62E65F	adc $5FE662,X
DC/C949:	FEDDFC  	inc $FCDD,X
DC/C94C:	CECFD2  	dec $D2CF
DC/C94F:	DE25FF  	dec $FF25,X
DC/C952:	04FF    	tsb $FF
DC/C954:	80FF    	bra $C955
DC/C956:	19FF00  	ora $00FF,Y
DC/C959:	FF00FF33	sbc $33FF00,X
DC/C95D:	FE22FF  	inc $FF22,X
DC/C960:	5B      	tcd 
DC/C961:	5B      	tcd 
DC/C962:	41DF    	eor ($DF,X)
DC/C964:	AE7E46  	ldx $467E
DC/C967:	273A    	and [$3A]
DC/C969:	1FFB5FB3	ora $B35FFB,X
DC/C96D:	5B      	tcd 
DC/C96E:	F303    	sbc ($03,S),Y
DC/C970:	A4FF    	ldy $FF
DC/C972:	20FF01  	jsr $01FF
DC/C975:	FF18FF00	sbc $00FF18,X
DC/C979:	FF40BF44	sbc $44BF40,X
DC/C97D:	BF10FF55	lda $55FF10,X
DC/C981:	77FA    	adc [$FA],Y
DC/C983:	FE97DF  	inc $DF97,X
DC/C986:	92DE    	sta ($DE)
DC/C988:	A9FF69  	lda #$69FF
DC/C98B:	EFCFD9FF	sbc $FFD9CF
DC/C98F:	FB      	xce 
DC/C990:	88      	dey 
DC/C991:	BF01E720	lda $20E701,X
DC/C995:	E321    	sbc $21,S
DC/C997:	E100    	sbc ($00,X)
DC/C999:	F010    	beq $C9AB
DC/C99B:	F020    	beq $C9BD
DC/C99D:	F000    	beq $C99F
DC/C99F:	F037    	beq $C9D8
DC/C9A1:	FFADD3DF	sbc $DFD3AD,X
DC/C9A5:	8A      	 
DC/C9A6:	8720    	sta [$20]
DC/C9A8:	F540    	sbc $40,X
DC/C9AA:	EC88D6  	cpx $D688
DC/C9AD:	897784  	bit #$8477
DC/C9B0:	00E1    	brk $E1
DC/C9B2:	18      	 
DC/C9B3:	E708    	sbc [$08]
DC/C9B5:	F720    	sbc [$20],Y
DC/C9B7:	DF708FE8	cmp $E88F70,X
DC/C9BB:	17C8    	ora [$C8],Y
DC/C9BD:	34C4    	bit $C4,X
DC/C9BF:	3B      	 
DC/C9C0:	DA      	phx 
DC/C9C1:	DA      	phx 
DC/C9C2:	82FB75  	brl $3FC0
DC/C9C5:	7F62E65F	adc $5FE662,X
DC/C9C9:	FEDDFC  	inc $FCDD,X
DC/C9CC:	CECFD2  	dec $D2CF
DC/C9CF:	DE25FF  	dec $FF25,X
DC/C9D2:	04FF    	tsb $FF
DC/C9D4:	80FF    	bra $C9D5
DC/C9D6:	19FF00  	ora $00FF,Y
DC/C9D9:	FF00FF33	sbc $33FF00,X
DC/C9DD:	FE22FF  	inc $FF22,X
DC/C9E0:	5B      	tcd 
DC/C9E1:	5B      	tcd 
DC/C9E2:	41DF    	eor ($DF,X)
DC/C9E4:	AE7E46  	ldx $467E
DC/C9E7:	273A    	and [$3A]
DC/C9E9:	1FFB5FB3	ora $B35FFB,X
DC/C9ED:	5B      	tcd 
DC/C9EE:	F303    	sbc ($03,S),Y
DC/C9F0:	A4FF    	ldy $FF
DC/C9F2:	20FF01  	jsr $01FF
DC/C9F5:	FF18FF00	sbc $00FF18,X
DC/C9F9:	FF40BF44	sbc $44BF40,X
DC/C9FD:	BF10FF28	lda $28FF10,X
DC/CA01:	2C282C  	bit $2C28
DC/CA04:	E92C00  	sbc #$002C
DC/CA07:	0026    	brk $26
DC/CA09:	39417F  	and $7F41,Y
DC/CA0C:	3C7E39  	bit $397E,X
DC/CA0F:	73EF    	adc ($EF,S),Y
DC/CA11:	D3EF    	cmp ($EF,S),Y
DC/CA13:	D3EF    	cmp ($EF,S),Y
DC/CA15:	12FF    	ora ($FF)
DC/CA17:	FFFFC0FF	sbc $FFC0FF,X
DC/CA1B:	80FE    	bra $CA1B
DC/CA1D:	81EB    	sta ($EB,X)
DC/CA1F:	844C    	sty $4C
DC/CA21:	004C    	brk $4C
DC/CA23:	20601F  	jsr $1F60
DC/CA26:	98      	tya 
DC/CA27:	78      	sei 
DC/CA28:	61E1    	adc ($E1,X)
DC/CA2A:	AFA75A47	lda $475AA7
DC/CA2E:	F8      	sed 
DC/CA2F:	C7FF    	cmp [$FF]
DC/CA31:	83DF    	sta $DF,S
DC/CA33:	83FF    	sta $FF,S
DC/CA35:	80F8    	bra $CA2F
DC/CA37:	07E1    	ora [$E1]
DC/CA39:	1E9F40  	asl $409F,X
DC/CA3C:	7F80FF00	adc $00FF80,X
DC/CA40:	60      	 
DC/CA41:	3C407E  	bit $7E40,X
DC/CA44:	3DFEB9  	and $B9FE,X
DC/CA47:	F2B8    	sbc ($B8)
DC/CA49:	E2A0    	sep #$A0
DC/CA4B:	E200    	sep #$00
DC/CA4D:	FC003C  	jsr ($3C00,X)
DC/CA50:	FF83FF81	sbc $81FF83,X
DC/CA54:	FF00EB04	sbc $04EB00,X
DC/CA58:	FB      	xce 
DC/CA59:	05E3    	ora $E3
DC/CA5B:	1DFF03  	ora $03FF,X
DC/CA5E:	E7C3    	sbc [$C3]
DC/CA60:	396320  	and $2063,Y
DC/CA63:	6300    	adc $00,S
DC/CA65:	3E6718  	rol $1867,X
DC/CA68:	AF027D7E	lda $7E7D02
DC/CA6C:	8F0C1C00	sta $001C0C
DC/CA70:	FB      	xce 
DC/CA71:	84E3    	sty $E3
DC/CA73:	9CFFC1  	stz $C1FF
DC/CA76:	E780    	sbc [$80]
DC/CA78:	FD00E1  	sbc $E100,X
DC/CA7B:	00CB    	brk $CB
DC/CA7D:	30FF    	bmi $CA7E
DC/CA7F:	C329    	cmp $29,S
DC/CA81:	2C0000  	bit $0000
DC/CA84:	60      	 
DC/CA85:	3C407F  	bit $7F40,X
DC/CA88:	3C7F38  	bit $387F,X
DC/CA8B:	7239    	adc ($39)
DC/CA8D:	6320    	adc $20,S
DC/CA8F:	63EF    	adc $EF,S
DC/CA91:	D2FF    	cmp ($FF)
DC/CA93:	FFFF83FF	sbc $FF83FF,X
DC/CA97:	80FF    	bra $CA98
DC/CA99:	80EA    	bra $CA85
DC/CA9B:	85FB    	sta $FB
DC/CA9D:	84E3    	sty $E3
DC/CA9F:	9C4C00  	stz $004C
DC/CAA2:	4C20C6  	jmp $C620
DC/CAA5:	38      	sec 
DC/CAA6:	38      	sec 
DC/CAA7:	FF82832D	sbc $2D8382,X
DC/CAAB:	25DF    	and $DF
DC/CAAD:	C7FF    	cmp [$FF]
DC/CAAF:	C7FF    	cmp [$FF]
DC/CAB1:	83DF    	sta $DF,S
DC/CAB3:	83FF    	sta $FF,S
DC/CAB5:	01FF    	ora ($FF,X)
DC/CAB7:	0083    	brk $83
DC/CAB9:	7C1DC2  	jmp ($C21D,X)
DC/CABC:	FF00FF00	
DC/CAC0:	28      	 
DC/CAC1:	2C0000  	bit $0000
DC/CAC4:	023C    	cop $3C
DC/CAC6:	00FE    	brk $FE
DC/CAC8:	BCFEB8  	ldy $B8FE,X
DC/CACB:	F2B8    	sbc ($B8)
DC/CACD:	E220    	sep #$20
DC/CACF:	E2EF    	sep #$EF
DC/CAD1:	D3FF    	cmp ($FF,S),Y
DC/CAD3:	FFFFC1FF	sbc $FFC1FF,X
DC/CAD7:	01FF    	ora ($FF,X)
DC/CAD9:	01EB    	ora ($EB,X)
DC/CADB:	05FB    	ora $FB
DC/CADD:	05E3    	ora $E3
DC/CADF:	1D003D  	ora $3D00,X
DC/CAE2:	003C    	brk $3C
DC/CAE4:	6718    	adc [$18]
DC/CAE6:	AF027D7E	lda $7E7D02
DC/CAEA:	8C0C1C  	sty $1C0C
DC/CAED:	00CC    	brk $CC
DC/CAEF:	18      	 
DC/CAF0:	FFC2E7C3	sbc $C3E7C2,X
DC/CAF4:	E780    	sbc [$80]
DC/CAF6:	FD00E1  	sbc $E100,X
DC/CAF9:	00CB    	brk $CB
DC/CAFB:	30FF    	bmi $CAFC
DC/CAFD:	C3E7    	cmp $E7,S
DC/CAFF:	0360    	ora $60,S
DC/CB01:	3C407E  	bit $7E40,X
DC/CB04:	3C7F39  	bit $397F,X
DC/CB07:	7339    	adc ($39,S),Y
DC/CB09:	6320    	adc $20,S
DC/CB0B:	6300    	adc $00,S
DC/CB0D:	3D003C  	and $3C00,X
DC/CB10:	FF83FF81	sbc $81FF83,X
DC/CB14:	FF80EB84	sbc $84EB80,X
DC/CB18:	FB      	xce 
DC/CB19:	84E3    	sty $E3
DC/CB1B:	9CFFC2  	stz $C2FF
DC/CB1E:	E7C3    	sbc [$C3]
DC/CB20:	4C004C  	jmp $4C00
DC/CB23:	2006F8  	jsr $F806
DC/CB26:	191E86  	ora $861E,Y
DC/CB29:	87ED    	sta [$ED]
DC/CB2B:	E55F    	sbc $5F
DC/CB2D:	C73F    	cmp [$3F]
DC/CB2F:	C7FF    	cmp [$FF]
DC/CB31:	83DF    	sta $DF,S
DC/CB33:	83FF    	sta $FF,S
DC/CB35:	011F    	ora ($1F,X)
DC/CB37:	E087    	cpx #$87
DC/CB39:	78      	sei 
DC/CB3A:	DD02FF  	cmp $FF02,X
DC/CB3D:	00FF    	
DC/CB3F:	0028    	brk $28
DC/CB41:	2C282C  	bit $2C28
DC/CB44:	E92C    	sbc #$2C
DC/CB46:	0000    	
DC/CB48:	223C40FE	jsr $FE403C
DC/CB4C:	BCFEB8  	ldy $B8FE,X
DC/CB4F:	F2EF    	sbc ($EF)
DC/CB51:	D3EF    	cmp ($EF,S),Y
DC/CB53:	D3EF    	cmp ($EF,S),Y
DC/CB55:	12FF    	ora ($FF)
DC/CB57:	FFFFC1FF	sbc $FFC1FF,X
DC/CB5B:	01FF    	ora ($FF,X)
DC/CB5D:	01EB    	ora ($EB,X)
DC/CB5F:	0567    	ora $67
DC/CB61:	18      	 
DC/CB62:	AF027D7E	lda $7E7D02
DC/CB66:	8F0C1C00	sta $001C0C
DC/CB6A:	CC180C  	cpy $0C18
DC/CB6D:	18      	 
DC/CB6E:	0C18E7  	tsb $E718
DC/CB71:	80FD    	bra $CB70
DC/CB73:	00E1    	brk $E1
DC/CB75:	00CB    	brk $CB
DC/CB77:	30FF    	bmi $CB78
DC/CB79:	C3E7    	cmp $E7,S
DC/CB7B:	00E7    	brk $E7
DC/CB7D:	C3E7    	cmp $E7,S
DC/CB7F:	C329    	cmp $29,S
DC/CB81:	2C0000  	bit $0000
DC/CB84:	60      	 
DC/CB85:	3C407F  	bit $7F40,X
DC/CB88:	3C7F38  	bit $387F,X
DC/CB8B:	7239    	adc ($39)
DC/CB8D:	6320    	adc $20,S
DC/CB8F:	63EF    	adc $EF,S
DC/CB91:	D2FF    	cmp ($FF)
DC/CB93:	FFFF83FF	sbc $FF83FF,X
DC/CB97:	80FF    	bra $CB98
DC/CB99:	80EA    	bra $CB85
DC/CB9B:	85FB    	sta $FB
DC/CB9D:	84E3    	sty $E3
DC/CB9F:	9C4C00  	stz $004C
DC/CBA2:	4C20C6  	jmp $C620
DC/CBA5:	38      	sec 
DC/CBA6:	38      	sec 
DC/CBA7:	FF82832D	sbc $2D8382,X
DC/CBAB:	25DF    	and $DF
DC/CBAD:	C7FF    	cmp [$FF]
DC/CBAF:	C7FF    	cmp [$FF]
DC/CBB1:	83DF    	sta $DF,S
DC/CBB3:	83FF    	sta $FF,S
DC/CBB5:	01FF    	ora ($FF,X)
DC/CBB7:	0083    	brk $83
DC/CBB9:	7C1DC2  	jmp ($C21D,X)
DC/CBBC:	FF00FF00	
DC/CBC0:	28      	 
DC/CBC1:	2C0000  	bit $0000
DC/CBC4:	023C    	cop $3C
DC/CBC6:	00FE    	brk $FE
DC/CBC8:	BCFEB8  	ldy $B8FE,X
DC/CBCB:	F2B8    	sbc ($B8)
DC/CBCD:	E220    	sep #$20
DC/CBCF:	E2EF    	sep #$EF
DC/CBD1:	D3FF    	cmp ($FF,S),Y
DC/CBD3:	FFFFC1FF	sbc $FFC1FF,X
DC/CBD7:	01FF    	ora ($FF,X)
DC/CBD9:	01EB    	ora ($EB,X)
DC/CBDB:	05FB    	ora $FB
DC/CBDD:	05E3    	ora $E3
DC/CBDF:	1D003D  	ora $3D00,X
DC/CBE2:	003C    	brk $3C
DC/CBE4:	6718    	adc [$18]
DC/CBE6:	AF027D7E	lda $7E7D02
DC/CBEA:	8C0C1C  	sty $1C0C
DC/CBED:	00CC    	brk $CC
DC/CBEF:	18      	 
DC/CBF0:	FFC2E7C3	sbc $C3E7C2,X
DC/CBF4:	E780    	sbc [$80]
DC/CBF6:	FD00E1  	sbc $E100,X
DC/CBF9:	00CB    	brk $CB
DC/CBFB:	30FF    	bmi $CBFC
DC/CBFD:	C3E7    	cmp $E7,S
DC/CBFF:	03C0    	ora $C0,S
DC/CC01:	FE00F8  	inc $F800,X
DC/CC04:	0000    	
DC/CC06:	5A      	phy 
DC/CC07:	18      	 
DC/CC08:	0000    	
DC/CC0A:	9700    	sta [$00],Y
DC/CC0C:	0200    	cop $00
DC/CC0E:	28      	 
DC/CC0F:	63FF    	adc $FF,S
DC/CC11:	01FF    	ora ($FF,X)
DC/CC13:	07FF    	ora [$FF]
DC/CC15:	FB      	xce 
DC/CC16:	E781    	sbc [$81]
DC/CC18:	FFFFFF00	
DC/CC1C:	FFFDFFFF	sbc $FFFFFD,X
DC/CC20:	6718    	adc [$18]
DC/CC22:	AF027D7E	lda $7E7D02
DC/CC26:	A73C    	lda [$3C]
DC/CC28:	1C00CC  	trb $CC00
DC/CC2B:	18      	 
DC/CC2C:	0C180C  	tsb $0C18
DC/CC2F:	18      	 
DC/CC30:	E780    	sbc [$80]
DC/CC32:	FD0081  	sbc $8100,X
DC/CC35:	00C3    	brk $C3
DC/CC37:	00FF    	
DC/CC39:	C3E7    	cmp $E7,S
DC/CC3B:	00E7    	brk $E7
DC/CC3D:	C3E7    	cmp $E7,S
DC/CC3F:	C30F    	cmp $0F,S
DC/CC41:	18      	 
DC/CC42:	1C080C  	trb $0C08
DC/CC45:	4A      	lsr A
DC/CC46:	0CE338  	tsb $38E3
DC/CC49:	FFC142FB	sbc $FB42C1,X
DC/CC4D:	3C0C00  	bit $000C,X
DC/CC50:	E7C0    	sbc [$C0]
DC/CC52:	E7C3    	sbc [$C3]
DC/CC54:	E791    	sbc [$91]
DC/CC56:	FF00FF00	
DC/CC5A:	C33C    	cmp $3C,S
DC/CC5C:	FF00FFC3	sbc $C3FF00,X
DC/CC60:	0F181C08	ora $081C18
DC/CC64:	1C4A0C  	trb $0C4A
DC/CC67:	E338    	sbc $38,S
DC/CC69:	FFC142FB	sbc $FB42C1,X
DC/CC6D:	3C0C00  	bit $000C,X
DC/CC70:	E7C0    	sbc [$C0]
DC/CC72:	E7C3    	sbc [$C3]
DC/CC74:	E781    	sbc [$81]
DC/CC76:	FF00FF00	
DC/CC7A:	C33C    	cmp $3C,S
DC/CC7C:	FF00FFC3	sbc $C3FF00,X
DC/CC80:	60      	 
DC/CC81:	FF007E00	sbc $007E00,X
DC/CC85:	005A    	brk $5A
DC/CC87:	18      	 
DC/CC88:	0000    	
DC/CC8A:	9700    	sta [$00],Y
DC/CC8C:	0200    	cop $00
DC/CC8E:	3977FF  	and $FF77,Y
DC/CC91:	00FF    	
DC/CC93:	81FF    	sta ($FF,X)
DC/CC95:	FFE781FF	sbc $FF81E7,X
DC/CC99:	FFFF00FF	sbc $FF00FF,X
DC/CC9D:	FDFFFF  	sbc $FFFF,X
DC/CCA0:	003C    	brk $3C
DC/CCA2:	6718    	adc [$18]
DC/CCA4:	AF027D7E	lda $7E7D02
DC/CCA8:	A73C    	lda [$3C]
DC/CCAA:	1C001C  	trb $1C00
DC/CCAD:	08      	 
DC/CCAE:	1C08FF  	trb $FF08
DC/CCB1:	C3E7    	cmp $E7,S
DC/CCB3:	80FD    	bra $CCB2
DC/CCB5:	0081    	brk $81
DC/CCB7:	00C3    	brk $C3
DC/CCB9:	00FF    	
DC/CCBB:	C3E7    	cmp $E7,S
DC/CCBD:	C3E7    	cmp $E7,S
DC/CCBF:	C30F    	cmp $0F,S
DC/CCC1:	18      	 
DC/CCC2:	1C081C  	trb $1C08
DC/CCC5:	4A      	lsr A
DC/CCC6:	0CE338  	tsb $38E3
DC/CCC9:	FFC142FB	sbc $FB42C1,X
DC/CCCD:	3C0C00  	bit $000C,X
DC/CCD0:	E7C0    	sbc [$C0]
DC/CCD2:	E7C3    	sbc [$C3]
DC/CCD4:	E781    	sbc [$81]
DC/CCD6:	FF00FF00	
DC/CCDA:	C33C    	cmp $3C,S
DC/CCDC:	FF00FFC3	sbc $C3FF00,X
DC/CCE0:	1C081C  	trb $1C08
DC/CCE3:	08      	 
DC/CCE4:	1C4A0C  	trb $0C4A
DC/CCE7:	E338    	sbc $38,S
DC/CCE9:	FFC142FB	sbc $FB42C1,X
DC/CCED:	3C0C00  	bit $000C,X
DC/CCF0:	E7C3    	sbc [$C3]
DC/CCF2:	E7C3    	sbc [$C3]
DC/CCF4:	E781    	sbc [$81]
DC/CCF6:	FF00FF00	
DC/CCFA:	C33C    	cmp $3C,S
DC/CCFC:	FF00FFC3	sbc $C3FF00,X
DC/CD00:	037F    	ora $7F,S
DC/CD02:	001F    	brk $1F
DC/CD04:	0000    	
DC/CD06:	5A      	phy 
DC/CD07:	18      	 
DC/CD08:	0000    	
DC/CD0A:	9700    	sta [$00],Y
DC/CD0C:	0200    	cop $00
DC/CD0E:	2947    	and #$47
DC/CD10:	FF80FFE0	sbc $E0FF80,X
DC/CD14:	FFFBE781	sbc $81E7FB,X
DC/CD18:	FFFFFF00	
DC/CD1C:	FFFDFFF7	sbc $F7FFFD,X
DC/CD20:	B8      	clv 
DC/CD21:	E220    	sep #$20
DC/CD23:	62003C  	per $0926
DC/CD26:	6718    	adc [$18]
DC/CD28:	AF027D7E	lda $7E7D02
DC/CD2C:	A73C    	lda [$3C]
DC/CD2E:	1C00FB  	trb $FB00
DC/CD31:	05E3    	ora $E3
DC/CD33:	9DFFC3  	sta $C3FF,X
DC/CD36:	E780    	sbc [$80]
DC/CD38:	FD0081  	sbc $8100,X
DC/CD3B:	00C3    	brk $C3
DC/CD3D:	00FF    	
DC/CD3F:	C30C    	cmp $0C,S
DC/CD41:	18      	 
DC/CD42:	0F181C08	ora $081C18
DC/CD46:	1C4A0C  	trb $0C4A
DC/CD49:	E338    	sbc $38,S
DC/CD4B:	FFC142FB	sbc $FB42C1,X
DC/CD4F:	3CE7C3  	bit $C3E7,X
DC/CD52:	E7C0    	sbc [$C0]
DC/CD54:	E7C3    	sbc [$C3]
DC/CD56:	E781    	sbc [$81]
DC/CD58:	FF00FF00	
DC/CD5C:	C33C    	cmp $3C,S
DC/CD5E:	FF001C08	sbc $081C00,X
DC/CD62:	1C4A0C  	trb $0C4A
DC/CD65:	E338    	sbc $38,S
DC/CD67:	FFC142FB	sbc $FB42C1,X
DC/CD6B:	3C0C00  	bit $000C,X
DC/CD6E:	1C00E7  	trb $E700
DC/CD71:	C3E7    	cmp $E7,S
DC/CD73:	81FF    	sta ($FF,X)
DC/CD75:	00FF    	
DC/CD77:	00C3    	brk $C3
DC/CD79:	3CFF00  	bit $00FF,X
DC/CD7C:	FFC3FFC3	sbc $C3FFC3,X
DC/CD80:	60      	 
DC/CD81:	FF007E00	sbc $007E00,X
DC/CD85:	005A    	brk $5A
DC/CD87:	18      	 
DC/CD88:	0000    	
DC/CD8A:	9700    	sta [$00],Y
DC/CD8C:	0200    	cop $00
DC/CD8E:	2967    	and #$67
DC/CD90:	FF00FF81	sbc $81FF00,X
DC/CD94:	FFFFE781	sbc $81E7FF,X
DC/CD98:	FFFFFF00	
DC/CD9C:	FFFDFFFF	sbc $FFFFFD,X
DC/CDA0:	003C    	brk $3C
DC/CDA2:	6718    	adc [$18]
DC/CDA4:	AF027D7E	lda $7E7D02
DC/CDA8:	A73C    	lda [$3C]
DC/CDAA:	1C001C  	trb $1C00
DC/CDAD:	08      	 
DC/CDAE:	1C08FF  	trb $FF08
DC/CDB1:	C3E7    	cmp $E7,S
DC/CDB3:	80FD    	bra $CDB2
DC/CDB5:	0081    	brk $81
DC/CDB7:	00C3    	brk $C3
DC/CDB9:	00FF    	
DC/CDBB:	C3E7    	cmp $E7,S
DC/CDBD:	C3E7    	cmp $E7,S
DC/CDBF:	C30F    	cmp $0F,S
DC/CDC1:	18      	 
DC/CDC2:	1C081C  	trb $1C08
DC/CDC5:	4A      	lsr A
DC/CDC6:	0CE338  	tsb $38E3
DC/CDC9:	FFC142FB	sbc $FB42C1,X
DC/CDCD:	3C0C00  	bit $000C,X
DC/CDD0:	E7C0    	sbc [$C0]
DC/CDD2:	E7C3    	sbc [$C3]
DC/CDD4:	E781    	sbc [$81]
DC/CDD6:	FF00FF00	
DC/CDDA:	C33C    	cmp $3C,S
DC/CDDC:	FF00FFC3	sbc $C3FF00,X
DC/CDE0:	1C081C  	trb $1C08
DC/CDE3:	08      	 
DC/CDE4:	1C4A0C  	trb $0C4A
DC/CDE7:	E338    	sbc $38,S
DC/CDE9:	FFC142FB	sbc $FB42C1,X
DC/CDED:	3C0C00  	bit $000C,X
DC/CDF0:	E7C3    	sbc [$C3]
DC/CDF2:	E7C3    	sbc [$C3]
DC/CDF4:	E781    	sbc [$81]
DC/CDF6:	FF00FF00	
DC/CDFA:	C33C    	cmp $3C,S
DC/CDFC:	FF00FFC3	sbc $C3FF00,X
DC/CE00:	0302    	ora $02,S
DC/CE02:	0301    	ora $01,S
DC/CE04:	1B      	tcs 
DC/CE05:	797A01  	adc $017A,Y
DC/CE08:	6318    	adc $18,S
DC/CE0A:	7C0079  	jmp ($7900,X)
DC/CE0D:	014C    	ora ($4C,X)
DC/CE0F:	39FDF4  	and $F4FD,Y
DC/CE12:	FEF886  	inc $86F8,X
DC/CE15:	80FE    	bra $CE15
DC/CE17:	8087    	bra $CDA0
DC/CE19:	84FF    	sty $FF
DC/CE1B:	80FE    	bra $CE1B
DC/CE1D:	8486    	sty $86
DC/CE1F:	80FF    	bra $CE20
DC/CE21:	49FE    	eor #$FE
DC/CE23:	52AC    	eor ($AC)
DC/CE25:	55FC    	eor $FC,X
DC/CE27:	05FF    	ora $FF
DC/CE29:	001E    	
DC/CE2B:	08      	 
DC/CE2C:	F8      	sed 
DC/CE2D:	18      	 
DC/CE2E:	F7DE    	sbc [$DE],Y
DC/CE30:	B600    	ldx $00,Y
DC/CE32:	AD01AB  	lda $AB01
DC/CE35:	02AB    	cop $AB
DC/CE37:	02FF    	cop $FF
DC/CE39:	00F7    	
DC/CE3B:	21FF    	
DC/CE3D:	00F0    	brk $F0
DC/CE3F:	C07D    	cpy #$7D
DC/CE41:	197800  	ora $0078,Y
DC/CE44:	3070    	bmi $CEB6
DC/CE46:	7B      	tdc 
DC/CE47:	0020    	
DC/CE49:	60      	 
DC/CE4A:	78      	sei 
DC/CE4B:	0060    	brk $60
DC/CE4D:	60      	 
DC/CE4E:	0000    	
DC/CE50:	FE80FF  	inc $FF80,X
DC/CE53:	848F    	sty $8F
DC/CE55:	84FF    	sty $FF
DC/CE57:	849F    	sty $9F
DC/CE59:	87FF    	sta [$FF]
DC/CE5B:	879F    	sta [$9F]
DC/CE5D:	87FF    	sta [$FF]
DC/CE5F:	FFDF70DE	sbc $DE70DF,X
DC/CE63:	66B5    	ror $B5
DC/CE65:	04E0    	tsb $E0
DC/CE67:	0068    	brk $68
DC/CE69:	08      	 
DC/CE6A:	7E0172  	ror $7201,X
DC/CE6D:	0D770D  	ora $0D77
DC/CE70:	AF50B940	lda $40B950
DC/CE74:	FB      	xce 
DC/CE75:	00FF    	
DC/CE77:	03F7    	ora $F7,S
DC/CE79:	83FE    	sta $FE,S
DC/CE7B:	80F2    	bra $CE6F
DC/CE7D:	80F2    	bra $CE71
DC/CE7F:	8007    	bra $CE88
DC/CE81:	0403    	tsb $03
DC/CE83:	0201    	cop $01
DC/CE85:	004D    	brk $4D
DC/CE87:	38      	sec 
DC/CE88:	7B      	tdc 
DC/CE89:	007C    	brk $7C
DC/CE8B:	0041    	brk $41
DC/CE8D:	397C01  	and $017C,Y
DC/CE90:	FB      	xce 
DC/CE91:	F0FD    	beq $CE90
DC/CE93:	F8      	sed 
DC/CE94:	FF848780	sbc $808784,X
DC/CE98:	FF84FF80	sbc $80FF84,X
DC/CE9C:	8684    	stx $84
DC/CE9E:	FE80FE  	inc $FE80,X
DC/CEA1:	92FC    	sta ($FC)
DC/CEA3:	A4D8    	ldy $D8
DC/CEA5:	A978    	lda #$78
DC/CEA7:	89FF    	bit #$FF
DC/CEA9:	001E    	
DC/CEAB:	08      	 
DC/CEAC:	F8      	sed 
DC/CEAD:	18      	 
DC/CEAE:	F7DE    	sbc [$DE],Y
DC/CEB0:	6D005B  	adc $5B00
DC/CEB3:	0157    	ora ($57,X)
DC/CEB5:	0257    	cop $57
DC/CEB7:	02FF    	cop $FF
DC/CEB9:	00F7    	
DC/CEBB:	21FF    	
DC/CEBD:	00F0    	brk $F0
DC/CEBF:	C07D    	cpy #$7D
DC/CEC1:	190878  	ora $7808,Y
DC/CEC4:	78      	sei 
DC/CEC5:	0023    	brk $23
DC/CEC7:	60      	 
DC/CEC8:	78      	sei 
DC/CEC9:	0040    	
DC/CECB:	40      	 
DC/CECC:	78      	sei 
DC/CECD:	0000    	
DC/CECF:	00FE    	brk $FE
DC/CED1:	8087    	bra $CE5A
DC/CED3:	84FF    	sty $FF
DC/CED5:	849F    	sty $9F
DC/CED7:	84FF    	sty $FF
DC/CED9:	87BF    	sta [$BF]
DC/CEDB:	87FF    	sta [$FF]
DC/CEDD:	87FF    	sta [$FF]
DC/CEDF:	FFAF30F1	sbc $F130AF,X
DC/CEE3:	77A0    	adc [$A0],Y
DC/CEE5:	08      	 
DC/CEE6:	EE0C64  	inc $640C
DC/CEE9:	007E    	brk $7E
DC/CEEB:	0172    	ora ($72,X)
DC/CEED:	0D770D  	ora $0D77
DC/CEF0:	DF608870	cmp $708860,X
DC/CEF4:	F700    	sbc [$00],Y
DC/CEF6:	F301    	sbc ($01,S),Y
DC/CEF8:	FF83FE80	sbc $80FE83,X
DC/CEFC:	F280    	sbc ($80)
DC/CEFE:	F280    	sbc ($80)
DC/CF00:	0B      	phd 
DC/CF01:	0203    	cop $03
DC/CF03:	013B    	ora ($3B,X)
DC/CF05:	797A01  	adc $017A,Y
DC/CF08:	7B      	tdc 
DC/CF09:	0044    	brk $44
DC/CF0B:	38      	sec 
DC/CF0C:	79017C  	adc $7C01,Y
DC/CF0F:	19FDF4  	ora $F4FD,Y
DC/CF12:	FE8086  	inc $8680,X
DC/CF15:	80FE    	bra $CF15
DC/CF17:	80FF    	bra $CF18
DC/CF19:	8487    	sty $87
DC/CF1B:	80FE    	bra $CF1B
DC/CF1D:	84FE    	sty $FE
DC/CF1F:	80FF    	bra $CF20
DC/CF21:	49FE    	eor #$FE
DC/CF23:	52AC    	eor ($AC)
DC/CF25:	55FC    	eor $FC,X
DC/CF27:	05FF    	ora $FF
DC/CF29:	001E    	
DC/CF2B:	08      	 
DC/CF2C:	F8      	sed 
DC/CF2D:	18      	 
DC/CF2E:	F7DE    	sbc [$DE],Y
DC/CF30:	B600    	ldx $00,Y
DC/CF32:	AD01AB  	lda $AB01
DC/CF35:	02AB    	cop $AB
DC/CF37:	02FF    	cop $FF
DC/CF39:	00F7    	
DC/CF3B:	21FF    	
DC/CF3D:	00F0    	brk $F0
DC/CF3F:	C04D    	cpy #$4D
DC/CF41:	397800  	and $0078,Y
DC/CF44:	20607B  	jsr $7B60
DC/CF47:	0040    	
DC/CF49:	40      	 
DC/CF4A:	78      	sei 
DC/CF4B:	0000    	
DC/CF4D:	0000    	
DC/CF4F:	0086    	brk $86
DC/CF51:	80FF    	bra $CF52
DC/CF53:	849F    	sty $9F
DC/CF55:	84FF    	sty $FF
DC/CF57:	84BF    	sty $BF
DC/CF59:	87FF    	sta [$FF]
DC/CF5B:	87FF    	sta [$FF]
DC/CF5D:	87FF    	sta [$FF]
DC/CF5F:	FFDF70DE	sbc $DE70DF,X
DC/CF63:	66B0    	ror $B0
DC/CF65:	04E8    	tsb $E8
DC/CF67:	08      	 
DC/CF68:	68      	pla 
DC/CF69:	08      	 
DC/CF6A:	7E0172  	ror $7201,X
DC/CF6D:	0D770D  	ora $0D77
DC/CF70:	AF50B940	lda $40B950
DC/CF74:	FB      	xce 
DC/CF75:	00F7    	
DC/CF77:	03F7    	ora $F7,S
DC/CF79:	83FE    	sta $FE,S
DC/CF7B:	80F2    	bra $CF6F
DC/CF7D:	80F2    	bra $CF71
DC/CF7F:	800F    	bra $CF90
DC/CF81:	0403    	tsb $03
DC/CF83:	0201    	cop $01
DC/CF85:	004D    	brk $4D
DC/CF87:	38      	sec 
DC/CF88:	7B      	tdc 
DC/CF89:	007C    	brk $7C
DC/CF8B:	0041    	brk $41
DC/CF8D:	397C01  	and $017C,Y
DC/CF90:	FB      	xce 
DC/CF91:	F0FD    	beq $CF90
DC/CF93:	F8      	sed 
DC/CF94:	FF848780	sbc $808784,X
DC/CF98:	FF84FF80	sbc $80FF84,X
DC/CF9C:	8684    	stx $84
DC/CF9E:	FE80FE  	inc $FE80,X
DC/CFA1:	92FC    	sta ($FC)
DC/CFA3:	A4D8    	ldy $D8
DC/CFA5:	A978    	lda #$78
DC/CFA7:	89FF    	bit #$FF
DC/CFA9:	001E    	
DC/CFAB:	08      	 
DC/CFAC:	F8      	sed 
DC/CFAD:	18      	 
DC/CFAE:	F7DE    	sbc [$DE],Y
DC/CFB0:	6D005B  	adc $5B00
DC/CFB3:	0157    	ora ($57,X)
DC/CFB5:	0257    	cop $57
DC/CFB7:	02FF    	cop $FF
DC/CFB9:	00F7    	
DC/CFBB:	21FF    	
DC/CFBD:	00F0    	brk $F0
DC/CFBF:	C07D    	cpy #$7D
DC/CFC1:	190878  	ora $7808,Y
DC/CFC4:	78      	sei 
DC/CFC5:	0023    	brk $23
DC/CFC7:	60      	 
DC/CFC8:	78      	sei 
DC/CFC9:	0040    	
DC/CFCB:	40      	 
DC/CFCC:	78      	sei 
DC/CFCD:	0000    	
DC/CFCF:	00FE    	brk $FE
DC/CFD1:	8087    	bra $CF5A
DC/CFD3:	84FF    	sty $FF
DC/CFD5:	849F    	sty $9F
DC/CFD7:	84FF    	sty $FF
DC/CFD9:	87BF    	sta [$BF]
DC/CFDB:	87FF    	sta [$FF]
DC/CFDD:	87FF    	sta [$FF]
DC/CFDF:	FFDF70D4	sbc $D470DF,X
DC/CFE3:	67A4    	adc [$A4]
DC/CFE5:	0CE808  	tsb $08E8
DC/CFE8:	60      	 
DC/CFE9:	007E    	brk $7E
DC/CFEB:	0172    	ora ($72,X)
DC/CFED:	0D770D  	ora $0D77
DC/CFF0:	AF50B840	lda $40B850
DC/CFF4:	F300    	sbc ($00,S),Y
DC/CFF6:	F703    	sbc [$03],Y
DC/CFF8:	FF83FE80	sbc $80FE83,X
DC/CFFC:	F280    	sbc ($80)
DC/CFFE:	F280    	sbc ($80)
DC/D000:	796119  	adc $1961,Y
DC/D003:	017B    	ora ($7B,X)
DC/D005:	60      	 
DC/D006:	18      	 
DC/D007:	007F    	brk $7F
DC/D009:	6F30186D	adc $6D1830
DC/D00D:	3F407F9E	and $9E7F40,X
DC/D011:	80FE    	bra $D011
DC/D013:	809F    	bra $CFB4
DC/D015:	80FF    	bra $D016
DC/D017:	8790    	sta [$90]
DC/D019:	8FE897DF	sta $DF97E8
DC/D01D:	A0BF    	ldy #$BF
DC/D01F:	C098    	cpy #$98
DC/D021:	80B2    	bra $CFD5
DC/D023:	8EF800  	stx $00F8
DC/D026:	340A    	bit $0A,X
DC/D028:	FFFFF0F0	sbc $F0F0FF,X
DC/D02C:	C3FF    	cmp $FF,S
DC/D02E:	7EFF7F  	ror $7FFF,X
DC/D031:	077F    	ora [$7F]
DC/D033:	0FFF07FF	ora $FF07FF
DC/D037:	CF00FFF0	cmp $F0FF00
DC/D03B:	0FFF0081	ora $8100FF
DC/D03F:	7E6C00  	ror $006C,X
DC/D042:	6C007C  	jmp ($7C00)
DC/D045:	107C    	bpl $D0C3
DC/D047:	10FF    	bpl $D048
DC/D049:	FF2626CC	sbc $CC2626,X
DC/D04D:	FFFFFFFF	
DC/D051:	83FF    	sta $FF,S
DC/D053:	83EF    	sta $EF,S
DC/D055:	83EF    	sta $EF,S
DC/D057:	8300    	sta $00,S
DC/D059:	FF26D9FF	sbc $FFD926,X
DC/D05D:	0000    	
DC/D05F:	FFE00030	sbc $3000E0,X
DC/D063:	20BC30  	jsr $30BC
DC/D066:	1010    	bpl $D078
DC/D068:	3F3F7C8C	and $8C7C3F,X
DC/D06C:	4B      	phk 
DC/D06D:	B76F    	lda [$6F],Y
DC/D06F:	33FF    	and ($FF,S),Y
DC/D071:	1FDF8FCF	ora $CF8FDF,X
DC/D075:	00EF    	
DC/D077:	C7C0    	cmp [$C0]
DC/D079:	FF7C034F	sbc $4F037C,X
DC/D07D:	004C    	brk $4C
DC/D07F:	8379    	sta $79,S
DC/D081:	6119    	adc ($19,X)
DC/D083:	017B    	ora ($7B,X)
DC/D085:	60      	 
DC/D086:	18      	 
DC/D087:	0078    	brk $78
DC/D089:	60      	 
DC/D08A:	3F0F761E	and $1E760F,X
DC/D08E:	1D1F9E  	ora $9E1F,X
DC/D091:	80FE    	bra $D091
DC/D093:	809F    	bra $D034
DC/D095:	80FF    	bra $D096
DC/D097:	879F    	sta [$9F]
DC/D099:	87F0    	sta [$F0]
DC/D09B:	8FEE91EF	sta $EF91EE
DC/D09F:	F098    	beq $D039
DC/D0A1:	80B8    	bra $D05B
DC/D0A3:	86F8    	stx $F8
DC/D0A5:	003A    	brk $3A
DC/D0A7:	0E3000  	asl $0030
DC/D0AA:	F3FF    	sbc ($FF,S),Y
DC/D0AC:	4272    	wdm $72
DC/D0AE:	9EFF7F  	stz $7FFF,X
DC/D0B1:	077F    	ora [$7F]
DC/D0B3:	0FFF07FF	ora $FF07FF
DC/D0B7:	CFFFCF0C	cmp $0CCFFF
DC/D0BB:	F372    	sbc ($72,S),Y
DC/D0BD:	8DFF00  	sta $00FF
DC/D0C0:	6C006C  	jmp ($6C00)
DC/D0C3:	007C    	brk $7C
DC/D0C5:	107C    	bpl $D143
DC/D0C7:	107C    	bpl $D145
DC/D0C9:	10FF    	bpl $D0CA
DC/D0CB:	FFE2E21E	sbc $1EE2E2,X
DC/D0CF:	FFFF83FF	sbc $FF83FF,X
DC/D0D3:	83EF    	sta $EF,S
DC/D0D5:	83EF    	sta $EF,S
DC/D0D7:	83EF    	sta $EF,S
DC/D0D9:	8300    	sta $00,S
DC/D0DB:	FFE21DFF	sbc $FF1DE2,X
DC/D0DF:	00E0    	
DC/D0E1:	0090    	brk $90
DC/D0E3:	809C    	bra $D081
DC/D0E5:	1018    	bpl $D0FF
DC/D0E7:	18      	 
DC/D0E8:	3F3F738F	and $8F733F,X
DC/D0EC:	49B7    	eor #$B7
DC/D0EE:	6F33FF1F	adc $1FFF33
DC/D0F2:	7F0FEF00	adc $00EF0F,X
DC/D0F6:	E7C7    	sbc [$C7]
DC/D0F8:	C0FF    	cpy #$FF
DC/D0FA:	7C034F  	jmp ($4F03,X)
DC/D0FD:	004C    	brk $4C
DC/D0FF:	8379    	sta $79,S
DC/D101:	6119    	adc ($19,X)
DC/D103:	017B    	ora ($7B,X)
DC/D105:	60      	 
DC/D106:	18      	 
DC/D107:	007F    	brk $7F
DC/D109:	6F341C65	adc $651C34
DC/D10D:	3740    	and [$40],Y
DC/D10F:	7F9E80FE	adc $FE809E,X
DC/D113:	809F    	bra $D0B4
DC/D115:	80FF    	bra $D116
DC/D117:	8790    	sta [$90]
DC/D119:	8FE897D7	sta $D797E8
DC/D11D:	A8      	tay 
DC/D11E:	BFC09880	lda $8098C0,X
DC/D122:	BA      	tsx 
DC/D123:	8EF800  	stx $00F8
DC/D126:	340A    	bit $0A,X
DC/D128:	FFFF6060	sbc $6060FF,X
DC/D12C:	C7FF    	cmp [$FF]
DC/D12E:	7EFF7F  	ror $7FFF,X
DC/D131:	077F    	ora [$7F]
DC/D133:	0FFF07FF	ora $FF07FF
DC/D137:	CF00FF60	cmp $60FF00
DC/D13B:	9FFF0081	sta $8100FF,X
DC/D13F:	7E6C00  	ror $006C,X
DC/D142:	6C007C  	jmp ($7C00)
DC/D145:	107C    	bpl $D1C3
DC/D147:	10FF    	bpl $D148
DC/D149:	FFE2E2FC	sbc $FCE2E2,X
DC/D14D:	FFFFFFFF	
DC/D151:	83FF    	sta $FF,S
DC/D153:	83EF    	sta $EF,S
DC/D155:	83EF    	sta $EF,S
DC/D157:	8300    	sta $00,S
DC/D159:	FFE21DFF	sbc $FF1DE2,X
DC/D15D:	0000    	
DC/D15F:	FFE00030	sbc $3000E0,X
DC/D163:	203C30  	jsr $303C
DC/D166:	1010    	bpl $D178
DC/D168:	3F3F748C	and $8C743F,X
DC/D16C:	4B      	phk 
DC/D16D:	B76F    	lda [$6F],Y
DC/D16F:	33FF    	and ($FF,S),Y
DC/D171:	1FDF0FCF	ora $CF0FDF,X
DC/D175:	00EF    	
DC/D177:	C7C0    	cmp [$C0]
DC/D179:	FF7C034F	sbc $4F037C,X
DC/D17D:	004C    	brk $4C
DC/D17F:	8379    	sta $79,S
DC/D181:	6119    	adc ($19,X)
DC/D183:	017B    	ora ($7B,X)
DC/D185:	60      	 
DC/D186:	18      	 
DC/D187:	0078    	brk $78
DC/D189:	60      	 
DC/D18A:	3F0F761E	and $1E760F,X
DC/D18E:	1D1F9E  	ora $9E1F,X
DC/D191:	80FE    	bra $D191
DC/D193:	809F    	bra $D134
DC/D195:	80FF    	bra $D196
DC/D197:	879F    	sta [$9F]
DC/D199:	87F0    	sta [$F0]
DC/D19B:	8FEE91EF	sta $EF91EE
DC/D19F:	F098    	beq $D139
DC/D1A1:	80B4    	bra $D157
DC/D1A3:	8A      	 
DC/D1A4:	F8      	sed 
DC/D1A5:	003C    	brk $3C
DC/D1A7:	0630    	asl $30
DC/D1A9:	00F3    	brk $F3
DC/D1AB:	FF4272FC	sbc $FC7242,X
DC/D1AF:	FF7F077F	sbc $7F077F,X
DC/D1B3:	0FFF07FF	ora $FF07FF
DC/D1B7:	CFFFCF0C	cmp $0CCFFF
DC/D1BB:	F372    	sbc ($72,S),Y
DC/D1BD:	8DFF00  	sta $00FF
DC/D1C0:	6C006C  	jmp ($6C00)
DC/D1C3:	007C    	brk $7C
DC/D1C5:	107C    	bpl $D243
DC/D1C7:	107C    	bpl $D245
DC/D1C9:	10FF    	bpl $D1CA
DC/D1CB:	FFFAFAC8	sbc $C8FAFA,X
DC/D1CF:	FFFF83FF	sbc $FF83FF,X
DC/D1D3:	83EF    	sta $EF,S
DC/D1D5:	83EF    	sta $EF,S
DC/D1D7:	83EF    	sta $EF,S
DC/D1D9:	8300    	sta $00,S
DC/D1DB:	FFFA05FF	sbc $FF05FA,X
DC/D1DF:	00E0    	
DC/D1E1:	00B0    	brk $B0
DC/D1E3:	A03C    	ldy #$3C
DC/D1E5:	3010    	bmi $D1F7
DC/D1E7:	103F    	bpl $D228
DC/D1E9:	3F748F49	and $498F74,X
DC/D1ED:	B76F    	lda [$6F],Y
DC/D1EF:	33FF    	and ($FF,S),Y
DC/D1F1:	1F5F0FCF	ora $CF0F5F,X
DC/D1F5:	00EF    	
DC/D1F7:	C7C0    	cmp [$C0]
DC/D1F9:	FF7F004F	sbc $4F007F,X
DC/D1FD:	004C    	brk $4C
DC/D1FF:	83FC    	sta $FC,S
DC/D201:	3FF33FC0	and $C03FF3,X
DC/D205:	00BF    	brk $BF
DC/D207:	00BF    	brk $BF
DC/D209:	3F913FAC	and $AC3F91,X
DC/D20D:	13BF    	ora ($BF,S),Y
DC/D20F:	00FF    	
DC/D211:	3FFF3FFF	and $FF3FFF,X
DC/D215:	00FF    	
DC/D217:	00FF    	
DC/D219:	3FFF3FFF	and $FF3FFF,X
DC/D21D:	3FFF003F	and $3F00FF,X
DC/D221:	FCCFF4  	jsr ($F4CF,X)
DC/D224:	0704    	ora [$04]
DC/D226:	FF02FFFE	sbc $FEFF02,X
DC/D22A:	0DF459  	ora $59F4
DC/D22D:	A4FB    	ldy $FB
DC/D22F:	00FF    	
DC/D231:	FCFFFC  	jsr ($FCFF,X)
DC/D234:	FB      	xce 
DC/D235:	00FD    	brk $FD
DC/D237:	00FD    	brk $FD
DC/D239:	FCFFFC  	jsr ($FCFF,X)
DC/D23C:	FFFCFF00	sbc $00FFFC,X
DC/D240:	997F80  	sta $807F,Y
DC/D243:	00A0    	brk $A0
DC/D245:	3FAF60B0	and $B060AF,X
DC/D249:	3FFF7FBF	and $BF7FFF,X
DC/D24D:	3FFF4080	and $8040FF,X
DC/D251:	00FF    	
DC/D253:	00FF    	
DC/D255:	3FBF7FFF	and $FF7FBF,X
DC/D259:	3FBF3FFF	and $FF3FBF,X
DC/D25D:	3FBF009D	and $9D00BF,X
DC/D261:	FE0504  	inc $0405,X
DC/D264:	0DFCCD  	ora $CDFC
DC/D267:	060D    	asl $0D
DC/D269:	F6AF    	inc $AF,X
DC/D26B:	F6FD    	inc $FD,X
DC/D26D:	FCFA00  	jsr ($00FA,X)
DC/D270:	0100    	ora ($00,X)
DC/D272:	FB      	xce 
DC/D273:	00FF    	
DC/D275:	FCFDFE  	jsr ($FEFD,X)
DC/D278:	FDFEFD  	sbc $FDFE,X
DC/D27B:	FCFFFC  	jsr ($FCFF,X)
DC/D27E:	FF00CA00	sbc $00CA00,X
DC/D282:	FF00FF3F	sbc $3FFF00,X
DC/D286:	D13F    	cmp ($3F),Y
DC/D288:	803F    	bra $D2C9
DC/D28A:	BF008000	lda $008000,X
DC/D28E:	9D3FFF  	sta $FF3F,X
DC/D291:	00FF    	
DC/D293:	00FF    	
DC/D295:	3FFF3FFF	and $FF3FFF,X
DC/D299:	3FFF00FF	and $FF00FF,X
DC/D29D:	00C0    	brk $C0
DC/D29F:	0003    	
DC/D2A1:	00FF    	
DC/D2A3:	00FF    	
DC/D2A5:	FC07FC  	jsr ($FC07,X)
DC/D2A8:	09F4    	ora #$F4
DC/D2AA:	FB      	xce 
DC/D2AB:	0001    	
DC/D2AD:	00D5    	brk $D5
DC/D2AF:	FCFF00  	jsr ($00FF,X)
DC/D2B2:	FF00FFFC	sbc $FCFF00,X
DC/D2B6:	FFFCFFFC	sbc $FCFFFC,X
DC/D2BA:	FF00FF00	
DC/D2BE:	0300    	ora $00,S
DC/D2C0:	A03F    	ldy #$3F
DC/D2C2:	AF60B03F	lda $3FB060
DC/D2C6:	FF7FBF3F	sbc $3FBF7F,X
DC/D2CA:	FF40997F	sbc $7F9940,X
DC/D2CE:	8000    	bra $D2D0
DC/D2D0:	FF3FBF7F	sbc $7FBF3F,X
DC/D2D4:	FF3FBF3F	sbc $3FBF3F,X
DC/D2D8:	FF3FBF00	sbc $00BF3F,X
DC/D2DC:	8000    	bra $D2DE
DC/D2DE:	FF000DFC	sbc $FC0D00,X
DC/D2E2:	CD060D  	cmp $0D06
DC/D2E5:	F6AF    	inc $AF,X
DC/D2E7:	F6FD    	inc $FD,X
DC/D2E9:	FCFA00  	jsr ($00FA,X)
DC/D2EC:	9DFE05  	sta $05FE,X
DC/D2EF:	04FF    	tsb $FF
DC/D2F1:	FCFDFE  	jsr ($FEFD,X)
DC/D2F4:	FDFEFD  	sbc $FDFE,X
DC/D2F7:	FCFFFC  	jsr ($FCFF,X)
DC/D2FA:	FF000100	sbc $000100,X
DC/D2FE:	FB      	xce 
DC/D2FF:	00FF    	
DC/D301:	3FD13FC0	and $C03FD1,X
DC/D305:	3FBF00C8	and $C800BF,X
DC/D309:	0091    	brk $91
DC/D30B:	11B3    	ora ($B3),Y
DC/D30D:	0CAF60  	tsb $60AF
DC/D310:	C03F    	cpy #$3F
DC/D312:	FF3FFF3F	sbc $3FFF3F,X
DC/D316:	FF00FF00	
DC/D31A:	EE00FF  	inc $FF00
DC/D31D:	0CBF7F  	tsb $7FBF
DC/D320:	FFFC07FC	sbc $FC07FC,X
DC/D324:	0B      	phd 
DC/D325:	F4FF00  	pea $00FF
DC/D328:	2B      	pld 
DC/D329:	0085    	brk $85
DC/D32B:	84DD    	sty $DD
DC/D32D:	28      	 
DC/D32E:	CD0603  	cmp $0306
DC/D331:	FCFFFC  	jsr ($FCFF,X)
DC/D334:	FFFCFF00	sbc $00FFFC,X
DC/D338:	FF007B00	sbc $007B00,X
DC/D33C:	FF28FDFE	sbc $FEFD28,X
DC/D340:	B03F    	bcs $D381
DC/D342:	FF7FBF3F	sbc $3FBF7F,X
DC/D346:	FF40997F	sbc $7F9940,X
DC/D34A:	8000    	bra $D34C
DC/D34C:	A03F    	ldy #$3F
DC/D34E:	AF60FF3F	lda $3FFF60
DC/D352:	BF3FFF3F	lda $3FFF3F,X
DC/D356:	BF008000	lda $008000,X
DC/D35A:	FF00FF3F	sbc $3FFF00,X
DC/D35E:	BF7F0DF6	lda $F60D7F,X
DC/D362:	AFF6FDFC	lda $FCFDF6
DC/D366:	FA      	plx 
DC/D367:	009D    	brk $9D
DC/D369:	FE0504  	inc $0405,X
DC/D36C:	0DFCCD  	ora $CDFC
DC/D36F:	06FD    	asl $FD
DC/D371:	FEFDFC  	inc $FCFD,X
DC/D374:	FFFCFF00	sbc $00FFFC,X
DC/D378:	0100    	ora ($00,X)
DC/D37A:	FB      	xce 
DC/D37B:	00FF    	
DC/D37D:	FCFDFE  	jsr ($FEFD,X)
DC/D380:	C03F    	cpy #$3F
DC/D382:	FF00D800	sbc $00D800,X
DC/D386:	E464    	cpx $64
DC/D388:	BF00F86F	lda $6FF800,X
DC/D38C:	F36F    	sbc ($6F,S),Y
DC/D38E:	BC23FF  	ldy $FF23,X
DC/D391:	3FFF00FF	and $FF00FF,X
DC/D395:	009B    	brk $9B
DC/D397:	00FF    	
DC/D399:	00BF    	brk $BF
DC/D39B:	3FBF3FFF	and $FF3FBF,X
DC/D39F:	3F0BF4FF	and $FFF40B,X
DC/D3A3:	00DB    	brk $DB
DC/D3A5:	0095    	brk $95
DC/D3A7:	94FD    	sty $FD,X
DC/D3A9:	00EF    	
DC/D3AB:	FEA7FE  	inc $FEA7,X
DC/D3AE:	5DACFF  	eor $FFAC,X
DC/D3B1:	FCFF00  	jsr ($00FF,X)
DC/D3B4:	FF006B00	sbc $006B00,X
DC/D3B8:	FF00FDFC	sbc $FCFD00,X
DC/D3BC:	FDFCFF  	sbc $FFFC,X
DC/D3BF:	FCBF3F  	jsr ($3FBF,X)
DC/D3C2:	FF40997F	sbc $7F9940,X
DC/D3C6:	8000    	bra $D3C8
DC/D3C8:	A03F    	ldy #$3F
DC/D3CA:	AF60B03F	lda $3FB060
DC/D3CE:	FF7FFF3F	sbc $3FFF7F,X
DC/D3D2:	BF008000	lda $008000,X
DC/D3D6:	FF00FF3F	sbc $3FFF00,X
DC/D3DA:	BF7FFF3F	lda $3FFF7F,X
DC/D3DE:	BF3FFDFC	lda $FCFD3F,X
DC/D3E2:	FA      	plx 
DC/D3E3:	009D    	brk $9D
DC/D3E5:	FE0504  	inc $0405,X
DC/D3E8:	0DFCCD  	ora $CDFC
DC/D3EB:	060D    	asl $0D
DC/D3ED:	F6AF    	inc $AF,X
DC/D3EF:	F6FF    	inc $FF,X
DC/D3F1:	FCFF00  	jsr ($00FF,X)
DC/D3F4:	0100    	ora ($00,X)
DC/D3F6:	FB      	xce 
DC/D3F7:	00FF    	
DC/D3F9:	FCFDFE  	jsr ($FEFD,X)
DC/D3FC:	FDFEFD  	sbc $FDFE,X
DC/D3FF:	FCAA6F  	jsr ($6FAA,X)
DC/D402:	A63F    	ldx $3F
DC/D404:	B926FF  	lda $FF26,Y
DC/D407:	7FBF3FFF	adc $FF3FBF,X
DC/D40B:	40      	 
DC/D40C:	F03F    	beq $D44D
DC/D40E:	FF3F9000	sbc $00903F,X
DC/D412:	FF3FFF3F	sbc $3FFF3F,X
DC/D416:	BF3FFF3F	lda $3FFF3F,X
DC/D41A:	BF00FF3F	lda $3FFF00,X
DC/D41E:	FF3F77FE	sbc $FE773F,X
DC/D422:	2DFC9D  	and $9DFC
DC/D425:	66AF    	ror $AF
DC/D427:	F6FD    	inc $FD,X
DC/D429:	FCFB00  	jsr ($00FB,X)
DC/D42C:	0FF4FCFE	ora $FEFCF4
DC/D430:	0100    	ora ($00,X)
DC/D432:	FFFCFDFE	sbc $FEFDFC,X
DC/D436:	FDFCFF  	sbc $FFFC,X
DC/D439:	FCFF00  	jsr ($00FF,X)
DC/D43C:	FFFCFDFE	sbc $FEFDFC,X
DC/D440:	8B      	phb 
DC/D441:	8B      	phb 
DC/D442:	FC0075  	jsr ($7500,X)
DC/D445:	00FF    	
DC/D447:	02F7    	cop $F7
DC/D449:	0A      	asl A
DC/D44A:	8F3EA71C	sta $1CA73E
DC/D44E:	A31C    	lda $1C,S
DC/D450:	7400    	stz $00,X
DC/D452:	FF00FF00	
DC/D456:	FB      	xce 
DC/D457:	06F7    	asl $F7
DC/D459:	0E8F7E  	asl $7E8F
DC/D45C:	8F7E8F7E	sta $7E8F7E
DC/D460:	873C    	sta [$3C]
DC/D462:	E31C    	sbc $1C,S
DC/D464:	A31C    	lda $1C,S
DC/D466:	E31C    	sbc $1C,S
DC/D468:	A41A    	ldy $1A
DC/D46A:	E31F    	sbc $1F,S
DC/D46C:	A51F    	lda $1F
DC/D46E:	A91C    	lda #$1C
DC/D470:	8F7E8F7E	sta $7E8F7E
DC/D474:	8F7E8F7E	sta $7E8F7E
DC/D478:	8F7E8E7E	sta $7E8E7E
DC/D47C:	8C7D8B  	sty $8B7D
DC/D47F:	7CB33F  	jmp ($3FB3,X)
DC/D482:	FE61AE  	inc $AE61,X
DC/D485:	3FBF3FFF	and $FF3FBF,X
DC/D489:	40      	 
DC/D48A:	E03F    	cpx #$3F
DC/D48C:	DF3FFF3F	cmp $3FFF3F,X
DC/D490:	FF3FBF3F	sbc $3FBF3F,X
DC/D494:	FF3FFF3F	sbc $3FFF3F,X
DC/D498:	BF00FF3F	lda $3FFF00,X
DC/D49C:	FF3FFF3F	sbc $3FFF3F,X
DC/D4A0:	5DFE1F  	eor $1FFE,X
DC/D4A3:	E68D    	inc $8D
DC/D4A5:	F4FDFC  	pea $FCFD
DC/D4A8:	FA      	plx 
DC/D4A9:	000F    	brk $0F
DC/D4AB:	F4C5FE  	pea $FEC5
DC/D4AE:	FCFEFD  	jsr ($FDFE,X)
DC/D4B1:	FEFDFC  	inc $FCFD,X
DC/D4B4:	FFFCFFFC	sbc $FCFFFC,X
DC/D4B8:	FF00FFFC	sbc $FCFF00,X
DC/D4BC:	FDFEFD  	sbc $FDFE,X
DC/D4BF:	FE8B8B  	inc $8B8B,X
DC/D4C2:	FC0071  	jsr ($7100,X)
DC/D4C5:	01FF    	ora ($FF,X)
DC/D4C7:	01FF    	ora ($FF,X)
DC/D4C9:	058F    	ora $8F
DC/D4CB:	3DBE1D  	and $1DBE,X
DC/D4CE:	BE1974  	ldx $7419,Y
DC/D4D1:	00FF    	
DC/D4D3:	00FE    	brk $FE
DC/D4D5:	00FA    	
DC/D4D7:	04F6    	tsb $F6
DC/D4D9:	0C8E7C  	tsb $7C8E
DC/D4DC:	8E7C8E  	stx $8E7C
DC/D4DF:	7C9739  	jmp ($3997,X)
DC/D4E2:	FE19B6  	inc $B619,X
DC/D4E5:	19F719  	ora $19F7,Y
DC/D4E8:	BF19F81D	lda $1DF819,X
DC/D4EC:	BC1CBA  	ldy $BA1C,X
DC/D4EF:	1A      	inc A
DC/D4F0:	9E7C9E  	stz $9E7C,X
DC/D4F3:	7C9E7C  	jmp ($7C9E,X)
DC/D4F6:	8E7C8E  	stx $8E7C
DC/D4F9:	7C8E7C  	jmp ($7C8E,X)
DC/D4FC:	8B      	phb 
DC/D4FD:	7C857A  	jmp ($7A85,X)
DC/D500:	FE61AE  	inc $AE61,X
DC/D503:	3FBF3FFF	and $FF3FBF,X
DC/D507:	40      	 
DC/D508:	E03F    	cpx #$3F
DC/D50A:	DF3FFF3F	cmp $3FFF3F,X
DC/D50E:	FF40BF3F	sbc $3FBF40,X
DC/D512:	FF3FFF3F	sbc $3FFF3F,X
DC/D516:	BF00FF3F	lda $3FFF00,X
DC/D51A:	FF3FFF3F	sbc $3FFF3F,X
DC/D51E:	BF001FE6	lda $E61F00,X
DC/D522:	8DF4FD  	sta $FDF4
DC/D525:	FCFA00  	jsr ($00FA,X)
DC/D528:	0FF4C5FE	ora $FEC5F4
DC/D52C:	FCFEFA  	jsr ($FAFE,X)
DC/D52F:	00FD    	brk $FD
DC/D531:	FCFFFC  	jsr ($FCFF,X)
DC/D534:	FFFCFF00	sbc $00FFFC,X
DC/D538:	FFFCFDFE	sbc $FEFDFC,X
DC/D53C:	FDFEFF  	sbc $FFFE,X
DC/D53F:	008B    	brk $8B
DC/D541:	8B      	phb 
DC/D542:	FC0071  	jsr ($7100,X)
DC/D545:	01FA    	ora ($FA,X)
DC/D547:	03FA    	ora $FA,S
DC/D549:	039A    	ora $9A,S
DC/D54B:	2B      	pld 
DC/D54C:	BA      	tsx 
DC/D54D:	0B      	phd 
DC/D54E:	B8      	clv 
DC/D54F:	0B      	phd 
DC/D550:	7400    	stz $00,X
DC/D552:	FF00FF01	sbc $01FF00,X
DC/D556:	FD01F5  	sbc $F501,X
DC/D559:	098D    	ora #$8D
DC/D55B:	799D69  	adc $699D,Y
DC/D55E:	9D6998  	sta $9869,X
DC/D561:	2B      	pld 
DC/D562:	FA      	plx 
DC/D563:	0B      	phd 
DC/D564:	B8      	clv 
DC/D565:	0B      	phd 
DC/D566:	F90BBB  	sbc $BB0B,Y
DC/D569:	0B      	phd 
DC/D56A:	FA      	plx 
DC/D56B:	0B      	phd 
DC/D56C:	B8      	clv 
DC/D56D:	0CB90E  	tsb $0EB9
DC/D570:	9D699D  	sta $9D69,X
DC/D573:	699D    	adc #$9D
DC/D575:	699D    	adc #$9D
DC/D577:	699D    	adc #$9D
DC/D579:	699C    	adc #$9C
DC/D57B:	68      	pla 
DC/D57C:	9B      	txy 
DC/D57D:	6C916E  	jmp ($6E91)
DC/D580:	AE3FFF  	ldx $FF3F
DC/D583:	7FF300E0	adc $E000F3,X
DC/D587:	3FDF3FFF	and $FF3FDF,X
DC/D58B:	7FFF40F0	adc $F040FF,X
DC/D58F:	3FFF3FBF	and $BF3FFF,X
DC/D593:	3FFF00FF	and $FF00FF,X
DC/D597:	3FFF3FBF	and $BF3FFF,X
DC/D59B:	3FBF00FF	and $FF00BF,X
DC/D59F:	3F8DF4FC	and $FCF48D,X
DC/D5A3:	FCF100  	jsr ($00F1,X)
DC/D5A6:	0DF6C4  	ora $C4F6
DC/D5A9:	FEFEFC  	inc $FCFE,X
DC/D5AC:	FB      	xce 
DC/D5AD:	000F    	brk $0F
DC/D5AF:	F4FFFC  	pea $FCFF
DC/D5B2:	FFFCFF00	sbc $00FFFC,X
DC/D5B6:	FDFEFD  	sbc $FDFE,X
DC/D5B9:	FEFFFC  	inc $FCFF,X
DC/D5BC:	FF00FFFC	sbc $FCFF00,X
DC/D5C0:	8B      	phb 
DC/D5C1:	8B      	phb 
DC/D5C2:	FE0075  	inc $7500,X
DC/D5C5:	02FB    	cop $FB
DC/D5C7:	06F9    	asl $F9
DC/D5C9:	0F912BB0	ora $B02B91
DC/D5CD:	0B      	phd 
DC/D5CE:	B10B    	lda ($0B),Y
DC/D5D0:	7400    	stz $00,X
DC/D5D2:	FF00FC03	sbc $03FC00,X
DC/D5D6:	FB      	xce 
DC/D5D7:	07EB    	ora [$EB]
DC/D5D9:	1F976B97	ora $976B97,X
DC/D5DD:	6B      	 
DC/D5DE:	976B    	sta [$6B],Y
DC/D5E0:	902B    	bcc $D60D
DC/D5E2:	F40FA4  	pea $A40F
DC/D5E5:	1FF10AB0	ora $B00AF1,X
DC/D5E9:	0B      	phd 
DC/D5EA:	F70F    	sbc [$0F],Y
DC/D5EC:	B20B    	lda ($0B)
DC/D5EE:	B90E97  	lda $970E,Y
DC/D5F1:	6B      	 
DC/D5F2:	936B    	sta ($6B,S),Y
DC/D5F4:	837B    	sta $7B,S
DC/D5F6:	976B    	sta [$6B],Y
DC/D5F8:	976B    	sta [$6B],Y
DC/D5FA:	936B    	sta ($6B,S),Y
DC/D5FC:	966B    	stx $6B,Y
DC/D5FE:	916E    	sta ($6E),Y
DC/D600:	18      	 
DC/D601:	0085    	brk $85
DC/D603:	99BFBE  	sta $BEBF,Y
DC/D606:	87BE    	sta [$BE]
DC/D608:	97AE    	sta [$AE],Y
DC/D60A:	07BE    	ora [$BE]
DC/D60C:	17AE    	ora [$AE],Y
DC/D60E:	97AE    	sta [$AE],Y
DC/D610:	FF00621C	sbc $1C6200,X
DC/D614:	7F3E7F3E	adc $3E7F3E,X
DC/D618:	7F3E7F3E	adc $3E7F3E,X
DC/D61C:	7F3E7F3E	adc $3E7F3E,X
DC/D620:	13AC    	ora ($AC,S),Y
DC/D622:	17AE    	ora [$AE],Y
DC/D624:	83AC    	sta $AC,S
DC/D626:	ADA07E  	lda $7EA0
DC/D629:	FE89F7  	inc $F789,X
DC/D62C:	0119    	ora ($19,X)
DC/D62E:	FB      	xce 
DC/D62F:	047F    	tsb $7F
DC/D631:	3E7F3E  	rol $3E7F,X
DC/D634:	7F3E7F3E	adc $3E7F3E,X
DC/D638:	3F3E081C	and $1C083E,X
DC/D63C:	E618    	inc $18
DC/D63E:	FB      	xce 
DC/D63F:	0411    	tsb $11
DC/D641:	11BF    	ora ($BF),Y
DC/D643:	80DE    	bra $D623
DC/D645:	C0FF    	cpy #$FF
DC/D647:	E0F7    	cpx #$F7
DC/D649:	D8      	cld 
DC/D64A:	79FC59  	adc $59FC,Y
DC/D64D:	FCF9DC  	jsr ($DCF9,X)
DC/D650:	EE007F  	inc $7F00
DC/D653:	003F    	
DC/D655:	40      	 
DC/D656:	2F703778	and $783770
DC/D65A:	397E39  	and $397E,Y
DC/D65D:	7E397E  	ror $7E39,X
DC/D660:	79DC5B  	adc $5BDC,Y
DC/D663:	FCE9DC  	jsr ($DCE9,X)
DC/D666:	DB      	stp 
DC/D667:	FC79DC  	jsr ($DC79,X)
DC/D66A:	BB      	tyx 
DC/D66B:	FC99BC  	jsr ($BC99,X)
DC/D66E:	C91C    	cmp #$1C
DC/D670:	397E39  	and $397E,Y
DC/D673:	7E397E  	ror $7E39,X
DC/D676:	397E39  	and $397E,Y
DC/D679:	7E393E  	ror $3E39,X
DC/D67C:	599EE9  	eor $E99E,Y
DC/D67F:	1E6000  	asl $0060,X
DC/D682:	1666    	asl $66,X
DC/D684:	FEFA1E  	inc $1EFA,X
DC/D687:	FA      	plx 
DC/D688:	5EBA1C  	lsr $1CBA,X
DC/D68B:	FA      	plx 
DC/D68C:	5CBA5EBA	jmp $BA5EBA
DC/D690:	FF008970	sbc $708900,X
DC/D694:	FDF8FD  	sbc $FDF8,X
DC/D697:	F8      	sed 
DC/D698:	FDF8FD  	sbc $FDF8,X
DC/D69B:	F8      	sed 
DC/D69C:	FDF8FD  	sbc $FDF8,X
DC/D69F:	F8      	sed 
DC/D6A0:	4CB25C  	jmp $5CB2
DC/D6A3:	BA      	tsx 
DC/D6A4:	0EB2B6  	asl $B6B2
DC/D6A7:	82F9FB  	brl $D2A3
DC/D6AA:	26DF    	rol $DF
DC/D6AC:	0464    	tsb $64
DC/D6AE:	EF10FDF8	sbc $F8FD10
DC/D6B2:	FDF8FD  	sbc $FDF8,X
DC/D6B5:	F8      	sed 
DC/D6B6:	FDF8FC  	sbc $FCF8,X
DC/D6B9:	F8      	sed 
DC/D6BA:	20709B  	jsr $9B70
DC/D6BD:	60      	 
DC/D6BE:	EF101111	sbc $111110
DC/D6C2:	3F00FEC0	and $C0FE00,X
DC/D6C6:	FFA0F7F8	sbc $F8F7A0,X
DC/D6CA:	B1F4    	lda ($F4),Y
DC/D6CC:	F5B4    	sbc $B4,X
DC/D6CE:	F5B4    	sbc $B4,X
DC/D6D0:	EE00FF  	inc $FF00
DC/D6D3:	005F    	brk $5F
DC/D6D5:	E06F    	cpx #$6F
DC/D6D7:	F077    	beq $D750
DC/D6D9:	F8      	sed 
DC/D6DA:	79F679  	adc $79F6,Y
DC/D6DD:	F679    	inc $79,X
DC/D6DF:	F6B5    	inc $B5,X
DC/D6E1:	F4D7BC  	pea $BCD7
DC/D6E4:	B5F4    	lda $F4,X
DC/D6E6:	F7BC    	sbc [$BC],Y
DC/D6E8:	F5F4    	sbc $F4,X
DC/D6EA:	F7F4    	sbc [$F4],Y
DC/D6EC:	1534    	ora $34,X
DC/D6EE:	C91C    	cmp #$1C
DC/D6F0:	79F671  	adc $71F6,Y
DC/D6F3:	FE79F6  	inc $F679,X
DC/D6F6:	71FE    	adc ($FE),Y
DC/D6F8:	79F639  	adc $39F6,Y
DC/D6FB:	76D9    	ror $D9,X
DC/D6FD:	36E9    	rol $E9,X
DC/D6FF:	1E8100  	asl $0081,X
DC/D702:	58      	cli 
DC/D703:	99FBEB  	sta $EBFB,Y
DC/D706:	78      	sei 
DC/D707:	EB      	xba 
DC/D708:	F96A70  	sbc $706A,Y
DC/D70B:	EB      	xba 
DC/D70C:	F16A    	sbc ($6A),Y
DC/D70E:	F96AFF  	sbc $FF6A,Y
DC/D711:	0026    	brk $26
DC/D713:	C1F7    	cmp ($F7,X)
DC/D715:	E3F7    	sbc $F7,S
DC/D717:	E3F7    	sbc $F7,S
DC/D719:	E3F7    	sbc $F7,S
DC/D71B:	E3F7    	sbc $F7,S
DC/D71D:	E3F7    	sbc $F7,S
DC/D71F:	E3B1    	sbc $B1,S
DC/D721:	4A      	lsr A
DC/D722:	F16A    	sbc ($6A),Y
DC/D724:	38      	sec 
DC/D725:	4A      	lsr A
DC/D726:	5A      	phy 
DC/D727:	0A      	asl A
DC/D728:	F7EF    	sbc [$EF],Y
DC/D72A:	18      	 
DC/D72B:	FF0445BF	sbc $BF4504,X
DC/D72F:	40      	 
DC/D730:	F7E3    	sbc [$E3],Y
DC/D732:	F7E3    	sbc [$E3],Y
DC/D734:	F7E3    	sbc [$E3],Y
DC/D736:	F7E3    	sbc [$E3],Y
DC/D738:	F3E3    	sbc ($E3,S),Y
DC/D73A:	40      	 
DC/D73B:	E1BA    	sbc ($BA,X)
DC/D73D:	41BF    	eor ($BF,X)
DC/D73F:	40      	 
DC/D740:	D111    	cmp ($11),Y
DC/D742:	DF00CEC0	cmp $C0CE00,X
DC/D746:	EF60E7E8	sbc $E8E760
DC/D74A:	79FC69  	adc $69FC,Y
DC/D74D:	EC65EC  	cpx $EC65
DC/D750:	6E807F  	ror $7F80
DC/D753:	80FF    	bra $D754
DC/D755:	C0FF    	cpy #$FF
DC/D757:	E0F7    	cpx #$F7
DC/D759:	E8      	inx 
DC/D75A:	E9EE    	sbc #$EE
DC/D75C:	F9EEFD  	sbc $FDEE,Y
DC/D75F:	EE2DE4  	inc $E42D
DC/D762:	FF7475FC	sbc $FC7574,X
DC/D766:	6FE46DE4	adc $E46DE4
DC/D76A:	3FF4058C	and $8C05F4,X
DC/D76E:	ED00FD  	sbc $FD00
DC/D771:	E6ED    	inc $ED
DC/D773:	E6ED    	inc $ED
DC/D775:	EEFDE6  	inc $E6FD
DC/D778:	7DE62D  	adc $2DE6,X
DC/D77B:	E675    	inc $75
DC/D77D:	8EFD02  	stx $02FD
DC/D780:	0600    	asl $00
DC/D782:	6166    	adc ($66,X)
DC/D784:	EFAFE1AF	sbc $AFE1AF
DC/D788:	E5AB    	sbc $AB
DC/D78A:	C1AF    	cmp ($AF,X)
DC/D78C:	C5AB    	cmp $AB
DC/D78E:	E5AB    	sbc $AB
DC/D790:	FF009807	sbc $079800,X
DC/D794:	DF8FDF8F	cmp $8FDF8F,X
DC/D798:	DF8FDF8F	cmp $8FDF8F,X
DC/D79C:	DF8FDF8F	cmp $8FDF8F,X
DC/D7A0:	C42B    	cpy $2B
DC/D7A2:	C5AB    	cmp $AB
DC/D7A4:	E02B    	cpx #$2B
DC/D7A6:	6B      	 
DC/D7A7:	28      	 
DC/D7A8:	9FBF627D	sta $7D62BF,X
DC/D7AC:	4147    	eor ($47,X)
DC/D7AE:	FF01DF8F	sbc $8FDF01,X
DC/D7B2:	DF8FDF8F	cmp $8FDF8F,X
DC/D7B6:	DF8FCF8F	cmp $8FCF8F,X
DC/D7BA:	8007    	bra $D7C3
DC/D7BC:	B8      	clv 
DC/D7BD:	07FE    	ora [$FE]
DC/D7BF:	01D1    	ora ($D1,X)
DC/D7C1:	51FF    	eor ($FF),Y
DC/D7C3:	008E    	brk $8E
DC/D7C5:	A08F    	ldy #$8F
DC/D7C7:	90E7    	bcc $D7B0
DC/D7C9:	D8      	cld 
DC/D7CA:	99B489  	sta $89B4,Y
DC/D7CD:	BCAD98  	ldy $98AD,X
DC/D7D0:	AE007F  	ldx $7F00
DC/D7D3:	80DF    	bra $D7B4
DC/D7D5:	A0EF    	ldy #$EF
DC/D7D7:	90A7    	bcc $D780
DC/D7D9:	98      	tya 
DC/D7DA:	D9B6D9  	cmp $D9B6,Y
DC/D7DD:	BEFD9A  	ldx $9AFD,Y
DC/D7E0:	EDD8EF  	sbc $EFD8
DC/D7E3:	DCBD8C  	jmp [$8CBD]
DC/D7E6:	F7CC    	sbc [$CC],Y
DC/D7E8:	DDEC67  	cmp $67EC,X
DC/D7EB:	5CDD0CF9	jmp $F90CDD
DC/D7EF:	04BD    	tsb $BD
DC/D7F1:	9A      	txs 
DC/D7F2:	BD9EFD  	lda $FD9E,X
DC/D7F5:	9EBD9E  	stz $9EBD,X
DC/D7F8:	9DBEBD  	sta $BDBE,X
DC/D7FB:	1EFD0E  	asl $0EFD,X
DC/D7FE:	F90600  	sbc $0006,Y
DC/D801:	0010    	
DC/D803:	0000    	
DC/D805:	1054    	bpl $D85B
DC/D807:	38      	sec 
DC/D808:	0010    	
DC/D80A:	1000    	bpl $D80C
DC/D80C:	0000    	
DC/D80E:	1010    	bpl $D820
DC/D810:	10FF    	bpl $D811
DC/D812:	10FF    	bpl $D813
DC/D814:	10FF    	bpl $D815
DC/D816:	FEFF10  	inc $10FF,X
DC/D819:	FF10FF10	sbc $10FF10,X
DC/D81D:	FF00FF00	
DC/D821:	0000    	
DC/D823:	0000    	
DC/D825:	08      	 
DC/D826:	08      	 
DC/D827:	08      	 
DC/D828:	1C3E08  	trb $083E
DC/D82B:	08      	 
DC/D82C:	0008    	brk $08
DC/D82E:	0000    	
DC/D830:	00FF    	
DC/D832:	08      	 
DC/D833:	FF08FF08	sbc $08FF08,X
DC/D837:	FF7FFF08	sbc $08FF7F,X
DC/D83B:	FF08FF08	sbc $08FF08,X
DC/D83F:	FF000000	sbc $000000,X
DC/D843:	0004    	
DC/D845:	2400    	bit $00
DC/D847:	0000    	
DC/D849:	0020    	
DC/D84B:	202020  	jsr $2020
DC/D84E:	0000    	
DC/D850:	20FF20  	jsr $20FF
DC/D853:	FFF8FF20	sbc $20FFF8,X
DC/D857:	FF20FF00	sbc $00FF20,X
DC/D85B:	FF00FF00	
DC/D85F:	FF000000	sbc $000000,X
DC/D863:	0000    	
DC/D865:	0000    	
DC/D867:	0000    	
DC/D869:	0000    	
DC/D86B:	0000    	
DC/D86D:	0000    	
DC/D86F:	0000    	
DC/D871:	FF00FF00	
DC/D875:	FF00FF00	
DC/D879:	FF00FF00	
DC/D87D:	FF00FF00	
DC/D881:	0000    	
DC/D883:	1010    	bpl $D895
DC/D885:	1038    	bpl $D8BF
DC/D887:	7C1010  	jmp ($1010,X)
DC/D88A:	0010    	
DC/D88C:	0000    	
DC/D88E:	0000    	
DC/D890:	10FF    	bpl $D891
DC/D892:	10FF    	bpl $D893
DC/D894:	10FF    	bpl $D895
DC/D896:	FEFF10  	inc $10FF,X
DC/D899:	FF10FF10	sbc $10FF10,X
DC/D89D:	FF00FF00	
DC/D8A1:	0000    	
DC/D8A3:	0000    	
DC/D8A5:	0001    	
DC/D8A7:	0900    	ora #$00
DC/D8A9:	0000    	
DC/D8AB:	0008    	brk $08
DC/D8AD:	08      	 
DC/D8AE:	08      	 
DC/D8AF:	08      	 
DC/D8B0:	00FF    	
DC/D8B2:	08      	 
DC/D8B3:	FF08FF3E	sbc $3EFF08,X
DC/D8B7:	FF08FF08	sbc $08FF08,X
DC/D8BB:	FF00FF00	
DC/D8BF:	FF000000	sbc $000000,X
DC/D8C3:	0000    	
DC/D8C5:	0000    	
DC/D8C7:	0000    	
DC/D8C9:	0000    	
DC/D8CB:	0000    	
DC/D8CD:	0000    	
DC/D8CF:	0000    	
DC/D8D1:	FF00FF00	
DC/D8D5:	FF00FF00	
DC/D8D9:	FF00FF00	
DC/D8DD:	FF00FF00	
DC/D8E1:	0000    	
DC/D8E3:	1054    	bpl $D939
DC/D8E5:	38      	sec 
DC/D8E6:	0010    	
DC/D8E8:	1000    	bpl $D8EA
DC/D8EA:	0000    	
DC/D8EC:	1010    	bpl $D8FE
DC/D8EE:	0000    	
DC/D8F0:	10FF    	bpl $D8F1
DC/D8F2:	10FF    	bpl $D8F3
DC/D8F4:	FEFF10  	inc $10FF,X
DC/D8F7:	FF10FF10	sbc $10FF10,X
DC/D8FB:	FF00FF00	
DC/D8FF:	FF000000	sbc $000000,X
DC/D903:	0000    	
DC/D905:	0002    	
DC/D907:	1200    	ora ($00)
DC/D909:	0000    	
DC/D90B:	0010    	
DC/D90D:	1000    	bpl $D90F
DC/D90F:	0000    	
DC/D911:	FF10FF10	sbc $10FF10,X
DC/D915:	FF7CFF10	sbc $10FF7C,X
DC/D919:	FF10FF00	sbc $00FF10,X
DC/D91D:	FF00FF00	
DC/D921:	0000    	
DC/D923:	0000    	
DC/D925:	0000    	
DC/D927:	0000    	
DC/D929:	0000    	
DC/D92B:	0000    	
DC/D92D:	0000    	
DC/D92F:	0000    	
DC/D931:	FF00FF00	
DC/D935:	FF00FF00	
DC/D939:	FF00FF00	
DC/D93D:	FF00FF00	
DC/D941:	0000    	
DC/D943:	202870  	jsr $7028
DC/D946:	0020    	
DC/D948:	200000  	jsr $0000
DC/D94B:	0020    	
DC/D94D:	200000  	jsr $0000
DC/D950:	20FF20  	jsr $20FF
DC/D953:	FFFCFF20	sbc $20FFFC,X
DC/D957:	FF20FF20	sbc $20FF20,X
DC/D95B:	FF00FF00	
DC/D95F:	FF001010	sbc $101000,X
DC/D963:	1038    	bpl $D99D
DC/D965:	7C1010  	jmp ($1010,X)
DC/D968:	0010    	
DC/D96A:	0000    	
DC/D96C:	0000    	
DC/D96E:	0000    	
DC/D970:	10FF    	bpl $D971
DC/D972:	10FF    	bpl $D973
DC/D974:	FEFF10  	inc $10FF,X
DC/D977:	FF10FF10	sbc $10FF10,X
DC/D97B:	FF00FF00	
DC/D97F:	FF000000	sbc $000000,X
DC/D983:	0000    	
DC/D985:	0000    	
DC/D987:	0000    	
DC/D989:	0000    	
DC/D98B:	0000    	
DC/D98D:	0000    	
DC/D98F:	0000    	
DC/D991:	FF00FF00	
DC/D995:	FF00FF00	
DC/D999:	FF00FF00	
DC/D99D:	FF00FF00	
DC/D9A1:	0000    	
DC/D9A3:	0008    	brk $08
DC/D9A5:	0000    	
DC/D9A7:	08      	 
DC/D9A8:	2A      	rol A
DC/D9A9:	1C0008  	trb $0800
DC/D9AC:	08      	 
DC/D9AD:	0000    	
DC/D9AF:	0000    	
DC/D9B1:	FF08FF08	sbc $08FF08,X
DC/D9B5:	FF08FF7F	sbc $7FFF08,X
DC/D9B9:	FF08FF08	sbc $08FF08,X
DC/D9BD:	FF08FF00	sbc $00FF08,X
DC/D9C1:	202020  	jsr $2020
DC/D9C4:	70F8    	bvs $D9BE
DC/D9C6:	202000  	jsr $0020
DC/D9C9:	200000  	jsr $0000
DC/D9CC:	0000    	
DC/D9CE:	0000    	
DC/D9D0:	20FF20  	jsr $20FF
DC/D9D3:	FFFCFF20	sbc $20FFFC,X
DC/D9D7:	FF20FF20	sbc $20FF20,X
DC/D9DB:	FF00FF00	
DC/D9DF:	FF000000	sbc $000000,X
DC/D9E3:	0002    	
DC/D9E5:	1200    	ora ($00)
DC/D9E7:	0000    	
DC/D9E9:	0010    	
DC/D9EB:	1010    	bpl $D9FD
DC/D9ED:	1000    	bpl $D9EF
DC/D9EF:	0010    	
DC/D9F1:	FF10FF7C	sbc $7CFF10,X
DC/D9F5:	FF10FF10	sbc $10FF10,X
DC/D9F9:	FF00FF00	
DC/D9FD:	FF00FF02	sbc $02FF00,X
DC/DA01:	0203    	cop $03
DC/DA03:	0307    	ora $07,S
DC/DA05:	0706    	ora [$06]
DC/DA07:	040A    	tsb $0A
DC/DA09:	090C    	ora #$0C
DC/DA0B:	0B      	phd 
DC/DA0C:	0A      	asl A
DC/DA0D:	090B    	ora #$0B
DC/DA0F:	08      	 
DC/DA10:	0002    	
DC/DA12:	0003    	
DC/DA14:	0007    	brk $07
DC/DA16:	0307    	ora $07,S
DC/DA18:	070F    	ora [$0F]
DC/DA1A:	070F    	ora [$0F]
DC/DA1C:	070F    	ora [$0F]
DC/DA1E:	070F    	ora [$0F]
DC/DA20:	8080    	bra $D9A2
DC/DA22:	40      	 
DC/DA23:	40      	 
DC/DA24:	D0D0    	bne $D9F6
DC/DA26:	F0F0    	beq $DA18
DC/DA28:	E060    	cpx #$60
DC/DA2A:	20A0A0  	jsr $A0A0
DC/DA2D:	201090  	jsr $9010
DC/DA30:	0080    	
DC/DA32:	80C0    	bra $D9F4
DC/DA34:	00D0    	brk $D0
DC/DA36:	00F0    	brk $F0
DC/DA38:	80E0    	bra $DA1A
DC/DA3A:	C0E0    	cpy #$E0
DC/DA3C:	C0E0    	cpy #$E0
DC/DA3E:	E0F0    	cpx #$F0
DC/DA40:	1C0909  	trb $0909
DC/DA43:	302D    	bmi $DA72
DC/DA45:	1416    	trb $16
DC/DA47:	3A      	
DC/DA48:	354A    	and $4A,X
DC/DA4A:	4A      	lsr A
DC/DA4B:	7526    	adc $26,X
DC/DA4D:	3A      	
DC/DA4E:	1A      	inc A
DC/DA4F:	1F170F2F	ora $2F0F17,X
DC/DA53:	073B    	ora [$3B]
DC/DA55:	172D    	ora [$2D],Y
DC/DA57:	0B      	phd 
DC/DA58:	7202    	adc ($02)
DC/DA5A:	58      	cli 
DC/DA5B:	40      	 
DC/DA5C:	2D2017  	and $1720
DC/DA5F:	1058    	bpl $DAB9
DC/DA61:	88      	dey 
DC/DA62:	549CA0  	mvn $9C,$A0
DC/DA65:	1C4C34  	trb $344C
DC/DA68:	FC1A4A  	jsr ($4A1A,X)
DC/DA6B:	D66C    	dec $6C,X
DC/DA6D:	3C68E8  	bit $E868,X
DC/DA70:	F0E0    	beq $DA52
DC/DA72:	E4E0    	cpx $E0
DC/DA74:	F4D0EC  	pea $ECD0
DC/DA77:	A00E    	ldy #$0E
DC/DA79:	003A    	brk $3A
DC/DA7B:	02F4    	cop $F4
DC/DA7D:	04F8    	tsb $F8
DC/DA7F:	48      	pha 
DC/DA80:	0101    	ora ($01,X)
DC/DA82:	0202    	cop $02
DC/DA84:	0908    	ora #$08
DC/DA86:	1615    	asl $15,X
DC/DA88:	0A      	asl A
DC/DA89:	090F    	ora #$0F
DC/DA8B:	0C0908  	tsb $0809
DC/DA8E:	0704    	ora [$04]
DC/DA90:	0001    	
DC/DA92:	0103    	ora ($03,X)
DC/DA94:	030B    	ora $0B,S
DC/DA96:	0B      	phd 
DC/DA97:	1F070F03	ora $030F07,X
DC/DA9B:	0F070F03	ora $030F07
DC/DA9F:	0780    	ora [$80]
DC/DAA1:	80C0    	bra $DA63
DC/DAA3:	C050    	cpy #$50
DC/DAA5:	50E0    	bvc $DA87
DC/DAA7:	60      	 
DC/DAA8:	60      	 
DC/DAA9:	60      	 
DC/DAAA:	60      	 
DC/DAAB:	60      	 
DC/DAAC:	B030    	bcs $DADE
DC/DAAE:	5090    	bvc $DA40
DC/DAB0:	0080    	
DC/DAB2:	00C0    	brk $C0
DC/DAB4:	80D0    	bra $DA86
DC/DAB6:	80E0    	bra $DA98
DC/DAB8:	80E0    	bra $DA9A
DC/DABA:	80E0    	bra $DA9C
DC/DABC:	C0F0    	cpy #$F0
DC/DABE:	E0F0    	cpx #$F0
DC/DAC0:	1001    	bpl $DAC3
DC/DAC2:	0930    	ora #$30
DC/DAC4:	2C1416  	bit $1614
DC/DAC7:	3A      	
DC/DAC8:	344B    	bit $4B,X
DC/DACA:	68      	pla 
DC/DACB:	5727    	eor [$27],Y
DC/DACD:	3B      	 
DC/DACE:	1A      	inc A
DC/DACF:	1F1F0F2F	ora $2F0F1F,X
DC/DAD3:	073B    	ora [$3B]
DC/DAD5:	172D    	ora [$2D],Y
DC/DAD7:	0B      	phd 
DC/DAD8:	7303    	adc ($03,S),Y
DC/DADA:	5A      	phy 
DC/DADB:	422C    	wdm $2C
DC/DADD:	201710  	jsr $1017
DC/DAE0:	98      	tya 
DC/DAE1:	08      	 
DC/DAE2:	B43C    	ldy $3C,X
DC/DAE4:	300C    	bmi $DAF2
DC/DAE6:	6C14D4  	jmp ($D414)
DC/DAE9:	3A      	
DC/DAEA:	7A      	ply 
DC/DAEB:	F6E4    	inc $E4,X
DC/DAED:	3C68E8  	bit $E868,X
DC/DAF0:	F0E0    	beq $DAD2
DC/DAF2:	C4E0    	cpy $E0
DC/DAF4:	E4C0    	cpx $C0
DC/DAF6:	CC800E  	cpy $0E80
DC/DAF9:	001A    	brk $1A
DC/DAFB:	02F4    	cop $F4
DC/DAFD:	04F8    	tsb $F8
DC/DAFF:	48      	pha 
DC/DB00:	0101    	ora ($01,X)
DC/DB02:	0909    	ora #$09
DC/DB04:	1A      	inc A
DC/DB05:	1A      	inc A
DC/DB06:	0B      	phd 
DC/DB07:	0B      	phd 
DC/DB08:	0606    	asl $06
DC/DB0A:	0504    	ora $04
DC/DB0C:	0F0C0C09	ora $090C0C
DC/DB10:	0001    	
DC/DB12:	0009    	brk $09
DC/DB14:	011B    	ora ($1B,X)
DC/DB16:	000B    	brk $0B
DC/DB18:	0107    	ora ($07,X)
DC/DB1A:	0307    	ora $07,S
DC/DB1C:	030F    	ora $0F,S
DC/DB1E:	070F    	ora [$0F]
DC/DB20:	0000    	
DC/DB22:	40      	 
DC/DB23:	40      	 
DC/DB24:	8000    	bra $DB26
DC/DB26:	2020E0  	jsr $E020
DC/DB29:	60      	 
DC/DB2A:	B030    	bcs $DB5C
DC/DB2C:	30B0    	bmi $DADE
DC/DB2E:	40      	 
DC/DB2F:	8000    	bra $DB31
DC/DB31:	0080    	
DC/DB33:	C0C0    	cpy #$C0
DC/DB35:	C0C0    	cpy #$C0
DC/DB37:	E080    	cpx #$80
DC/DB39:	E0C0    	cpx #$C0
DC/DB3B:	F0C0    	beq $DAFD
DC/DB3D:	F0E0    	beq $DB1F
DC/DB3F:	E010    	cpx #$10
DC/DB41:	090D    	ora #$0D
DC/DB43:	342C    	bit $2C,X
DC/DB45:	141F    	trb $1F
DC/DB47:	3337    	and ($37,S),Y
DC/DB49:	48      	pha 
DC/DB4A:	6A      	ror A
DC/DB4B:	5537    	eor $37,X
DC/DB4D:	3B      	 
DC/DB4E:	1A      	inc A
DC/DB4F:	1F1F072B	ora $2B071F,X
DC/DB53:	073B    	ora [$3B]
DC/DB55:	1724    	ora [$24],Y
DC/DB57:	0370    	ora $70,S
DC/DB59:	0059    	brk $59
DC/DB5B:	412C    	eor ($2C,X)
DC/DB5D:	201710  	jsr $1017
DC/DB60:	A8      	tay 
DC/DB61:	38      	sec 
DC/DB62:	141C    	trb $1C
DC/DB64:	201C4C  	jsr $4C1C
DC/DB67:	343C    	bit $3C,X
DC/DB69:	DA      	phx 
DC/DB6A:	FA      	plx 
DC/DB6B:	F6EC    	inc $EC,X
DC/DB6D:	3C68E8  	bit $E868,X
DC/DB70:	D0F0    	bne $DB62
DC/DB72:	ECE8F4  	cpx $F4E8
DC/DB75:	D0EC    	bne $DB63
DC/DB77:	A0CE    	ldy #$CE
DC/DB79:	C01A    	cpy #$1A
DC/DB7B:	02F4    	cop $F4
DC/DB7D:	04F8    	tsb $F8
DC/DB7F:	48      	pha 
DC/DB80:	0101    	ora ($01,X)
DC/DB82:	0909    	ora #$09
DC/DB84:	0D0D06  	ora $060D
DC/DB87:	0605    	asl $05
DC/DB89:	040A    	tsb $0A
DC/DB8B:	090C    	ora #$0C
DC/DB8D:	0B      	phd 
DC/DB8E:	0A      	asl A
DC/DB8F:	0900    	ora #$00
DC/DB91:	0100    	ora ($00,X)
DC/DB93:	0900    	ora #$00
DC/DB95:	0D0107  	ora $0701
DC/DB98:	0307    	ora $07,S
DC/DB9A:	070F    	ora [$0F]
DC/DB9C:	070F    	ora [$0F]
DC/DB9E:	070F    	ora [$0F]
DC/DBA0:	8080    	bra $DB22
DC/DBA2:	40      	 
DC/DBA3:	40      	 
DC/DBA4:	60      	 
DC/DBA5:	60      	 
DC/DBA6:	A0A0    	ldy #$A0
DC/DBA8:	5050    	bvc $DBFA
DC/DBAA:	7070    	bvs $DC1C
DC/DBAC:	A020    	ldy #$20
DC/DBAE:	A020    	ldy #$20
DC/DBB0:	0080    	
DC/DBB2:	80C0    	bra $DB74
DC/DBB4:	80E0    	bra $DB96
DC/DBB6:	40      	 
DC/DBB7:	E080    	cpx #$80
DC/DBB9:	D080    	bne $DB3B
DC/DBBB:	F0C0    	beq $DB7D
DC/DBBD:	E0C0    	cpx #$C0
DC/DBBF:	E015    	cpx #$15
DC/DBC1:	0408    	tsb $08
DC/DBC3:	302D    	bmi $DBF2
DC/DBC5:	1416    	trb $16
DC/DBC7:	3A      	
DC/DBC8:	364B    	rol $4B,X
DC/DBCA:	68      	pla 
DC/DBCB:	5727    	eor [$27],Y
DC/DBCD:	3B      	 
DC/DBCE:	1A      	inc A
DC/DBCF:	1F1B0F3F	ora $3F0F1B,X
DC/DBD3:	173B    	ora [$3B],Y
DC/DBD5:	172D    	ora [$2D],Y
DC/DBD7:	0B      	phd 
DC/DBD8:	7101    	adc ($01),Y
DC/DBDA:	58      	cli 
DC/DBDB:	40      	 
DC/DBDC:	2C2017  	bit $1720
DC/DBDF:	1018    	bpl $DBF9
DC/DBE1:	08      	 
DC/DBE2:	943C    	sty $3C,X
DC/DBE4:	B00C    	bcs $DBF2
DC/DBE6:	5C24B4DA	jmp $DAB424
DC/DBEA:	6A      	ror A
DC/DBEB:	F6EC    	inc $EC,X
DC/DBED:	3C68E8  	bit $E868,X
DC/DBF0:	F0E0    	beq $DBD2
DC/DBF2:	E4C0    	cpx $C0
DC/DBF4:	ECC8EC  	cpx $ECC8
DC/DBF7:	A04E    	ldy #$4E
DC/DBF9:	40      	 
DC/DBFA:	1A      	inc A
DC/DBFB:	02F4    	cop $F4
DC/DBFD:	04F8    	tsb $F8
DC/DBFF:	48      	pha 
DC/DC00:	0000    	
DC/DC02:	1000    	bpl $DC04
DC/DC04:	0000    	
DC/DC06:	38      	sec 
DC/DC07:	10BA    	bpl $DBC3
DC/DC09:	38      	sec 
DC/DC0A:	38      	sec 
DC/DC0B:	1000    	bpl $DC0D
DC/DC0D:	0010    	
DC/DC0F:	0000    	
DC/DC11:	0000    	
DC/DC13:	1000    	bpl $DC15
DC/DC15:	1010    	bpl $DC27
DC/DC17:	28      	 
DC/DC18:	38      	sec 
DC/DC19:	C610    	dec $10
DC/DC1B:	28      	 
DC/DC1C:	0010    	
DC/DC1E:	0010    	
DC/DC20:	3079    	bmi $DC9B
DC/DC22:	40      	 
DC/DC23:	191D28  	ora $281D,Y
DC/DC26:	0A      	asl A
DC/DC27:	0954    	ora #$54
DC/DC29:	1106    	ora ($06),Y
DC/DC2B:	0212    	cop $12
DC/DC2D:	005A    	brk $5A
DC/DC2F:	2500    	and $00
DC/DC31:	0020    	
DC/DC33:	0000    	
DC/DC35:	1004    	bpl $DC3B
DC/DC37:	1012    	bpl $DC4B
DC/DC39:	6C0110  	jmp ($1001)
DC/DC3C:	0110    	ora ($10,X)
DC/DC3E:	0000    	
DC/DC40:	0000    	
DC/DC42:	0408    	tsb $08
DC/DC44:	0E1C34  	asl $341C
DC/DC47:	1050    	bpl $DC99
DC/DC49:	80F0    	bra $DC3B
DC/DC4B:	008C    	brk $8C
DC/DC4D:	007F    	brk $7F
DC/DC4F:	0C0000  	tsb $0000
DC/DC52:	0000    	
DC/DC54:	0000    	
DC/DC56:	08      	 
DC/DC57:	200870  	jsr $7008
DC/DC5A:	C020    	cpy #$20
DC/DC5C:	F000    	beq $DC5E
DC/DC5E:	1000    	bpl $DC60
DC/DC60:	08      	 
DC/DC61:	2193    	and ($93,X)
DC/DC63:	01AB    	ora ($AB,X)
DC/DC65:	30CF    	bmi $DC36
DC/DC67:	AD1BA2  	lda $A21B
DC/DC6A:	A700    	lda [$00]
DC/DC6C:	78      	sei 
DC/DC6D:	A024    	ldy #$24
DC/DC6F:	E4F0    	cpx $F0
DC/DC71:	0064    	brk $64
DC/DC73:	0047    	brk $47
DC/DC75:	0030    	brk $30
DC/DC77:	007C    	brk $7C
DC/DC79:	00D8    	brk $D8
DC/DC7B:	00C0    	brk $C0
DC/DC7D:	0090    	brk $90
DC/DC7F:	0000    	
DC/DC81:	0000    	
DC/DC83:	0000    	
DC/DC85:	0020    	
DC/DC87:	0050    	brk $50
DC/DC89:	0020    	
DC/DC8B:	0000    	
DC/DC8D:	0000    	
DC/DC8F:	1000    	bpl $DC91
DC/DC91:	0000    	
DC/DC93:	0000    	
DC/DC95:	0000    	
DC/DC97:	200070  	jsr $7000
DC/DC9A:	0020    	
DC/DC9C:	0000    	
DC/DC9E:	0000    	
DC/DCA0:	3079    	bmi $DD1B
DC/DCA2:	5009    	bvc $DCAD
DC/DCA4:	0D283A  	ora $3A28
DC/DCA7:	11BA    	ora ($BA),Y
DC/DCA9:	393E12  	and $123E,Y
DC/DCAC:	0200    	cop $00
DC/DCAE:	5A      	phy 
DC/DCAF:	2500    	and $00
DC/DCB1:	0020    	
DC/DCB3:	1000    	bpl $DCB5
DC/DCB5:	1014    	bpl $DCCB
DC/DCB7:	28      	 
DC/DCB8:	38      	sec 
DC/DCB9:	C611    	dec $11
DC/DCBB:	28      	 
DC/DCBC:	0110    	ora ($10,X)
DC/DCBE:	0010    	
DC/DCC0:	0000    	
DC/DCC2:	1408    	trb $08
DC/DCC4:	0E0C3C  	asl $3C0C
DC/DCC7:	10BA    	bpl $DC83
DC/DCC9:	38      	sec 
DC/DCCA:	F8      	sed 
DC/DCCB:	108C    	bpl $DC59
DC/DCCD:	007F    	brk $7F
DC/DCCF:	0C0000  	tsb $0000
DC/DCD2:	0010    	
DC/DCD4:	0010    	
DC/DCD6:	1028    	bpl $DD00
DC/DCD8:	38      	sec 
DC/DCD9:	C6D0    	dec $D0
DC/DCDB:	28      	 
DC/DCDC:	E010    	cpx #$10
DC/DCDE:	0010    	
DC/DCE0:	08      	 
DC/DCE1:	2193    	and ($93,X)
DC/DCE3:	01AB    	ora ($AB,X)
DC/DCE5:	30EF    	bmi $DCD6
DC/DCE7:	8D5B82  	sta $825B
DC/DCEA:	A700    	lda [$00]
DC/DCEC:	78      	sei 
DC/DCED:	A024    	ldy #$24
DC/DCEF:	E4F0    	cpx $F0
DC/DCF1:	0064    	brk $64
DC/DCF3:	0047    	brk $47
DC/DCF5:	0010    	
DC/DCF7:	200C70  	jsr $700C
DC/DCFA:	D8      	cld 
DC/DCFB:	20C000  	jsr $00C0
DC/DCFE:	9000    	bcc $DD00
DC/DD00:	0000    	
DC/DD02:	0000    	
DC/DD04:	0000    	
DC/DD06:	0000    	
DC/DD08:	0000    	
DC/DD0A:	0000    	
DC/DD0C:	0000    	
DC/DD0E:	0010    	
DC/DD10:	0000    	
DC/DD12:	0000    	
DC/DD14:	0000    	
DC/DD16:	0000    	
DC/DD18:	0000    	
DC/DD1A:	0000    	
DC/DD1C:	0000    	
DC/DD1E:	0000    	
DC/DD20:	3079    	bmi $DD9B
DC/DD22:	40      	 
DC/DD23:	191D28  	ora $281D,Y
DC/DD26:	0A      	asl A
DC/DD27:	0954    	ora #$54
DC/DD29:	1106    	ora ($06),Y
DC/DD2B:	0212    	cop $12
DC/DD2D:	005A    	brk $5A
DC/DD2F:	2500    	and $00
DC/DD31:	0020    	
DC/DD33:	0000    	
DC/DD35:	1004    	bpl $DD3B
DC/DD37:	1012    	bpl $DD4B
DC/DD39:	6C0110  	jmp ($1001)
DC/DD3C:	0110    	ora ($10,X)
DC/DD3E:	0000    	
DC/DD40:	0000    	
DC/DD42:	0408    	tsb $08
DC/DD44:	0E1C34  	asl $341C
DC/DD47:	1050    	bpl $DD99
DC/DD49:	80F0    	bra $DD3B
DC/DD4B:	008C    	brk $8C
DC/DD4D:	007F    	brk $7F
DC/DD4F:	0C0000  	tsb $0000
DC/DD52:	0000    	
DC/DD54:	0000    	
DC/DD56:	08      	 
DC/DD57:	200870  	jsr $7008
DC/DD5A:	C020    	cpy #$20
DC/DD5C:	F000    	beq $DD5E
DC/DD5E:	1000    	bpl $DD60
DC/DD60:	08      	 
DC/DD61:	2193    	and ($93,X)
DC/DD63:	01AB    	ora ($AB,X)
DC/DD65:	20FF95  	jsr $95FF
DC/DD68:	BB      	tyx 
DC/DD69:	38      	sec 
DC/DD6A:	BF1068A0	lda $A06810,X
DC/DD6E:	34E4    	bit $E4,X
DC/DD70:	F000    	beq $DD72
DC/DD72:	6410    	stz $10
DC/DD74:	4710    	eor [$10]
DC/DD76:	1028    	bpl $DDA0
DC/DD78:	38      	sec 
DC/DD79:	C6D0    	dec $D0
DC/DD7B:	28      	 
DC/DD7C:	C010    	cpy #$10
DC/DD7E:	8010    	bra $DD90
DC/DD80:	0000    	
DC/DD82:	0000    	
DC/DD84:	0000    	
DC/DD86:	200050  	jsr $5000
DC/DD89:	0020    	
DC/DD8B:	0000    	
DC/DD8D:	0000    	
DC/DD8F:	1000    	bpl $DD91
DC/DD91:	0000    	
DC/DD93:	0000    	
DC/DD95:	0000    	
DC/DD97:	200070  	jsr $7000
DC/DD9A:	0020    	
DC/DD9C:	0000    	
DC/DD9E:	0000    	
DC/DDA0:	3079    	bmi $DE1B
DC/DDA2:	40      	 
DC/DDA3:	190D38  	ora $380D,Y
DC/DDA6:	3A      	
DC/DDA7:	0954    	ora #$54
DC/DDA9:	0D2602  	ora $0226
DC/DDAC:	0200    	cop $00
DC/DDAE:	5A      	phy 
DC/DDAF:	2500    	and $00
DC/DDB1:	0020    	
DC/DDB3:	0000    	
DC/DDB5:	0004    	
DC/DDB7:	200270  	jsr $7002
DC/DDBA:	0120    	ora ($20,X)
DC/DDBC:	0100    	ora ($00,X)
DC/DDBE:	0000    	
DC/DDC0:	0000    	
DC/DDC2:	0408    	tsb $08
DC/DDC4:	0E1C14  	asl $141C
DC/DDC7:	3020    	bmi $DDE9
DC/DDC9:	90F0    	bcc $DDBB
DC/DDCB:	008C    	brk $8C
DC/DDCD:	007F    	brk $7F
DC/DDCF:	0C0000  	tsb $0000
DC/DDD2:	0000    	
DC/DDD4:	0000    	
DC/DDD6:	08      	 
DC/DDD7:	0068    	brk $68
DC/DDD9:	00C0    	brk $C0
DC/DDDB:	00F0    	brk $F0
DC/DDDD:	0010    	
DC/DDDF:	0008    	brk $08
DC/DDE1:	2193    	and ($93,X)
DC/DDE3:	01AB    	ora ($AB,X)
DC/DDE5:	30EF    	bmi $DDD6
DC/DDE7:	8D5B82  	sta $825B
DC/DDEA:	A700    	lda [$00]
DC/DDEC:	78      	sei 
DC/DDED:	A024    	ldy #$24
DC/DDEF:	E4F0    	cpx $F0
DC/DDF1:	0064    	brk $64
DC/DDF3:	0047    	brk $47
DC/DDF5:	0010    	
DC/DDF7:	200C70  	jsr $700C
DC/DDFA:	D8      	cld 
DC/DDFB:	20C000  	jsr $00C0
DC/DDFE:	9000    	bcc $DE00
DC/DE00:	0000    	
DC/DE02:	0000    	
DC/DE04:	0000    	
DC/DE06:	0000    	
DC/DE08:	202000  	jsr $0020
DC/DE0B:	0000    	
DC/DE0D:	0000    	
DC/DE0F:	0000    	
DC/DE11:	0000    	
DC/DE13:	0000    	
DC/DE15:	0020    	
DC/DE17:	205070  	jsr $7050
DC/DE1A:	202000  	jsr $0020
DC/DE1D:	0000    	
DC/DE1F:	0056    	brk $56
DC/DE21:	98      	tya 
DC/DE22:	6B      	 
DC/DE23:	8C6786  	sty $8667
DC/DE26:	9D462D  	sta $2D46,X
DC/DE29:	AE999E  	ldx $9E99
DC/DE2C:	F7F8    	sbc [$F8],Y
DC/DE2E:	EDF2E7  	sbc $E7F2
DC/DE31:	00F3    	brk $F3
DC/DE33:	00F9    	brk $F9
DC/DE35:	00F9    	brk $F9
DC/DE37:	20D170  	jsr $70D1
DC/DE3A:	6120    	adc ($20,X)
DC/DE3C:	0300    	ora $00,S
DC/DE3E:	8300    	sta $00,S
DC/DE40:	37E7    	and [$E7],Y
DC/DE42:	A3E3    	lda $E3,S
DC/DE44:	B2F3    	lda ($F3)
DC/DE46:	4293    	wdm $93
DC/DE48:	457D    	eor $7D
DC/DE4A:	C393    	cmp $93,S
DC/DE4C:	F8      	sed 
DC/DE4D:	B9E8A9  	lda $A9E8,Y
DC/DE50:	59005D  	eor $5D00,Y
DC/DE53:	104D    	bpl $DEA2
DC/DE55:	106D    	bpl $DEC4
DC/DE57:	38      	sec 
DC/DE58:	83FE    	sta $FE,S
DC/DE5A:	6D3847  	adc $4738
DC/DE5D:	1057    	bpl $DEB6
DC/DE5F:	1000    	bpl $DE61
DC/DE61:	0000    	
DC/DE63:	0000    	
DC/DE65:	0000    	
DC/DE67:	0000    	
DC/DE69:	0000    	
DC/DE6B:	0000    	
DC/DE6D:	0000    	
DC/DE6F:	0000    	
DC/DE71:	0000    	
DC/DE73:	0000    	
DC/DE75:	0000    	
DC/DE77:	0000    	
DC/DE79:	0000    	
DC/DE7B:	0000    	
DC/DE7D:	0000    	
DC/DE7F:	0000    	
DC/DE81:	0000    	
DC/DE83:	0000    	
DC/DE85:	0000    	
DC/DE87:	0000    	
DC/DE89:	0000    	
DC/DE8B:	0000    	
DC/DE8D:	0000    	
DC/DE8F:	0000    	
DC/DE91:	0000    	
DC/DE93:	0000    	
DC/DE95:	0000    	
DC/DE97:	0000    	
DC/DE99:	0000    	
DC/DE9B:	0000    	
DC/DE9D:	0000    	
DC/DE9F:	0056    	brk $56
DC/DEA1:	98      	tya 
DC/DEA2:	6B      	 
DC/DEA3:	8C7796  	sty $9677
DC/DEA6:	8556    	sta $56
DC/DEA8:	457C    	eor $7C
DC/DEAA:	8196    	sta ($96,X)
DC/DEAC:	F7F8    	sbc [$F8],Y
DC/DEAE:	EDE2E7  	sbc $E7E2
DC/DEB1:	00F3    	brk $F3
DC/DEB3:	10E9    	bpl $DE9E
DC/DEB5:	10E9    	bpl $DEA0
DC/DEB7:	38      	sec 
DC/DEB8:	83FE    	sta $FE,S
DC/DEBA:	6938    	adc #$38
DC/DEBC:	0310    	,S
DC/DEBE:	9310    	sta ($10,S),Y
DC/DEC0:	37E7    	and [$E7],Y
DC/DEC2:	B3E3    	lda ($E3,S),Y
DC/DEC4:	B2E3    	lda ($E3)
DC/DEC6:	5283    	eor ($83)
DC/DEC8:	23A3    	and $A3,S
DC/DECA:	DB      	stp 
DC/DECB:	8B      	phb 
DC/DECC:	F8      	sed 
DC/DECD:	A9F8    	lda #$F8
DC/DECF:	A959    	lda #$59
DC/DED1:	005D    	brk $5D
DC/DED3:	005D    	brk $5D
DC/DED5:	007D    	brk $7D
DC/DED7:	205D70  	jsr $705D
DC/DEDA:	7520    	adc $20,X
DC/DEDC:	5700    	eor [$00],Y
DC/DEDE:	5700    	eor [$00],Y
DC/DEE0:	37E7    	and [$E7],Y
DC/DEE2:	B3E3    	lda ($E3,S),Y
DC/DEE4:	B2E3    	lda ($E3)
DC/DEE6:	5283    	eor ($83)
DC/DEE8:	23A3    	and $A3,S
DC/DEEA:	DB      	stp 
DC/DEEB:	8B      	phb 
DC/DEEC:	F8      	sed 
DC/DEED:	A9F8    	lda #$F8
DC/DEEF:	A959    	lda #$59
DC/DEF1:	005D    	brk $5D
DC/DEF3:	005D    	brk $5D
DC/DEF5:	007D    	brk $7D
DC/DEF7:	205D70  	jsr $705D
DC/DEFA:	7520    	adc $20,X
DC/DEFC:	5700    	eor [$00],Y
DC/DEFE:	5700    	eor [$00],Y
DC/DF00:	0000    	
DC/DF02:	0000    	
DC/DF04:	0000    	
DC/DF06:	0000    	
DC/DF08:	0000    	
DC/DF0A:	0000    	
DC/DF0C:	0000    	
DC/DF0E:	0000    	
DC/DF10:	0000    	
DC/DF12:	0000    	
DC/DF14:	0000    	
DC/DF16:	0000    	
DC/DF18:	0000    	
DC/DF1A:	0000    	
DC/DF1C:	0000    	
DC/DF1E:	0000    	
DC/DF20:	5698    	lsr $98,X
DC/DF22:	6B      	 
DC/DF23:	8C6786  	sty $8667
DC/DF26:	9D462D  	sta $2D46,X
DC/DF29:	AE999E  	ldx $9E99
DC/DF2C:	F7F8    	sbc [$F8],Y
DC/DF2E:	EDF2E7  	sbc $E7F2
DC/DF31:	00F3    	brk $F3
DC/DF33:	00F9    	brk $F9
DC/DF35:	00F9    	brk $F9
DC/DF37:	20D170  	jsr $70D1
DC/DF3A:	6120    	adc ($20,X)
DC/DF3C:	0300    	ora $00,S
DC/DF3E:	8300    	sta $00,S
DC/DF40:	37E7    	and [$E7],Y
DC/DF42:	B3E3    	lda ($E3,S),Y
DC/DF44:	B2E3    	lda ($E3)
DC/DF46:	72A3    	adc ($A3)
DC/DF48:	73A3    	adc ($A3,S),Y
DC/DF4A:	FB      	xce 
DC/DF4B:	AB      	plb 
DC/DF4C:	F8      	sed 
DC/DF4D:	A9F8    	lda #$F8
DC/DF4F:	A959    	lda #$59
DC/DF51:	005D    	brk $5D
DC/DF53:	005D    	brk $5D
DC/DF55:	005D    	brk $5D
DC/DF57:	005D    	brk $5D
DC/DF59:	0055    	brk $55
DC/DF5B:	0057    	brk $57
DC/DF5D:	0057    	brk $57
DC/DF5F:	0000    	
DC/DF61:	0000    	
DC/DF63:	0000    	
DC/DF65:	0000    	
DC/DF67:	0000    	
DC/DF69:	0000    	
DC/DF6B:	0000    	
DC/DF6D:	0000    	
DC/DF6F:	0000    	
DC/DF71:	0000    	
DC/DF73:	0000    	
DC/DF75:	0000    	
DC/DF77:	0000    	
DC/DF79:	0000    	
DC/DF7B:	0000    	
DC/DF7D:	0000    	
DC/DF7F:	0000    	
DC/DF81:	0000    	
DC/DF83:	0010    	
DC/DF85:	1000    	bpl $DF87
DC/DF87:	1044    	bpl $DFCD
DC/DF89:	7C0010  	jmp ($1000,X)
DC/DF8C:	1010    	bpl $DF9E
DC/DF8E:	0000    	
DC/DF90:	0000    	
DC/DF92:	1010    	bpl $DFA4
DC/DF94:	0010    	
DC/DF96:	28      	 
DC/DF97:	38      	sec 
DC/DF98:	82FE28  	brl $0899
DC/DF9B:	38      	sec 
DC/DF9C:	0010    	
DC/DF9E:	1010    	bpl $DFB0
DC/DFA0:	5698    	lsr $98,X
DC/DFA2:	6B      	 
DC/DFA3:	8C6786  	sty $8667
DC/DFA6:	BD466D  	lda $6D46,X
DC/DFA9:	8E999E  	stx $9E99
DC/DFAC:	F7F8    	sbc [$F8],Y
DC/DFAE:	EDF2E7  	sbc $E7F2
DC/DFB1:	00F3    	brk $F3
DC/DFB3:	00F9    	brk $F9
DC/DFB5:	00F9    	brk $F9
DC/DFB7:	00F1    	brk $F1
DC/DFB9:	0061    	brk $61
DC/DFBB:	0003    	
DC/DFBD:	0083    	brk $83
DC/DFBF:	0037    	brk $37
DC/DFC1:	E7B3    	sbc [$B3]
DC/DFC3:	E3B2    	sbc $B2,S
DC/DFC5:	E352    	sbc $52,S
DC/DFC7:	8323    	sta $23,S
DC/DFC9:	A3DB    	lda $DB,S
DC/DFCB:	8B      	phb 
DC/DFCC:	F8      	sed 
DC/DFCD:	A9F8    	lda #$F8
DC/DFCF:	A959    	lda #$59
DC/DFD1:	005D    	brk $5D
DC/DFD3:	005D    	brk $5D
DC/DFD5:	007D    	brk $7D
DC/DFD7:	205D70  	jsr $705D
DC/DFDA:	7520    	adc $20,X
DC/DFDC:	5700    	eor [$00],Y
DC/DFDE:	5700    	eor [$00],Y
DC/DFE0:	0000 0000 0000 0000 0000 0000 0000 0000
DC/DFF0:	0000 0000 0000 0000 0000 0000 0000 0000

----------------------------------------------------------------------------------------------------------------------------------------------------------------

[PointerTable_AntMovement]
1CE000: A2D0                             ;Movement: Walk East.
1CE002: A2D0                             ;Movement: Walk East.
1CE004: A4D0                             ;Movement: Walk South.
1CE006: A0D0                             ;Movement: Walk West.
1CE008: A0D0                             ;Movement: Walk West.
1CE00A: ACD0                             ;Movement: Jump North-West.
1CE00C: A6D0                             ;Movement: Jump North.
1CE00E: B0D0                             ;Movement: Jump North-East.

[PointerTable_AntPhysical]
1CE010: B6D0                             ;Attack: Right Kama Swing.
1CE012: B6D0                             ;Attack: Right Kama Swing.
1CE014: B4D0                             ;Attack: Double Kama Swing.
1CE016: B8D0                             ;Attack: Left Kama Swing.
1CE018: B8D0                             ;Attack: Left Kama Swing.
1CE01A: B4D0                             ;Attack: Double Kama Swing.
1CE01C: B4D0                             ;Attack: Double Kama Swing.
1CE01E: B4D0                             ;Attack: Double Kama Swing.

[PointerTable_AntSpells]
1CE020: C7D0                             ;Cast Spell: 'Gem Missile' on 'All'.
1CE022: C5D0                             ;Cast Spell: 'Lunar Boost' on 'Self'.

[PointerTable_AntSkills]
1CE024: C3D0                             ;Use Skill: 'Fire Beam'.
1CE026: C3D0                             ;Use Skill: 'Fire Beam'.

[DataTable_KamaProjectileSpeeds]
1CE028: 0200 0200 [00: East]
1CE02C: 0200 0200 [01: South-East]
1CE030: 0000 0200 [02: South]
1CE034: FEFF 0200 [03: South-West]
1CE038: FEFF 0200 [04: West]
1CE03C: FEFF 0200 [05: North-West]
1CE040: 0000 0200 [06: North]
1CE044: 0200 0200 [07: North-East]

[DataTable_KamaProjectileSpeedIncrease]
1CE048: 0400 0000 [00: East]
1CE04C: 0400 0400 [01: South-East]
1CE050: 0000 0400 [02: South]
1CE054: FCFF 0400 [03: South-West]
1CE058: FCFF 0000 [04: West]
1CE05C: FCFF FCFF [05: North-West]
1CE060: 0000 FCFF [06: North]
1CE064: 0400 FCFF [07: North-East]

----------------------------------------------------------------------------------------------------------------------------------------------------------------

[PointerTable_KilroyMovement]
1CE068: 38D2                             ;Movement: Walk East.
1CE06A: 32D2                             ;Movement: Walk South.
1CE06C: 36D2                             ;Movement: Walk West.
1CE06E: 34D2                             ;Movement: Walk North.
1CE070: 48D2                             ;Movement: Wheelie East.
1CE072: 42D2                             ;Movement: Wheelie South.
1CE074: 46D2                             ;Movement: Wheelie West.
1CE076: 44D2                             ;Movement: Wheelie North.

[PointerTable_KilroyStrongPhysical]
1CE078: 50D2                             ;Attack: Hammer Smash, Right Side View.
1CE07A: 4AD2                             ;Attack: South Facing Left Hammer Smash.
1CE07C: 4ED2                             ;Attack: Hammer Smash, Left Side View.
1CE07E: 4CD2                             ;Attack: Hammer Smash, Back View.

[PointerTable_KilroyWeakPhysical]
1CE080: 58D2                             ;Attack: Weak Hammer Smash, Right Side View.
1CE082: 52D2                             ;Attack: Arch Hammer Swing.
1CE084: 56D2                             ;Attack: Weak Hammer Smash, Left Side View.
1CE086: 54D2                             ;Attack: Arch Hammer Swing, Back View.

[PointerTable_KilroySpecialAttacks]
1CE088: 5AD2                             ;Attack: Hammer Spin.
1CE08A: 5AD2                             ;Attack: Hammer Spin.
1CE08C: 5AD2                             ;Attack: Hammer Spin.
1CE08E: 5AD2                             ;Attack: Hammer Spin.

[PointerTable_KilroyWheelieStrongPhysical]
1CE090: 64D2                             ;Attack: Wheelie Hammer Smash, Right Side View.
1CE092: 5ED2                             ;Attack: Wheelie South Facing Left Hammer Smash.
1CE094: 62D2                             ;Attack: Wheelie Hammer Smash, Left Side View.
1CE096: 60D2                             ;Attack: Wheelie Hammer Smash, Back View.

[PointerTable_KilroyWheelieWeakPhysical]
1CE098: 6CD2                             ;Attack: Wheelie Weak Hammer Smash, Right Side View.
1CE09A: 66D2                             ;Attack: Wheelie Arch Hammer Swing.
1CE09C: 6AD2                             ;Attack: Wheelie Weak Hammer Smash, Left Side View.
1CE09E: 68D2                             ;Attack: Wheelie Arch Hammer Swing, Back View.

[PointerTable_KilroyWheelieSpecialAttacks]
1CE0A0: 6ED2                             ;Attack: Hammer Spin.
1CE0A2: 6ED2                             ;Attack: Hammer Spin.
1CE0A4: 6ED2                             ;Attack: Hammer Spin.
1CE0A6: 6ED2                             ;Attack: Hammer Spin.

----------------------------------------------------------------------------------------------------------------------------------------------------------------

[DataTable_Kilroy_LegSync_AnimationIds]
1CE0A8: 34                               ;[00: BossAnimationScript_KilroyLegs_Idle]
1CE0A9: 38                               ;[01: BossAnimationScript_KilroyLegs_IdleBackView]
1CE0AA: 36                               ;[02: BossAnimationScript_KilroyLegs_IdleSideView]
1CE0AB: 36                               ;[03: BossAnimationScript_KilroyLegs_IdleSideView]
1CE0AC: 35                               ;[04: BossAnimationScript_KilroyLegs_WalkDownView]
1CE0AD: 39                               ;[05: BossAnimationScript_KilroyLegs_WalkBackView]
1CE0AE: 37                               ;[06: BossAnimationScript_KilroyLegs_WalkSideView]
1CE0AF: 37                               ;[07: BossAnimationScript_KilroyLegs_WalkSideView]
1CE0B0: 3A                               ;[08: BossAnimationScript_KilroyWheel_WheelTurn (Dummied Out)]
1CE0B1: 3A                               ;[09: BossAnimationScript_KilroyWheel_WheelTurn (Dummied Out)]
1CE0B2: 3A                               ;[0A: BossAnimationScript_KilroyWheel_WheelTurn (Dummied Out)]
1CE0B3: 3A                               ;[0B: BossAnimationScript_KilroyWheel_WheelTurn (Dummied Out)]
1CE0B4: 3B                               ;[0C: BossAnimationScript_KilroyWheel_IdleDownView]
1CE0B5: 3B                               ;[0D: BossAnimationScript_KilroyWheel_IdleDownView]
1CE0B6: 3C                               ;[0E: BossAnimationScript_KilroyWheel_IdleSideView]
1CE0B7: 3C                               ;[0F: BossAnimationScript_KilroyWheel_IdleSideView]
1CE0B8: 3B                               ;[10: BossAnimationScript_KilroyWheel_IdleDownView]
1CE0B9: 3B                               ;[11: BossAnimationScript_KilroyWheel_IdleDownView]
1CE0BA: 3C                               ;[12: BossAnimationScript_KilroyWheel_IdleSideView]
1CE0BB: 3C                               ;[13: BossAnimationScript_KilroyWheel_IdleSideView]
1CE0BC: 3B                               ;[14: BossAnimationScript_KilroyWheel_IdleDownView]
1CE0BD: 3B                               ;[15: BossAnimationScript_KilroyWheel_IdleDownView]
1CE0BE: 3C                               ;[16: BossAnimationScript_KilroyWheel_IdleSideView]
1CE0BF: 3C                               ;[17: BossAnimationScript_KilroyWheel_IdleSideView]
1CE0C0: 34                               ;[18: BossAnimationScript_KilroyLegs_Idle]
1CE0C1: 38                               ;[19: BossAnimationScript_KilroyLegs_IdleBackView]
1CE0C2: 36                               ;[1A: BossAnimationScript_KilroyLegs_IdleSideView]
1CE0C3: 36                               ;[1B: BossAnimationScript_KilroyLegs_IdleSideView]
1CE0C4: 34                               ;[1C: BossAnimationScript_KilroyLegs_Idle]
1CE0C5: 38                               ;[1D: BossAnimationScript_KilroyLegs_IdleBackView]
1CE0C6: 36                               ;[1E: BossAnimationScript_KilroyLegs_IdleSideView]
1CE0C7: 36                               ;[1F: BossAnimationScript_KilroyLegs_IdleSideView]
1CE0C8: 34                               ;[20: BossAnimationScript_KilroyLegs_Idle]
1CE0C9: 34                               ;[21: BossAnimationScript_KilroyLegs_Idle]
1CE0CA: 34                               ;[22: BossAnimationScript_KilroyLegs_Idle]
1CE0CB: 3B                               ;[23: BossAnimationScript_KilroyWheel_IdleDownView]
1CE0CC: 00                               ;[24: BossAnimationScript_General_Invisible]
1CE0CD: 00                               ;[25: BossAnimationScript_General_Invisible]
1CE0CE: 3B                               ;[26: BossAnimationScript_KilroyWheel_IdleDownView]
1CE0CF: 3B                               ;[27: BossAnimationScript_KilroyWheel_IdleDownView]

[DataTable_KettleKin_LegSync_AnimationIds]
1CE0D0: 34                               ;[00: BossAnimationScript_KilroyLegs_Idle]
1CE0D1: 38                               ;[01: BossAnimationScript_KilroyLegs_IdleBackView]
1CE0D2: 36                               ;[02: BossAnimationScript_KilroyLegs_IdleSideView]
1CE0D3: 36                               ;[03: BossAnimationScript_KilroyLegs_IdleSideView]
1CE0D4: 35                               ;[04: BossAnimationScript_KilroyLegs_WalkDownView]
1CE0D5: 39                               ;[05: BossAnimationScript_KilroyLegs_WalkBackView]
1CE0D6: 37                               ;[06: BossAnimationScript_KilroyLegs_WalkSideView]
1CE0D7: 37                               ;[07: BossAnimationScript_KilroyLegs_WalkSideView]
1CE0D8: 3A                               ;[08: BossAnimationScript_KilroyWheel_WheelTurn (Dummied Out)]
1CE0D9: 3A                               ;[09: BossAnimationScript_KilroyWheel_WheelTurn (Dummied Out)]
1CE0DA: 3A                               ;[0A: BossAnimationScript_KilroyWheel_WheelTurn (Dummied Out)]
1CE0DB: 3A                               ;[0B: BossAnimationScript_KilroyWheel_WheelTurn (Dummied Out)]
1CE0DC: 3B                               ;[0C: BossAnimationScript_KilroyWheel_IdleDownView]
1CE0DD: 3B                               ;[0D: BossAnimationScript_KilroyWheel_IdleDownView]
1CE0DE: 3C                               ;[0E: BossAnimationScript_KilroyWheel_IdleSideView]
1CE0DF: 3C                               ;[0F: BossAnimationScript_KilroyWheel_IdleSideView]
1CE0E0: FF                               ;[10: Disable Leg Animation]
1CE0E1: FF                               ;[11: Disable Leg Animation]
1CE0E2: FF                               ;[12: Disable Leg Animation]
1CE0E3: FF                               ;[13: Disable Leg Animation]
1CE0E4: FF                               ;[14: Disable Leg Animation]
1CE0E5: FF                               ;[15: Disable Leg Animation]
1CE0E6: FF                               ;[16: Disable Leg Animation]
1CE0E7: FF                               ;[17: Disable Leg Animation]
1CE0E8: 34                               ;[18: BossAnimationScript_KilroyLegs_Idle]
1CE0E9: 38                               ;[19: BossAnimationScript_KilroyLegs_IdleBackView]
1CE0EA: 36                               ;[1A: BossAnimationScript_KilroyLegs_IdleSideView]
1CE0EB: 36                               ;[1B: BossAnimationScript_KilroyLegs_IdleSideView]
1CE0EC: 34                               ;[1C: BossAnimationScript_KilroyLegs_Idle]
1CE0ED: 38                               ;[1D: BossAnimationScript_KilroyLegs_IdleBackView]
1CE0EE: 36                               ;[1E: BossAnimationScript_KilroyLegs_IdleSideView]
1CE0EF: 36                               ;[1F: BossAnimationScript_KilroyLegs_IdleSideView]
1CE0F0: 34                               ;[20: BossAnimationScript_KilroyLegs_Idle]
1CE0F1: 34                               ;[21: BossAnimationScript_KilroyLegs_Idle]
1CE0F2: 34                               ;[22: BossAnimationScript_KilroyLegs_Idle]
1CE0F3: 3B                               ;[23: BossAnimationScript_KilroyWheel_IdleDownView]
1CE0F4: 00                               ;[24: BossAnimationScript_General_Invisible]
1CE0F5: 00                               ;[25: BossAnimationScript_General_Invisible]
1CE0F6: 34                               ;[26: BossAnimationScript_KilroyLegs_Idle]
1CE0F7: 34                               ;[27: BossAnimationScript_KilroyLegs_Idle]
1CE0F8: 3B                               ;[28: BossAnimationScript_KilroyWheel_IdleDownView]
1CE0F9: 3B                               ;[29: BossAnimationScript_KilroyWheel_IdleDownView]
1CE0FA: 3B                               ;[2A: BossAnimationScript_KilroyWheel_IdleDownView]
1CE0FB: 3B                               ;[2B: BossAnimationScript_KilroyWheel_IdleDownView]
1CE0FC: 3B                               ;[2C: BossAnimationScript_KilroyWheel_IdleDownView]
1CE0FD: 3B                               ;[2D: BossAnimationScript_KilroyWheel_IdleDownView]
1CE0FE: 3B                               ;[2E: BossAnimationScript_KilroyWheel_IdleDownView]
1CE0FF: 3B                               ;[2F: BossAnimationScript_KilroyWheel_IdleDownView]
1CE100: 3B                               ;[30: BossAnimationScript_KilroyWheel_IdleDownView]
1CE101: 3B                               ;[31: BossAnimationScript_KilroyWheel_IdleDownView]
1CE102: 3B                               ;[32: BossAnimationScript_KilroyWheel_IdleDownView]

[Table_Robot_LegSync_SpriteFlags]
1CE103: 00                               ;[00: No Sprite Flags]
1CE104: 00                               ;[01: No Sprite Flags]
1CE105: 40                               ;[02: Set 'Horizontal Flip']
1CE106: 00                               ;[03: No Sprite Flags]
1CE107: 00                               ;[04: No Sprite Flags]
1CE108: 00                               ;[05: No Sprite Flags]
1CE109: 40                               ;[06: Set 'Horizontal Flip']
1CE10A: 00                               ;[07: No Sprite Flags]
1CE10B: 00                               ;[08: No Sprite Flags]
1CE10C: 00                               ;[09: No Sprite Flags]
1CE10D: 40                               ;[0A: Set 'Horizontal Flip']
1CE10E: 00                               ;[0B: No Sprite Flags]
1CE10F: 00                               ;[0C: No Sprite Flags]
1CE110: 00                               ;[0D: No Sprite Flags]
1CE111: 40                               ;[0E: Set 'Horizontal Flip']
1CE112: 00                               ;[0F: No Sprite Flags]
1CE113: 00                               ;[10: No Sprite Flags]
1CE114: 00                               ;[11: No Sprite Flags]
1CE115: 00                               ;[12: No Sprite Flags]
1CE116: 00                               ;[13: No Sprite Flags]
1CE117: 00                               ;[14: No Sprite Flags]
1CE118: 00                               ;[15: No Sprite Flags]
1CE119: 00                               ;[16: No Sprite Flags]
1CE11A: 00                               ;[17: No Sprite Flags]
1CE11B: 00                               ;[18: No Sprite Flags]
1CE11C: 00                               ;[19: No Sprite Flags]
1CE11D: 40                               ;[1A: Set 'Horizontal Flip']
1CE11E: 00                               ;[1B: No Sprite Flags]
1CE11F: 00                               ;[1C: No Sprite Flags]
1CE120: 00                               ;[1D: No Sprite Flags]
1CE121: 40                               ;[1E: Set 'Horizontal Flip']
1CE122: 00                               ;[1F: No Sprite Flags]
1CE123: 00                               ;[20: No Sprite Flags]
1CE124: 00                               ;[21: No Sprite Flags]
1CE125: 00                               ;[22: No Sprite Flags]
1CE126: 00                               ;[23: No Sprite Flags]
1CE127: 40                               ;[24: Set 'Horizontal Flip']
1CE128: 00                               ;[25: No Sprite Flags]
1CE129: 00                               ;[26: No Sprite Flags]
1CE12A: 00                               ;[27: No Sprite Flags]
1CE12B: 00                               ;[28: No Sprite Flags]
1CE12C: 00                               ;[29: No Sprite Flags]
1CE12D: 00                               ;[2A: No Sprite Flags]
1CE12E: 00                               ;[2B: No Sprite Flags]
1CE12F: 00                               ;[2C: No Sprite Flags]
1CE130: 00                               ;[2D: No Sprite Flags]
1CE131: 00                               ;[2E: No Sprite Flags]
1CE132: 00                               ;[2F: No Sprite Flags]
1CE133: 00                               ;[30: No Sprite Flags]
1CE134: 00                               ;[31: No Sprite Flags]
1CE135: 00                               ;[32: No Sprite Flags]

----------------------------------------------------------------------------------------------------------------------------------------------------------------

[PointerTable_KettleKinMovement]
1CE136: 7FD4                             ;Movement: Walk East.
1CE138: 79D4                             ;Movement: Walk South.
1CE13A: 7DD4                             ;Movement: Walk West.
1CE13C: 7BD4                             ;Movement: Walk North.

1CE13E: 8FD4                             ;Movement: Wheelie East.
1CE140: 89D4                             ;Movement: Wheelie South.
1CE142: 8DD4                             ;Movement: Wheelie West.
1CE144: 8BD4                             ;Movement: Wheelie North.

[PointerTable_KettleKinPhysical]
1CE146: A7D4                             ;Attack: Hammer Smash, Right Side View.
1CE148: A1D4                             ;Attack: South Facing Left Hammer Smash.
1CE14A: A5D4                             ;Attack: Hammer Smash, Left Side View.
1CE14C: A3D4                             ;Attack: Hammer Smash, Back View.

[PointerTable_KettleKinSpecialAttacks]
1CE14E: B1D4                             ;Attack: Hammer Spin.
1CE150: B1D4                             ;Attack: Hammer Spin.
1CE152: B1D4                             ;Attack: Hammer Spin.
1CE154: B1D4                             ;Attack: Hammer Spin.

[PointerTable_KettleKinWheeliePhysical]
1CE156: BFD4                             ;Attack: Hammer Smash, Right Side View.
1CE158: B9D4                             ;Attack: Arch Hammer Swing.
1CE15A: BDD4                             ;Attack: Hammer Smash, Left Side View.
1CE15C: BBD4                             ;Attack: Arch Hammer Swing, Back View.

[PointerTable_KettleKinWheelieSpecialAttacks]
1CE15E: C9D4                             ;Attack: Hammer Spin.
1CE160: C9D4                             ;Attack: Hammer Spin.
1CE162: C9D4                             ;Attack: Hammer Spin.
1CE164: C9D4                             ;Attack: Hammer Spin.

----------------------------------------------------------------------------------------------------------------------------------------------------------------

[PointerTable_MinoBullGuard]
1CE166: 8AD6                             ;Set Animation: Guard, Left Side View.
1CE168: 84D6                             ;Set Animation: Guard.
1CE16A: 88D6                             ;Set Animation: Guard, Right Side View.
1CE16C: 86D6                             ;Set Animation: Guard, Back View.

[PointerTable_MinoBullIdle]
1CE16E: 7AD6                             ;Set Animation: Idle, Left Side View.
1CE170: 74D6                             ;Set Animation: Idle.
1CE172: 78D6                             ;Set Animation: Idle, Right Side View.
1CE174: 76D6                             ;Set Animation: Idle, Back View.

[PointerTable_MinoBullMovement]
1CE176: 82D6                             ;Movement: Walk West.
1CE178: 7CD6                             ;Movement: Walk South.
1CE17A: 80D6                             ;Movement: Walk East.
1CE17C: 7ED6                             ;Movement: Walk North.

[PointerTable_MinoBull_Angry]
1CE17E: 8ED6                             ;Action: Get Angry.
1CE180: 8CD6                             ;Action: Arm Blade Show Off.

[PointerTable_MinoBullCloseSpecial]
1CE182: C3D6                             ;Attack: Power Bomb.
1CE184: C3D6                             ;Attack: Power Bomb.
1CE186: C3D6                             ;Attack: Power Bomb.
1CE188: C5D6                             ;Use Skill: Petrify Gas.

[PointerTable_MinoBullNormalPhysicalA]
1CE18A: ADD6                             ;Attack: Punch, Right Side View.
1CE18C: A7D6                             ;Attack: Punch.
1CE18E: ABD6                             ;Attack: Punch, Left Side View.
1CE190: A9D6                             ;Attack: Punch, Back View.
1CE192: A1D6                             ;Attack: Horn Charge, Right Side View.
1CE194: 9BD6                             ;Attack: Horn Charge.
1CE196: 9FD6                             ;Attack: Horn Charge, Left Side View.
1CE198: 9DD6                             ;Attack: Horn Charge, Back View.
 
1CE19A: ADD6                             ;Attack: Punch, Right Side View.
1CE19C: A7D6                             ;Attack: Punch.
1CE19E: ABD6                             ;Attack: Punch, Left Side View.
1CE1A0: A9D6                             ;Attack: Punch, Back View.
1CE1A2: B5D6                             ;Attack: Arm Claw, Right Side View.
1CE1A4: AFD6                             ;Attack: Arm Claw.
1CE1A6: B3D6                             ;Attack: Arm Claw, Left Side View.
1CE1A8: B1D6                             ;Attack: Arm Claw, Back View.

[PointerTable_MinoBullNormalPhysicalB]
1CE1AA: 99D6                             ;Attack: Horn Attack, Right Side View.
1CE1AC: 93D6                             ;Attack: Extending Horns.
1CE1AE: 97D6                             ;Attack: Horn Attack, Left Side View.
1CE1B0: 95D6                             ;Attack: Extending Horn, Back View.
1CE1B2: A1D6                             ;Attack: Horn Charge, Right Side View.
1CE1B4: 9BD6                             ;Attack: Horn Charge.
1CE1B6: 9FD6                             ;Attack: Horn Charge, Left Side View.
1CE1B8: 9DD6                             ;Attack: Horn Charge, Back View.

1CE1BA: 99D6                             ;Attack: Horn Attack, Right Side View.
1CE1BC: 93D6                             ;Attack: Extending Horns.
1CE1BE: 97D6                             ;Attack: Horn Attack, Left Side View.
1CE1C0: 95D6                             ;Attack: Extending Horn, Back View.
1CE1C2: A1D6                             ;Attack: Horn Charge, Right Side View.
1CE1C4: 9BD6                             ;Attack: Horn Charge.
1CE1C6: 9FD6                             ;Attack: Horn Charge, Left Side View.
1CE1C8: 9DD6                             ;Attack: Horn Charge, Back View.

[PointerTable_MinoBullLongRangeAttack]
1CE1CA: 0000                             ;Attack: Null.
1CE1CC: 0000                             ;Attack: Null.
1CE1CE: 0000                             ;Attack: Null.
1CE1D0: 0000                             ;Attack: Null.
1CE1D2: A1D6                             ;Attack: Horn Charge, Right Side View.
1CE1D4: 9BD6                             ;Attack: Horn Charge.
1CE1D6: 9FD6                             ;Attack: Horn Charge, Left Side View.
1CE1D8: 9DD6                             ;Attack: Horn Charge, Back View.

1CE1DA: A1D6                             ;Attack: Horn Charge, Right Side View.
1CE1DC: 9BD6                             ;Attack: Horn Charge.
1CE1DE: 9FD6                             ;Attack: Horn Charge, Left Side View.
1CE1E0: 9DD6                             ;Attack: Horn Charge, Back View.
1CE1E2: C0D6                             ;Attack: Arm Claw Rush, Right Side View.
1CE1E4: B7D6                             ;Attack: Arm Claw Rush.
1CE1E6: BDD6                             ;Attack: Arm Claw Rush, Left Side View.
1CE1E8: BAB6                             ;Attack: Arm Claw Rush, Back View.

----------------------------------------------------------------------------------------------------------------------------------------------------------------

[DataTable_Aegagropilon_LegSync_AnimationIds]
DC/E1EA:	8900 [00: ]
DC/E1EC:	8900 [01: ]
DC/E1EE:	8900 [02: ]
DC/E1F0:	8900 [03: ]
DC/E1F2:	8700 [04: ]
DC/E1F4:	8600 [05: ]
DC/E1F6:	8600 [06: ]
DC/E1F8:	8600 [07: ]
DC/E1FA:	8500 [08: ]
DC/E1FC:	8B00 [09: ]
DC/E1FE:	8B00 [0A: ]
DC/E200:	0000 [0B: ]
DC/E202:	0000 [0C: ]
DC/E204:	0000 [0D: ]
DC/E206:	0000 [0E: ]
DC/E208:	0000 [0F: ]
DC/E20A:	0000 [10: ]
DC/E20C:	8C00 [11: ]
DC/E20E:	0000 [12: ]
DC/E210:	0000 [13: ]
DC/E212:	8D00 [14: ]
DC/E214:	8700 [15: ]
DC/E216:	8700 [16: ]
DC/E218:	8D00 [17: ]
DC/E21A:	8D00 [18: ]

// Interesting. These tables don't normally define sync values for dummy commands but this one not only does but defines values for non-existant commands.
DC/E21C:	8A00 [19: ]
DC/E21E:	8A00 [1A: ]
DC/E220:	8A00 [1B: ]
DC/E222:	8A00 [1C: ]
DC/E224:	8800 [1D: ]
DC/E226:	8600 [1E: ]
DC/E228:	8600 [1F: ]
DC/E22A:	8600 [20: ]
DC/E22C:	8500 [21: ]
DC/E22E:	8B00 [22: ]
DC/E230:	8B00 [23: ]
DC/E232:	0000 [24: ]
DC/E234:	0000 [25: ]
DC/E236:	0000 [26: ]
DC/E238:	0000 [27: ]
DC/E23A:	0000 [28: ]
DC/E23C:	0000 [29: ]
DC/E23E:	8C00 [2A: ]
DC/E240:	0000 [2B: ]
DC/E242:	0000 [2C: ]
DC/E244:	8D00 [2D: ]
DC/E246:	8800 [2E: ]
DC/E248:	8800 [2F: ]
DC/E24A:	8D00 [30: ]
DC/E24C:	8D00 [31: ]

----------------------------------------------------------------------------------------------------------------------------------------------------------------

[PointerTable_TigerFarMovement]
DC/E24E:	0EDB                             ;Movement: Walk Left.
DC/E250:	0ADB                             ;Set Animation: Idle.
DC/E252:	10DB                             ;Movement: Walk Right.
DC/E254:	0CDB                             ;Set Animation: Idle, Look Left.

[PointerTable_TigerCloseMovement]
DC/E256:	10DB                             ;Movement Walk Right.
DC/E258:	0ADB                             ;Set Animation: Idle.
DC/E25A:	0EDB                             ;Movement: Walk Left.
DC/E25C:	0CDB                             ;Set Animation: Idle, Look Left.

[PointerTable_SpikeyTigerRangedPhysical]
DC/E25E:	1CDB                             ;Attack: Leap.
DC/E260:	22DB                             ;Attack: Pinball.

[PointerTable_TigerTowerLeap]
DC/E262:	2EDB                             ;Action: Spikey Tiger: Leap To Left Tower.
DC/E264:	33DB                             ;Action: Spikey Tiger: Leap To Right Tower.

[PointerTable_SpikeyTigerRanged]
DC/E266:	16DB                             ;Use Skill: 'Confuse Hoops'.
DC/E268:	12DB                             ;Cast Spell: 'Fire Bouquet' On 'Current Target'.
DC/E26A:	16DB                             ;Use Skill: 'Confuse Hoops'.

[PointerTable_BlueSpikeRangedPhysical]
DC/E26C:	1CDB                             ;Attack: Leap.
DC/E26E:	22DB                             ;Attack: Pinball.

[PointerTable_TigerPodiumLeap]
DC/E270:	3EDB                             ;Action: Blue Spike: Leap To Left Podium.
DC/E272:	43DB                             ;Action: Blue Spike: Leap To Right Podium.

[PointerTable_BlueSpikeRanged]
DC/E274:	14DB                             ;Cast Spell: 'Fireball' On 'Current Target'.
DC/E276:	19DB                             ;Use Skill: 'Acid Bubbles'.
DC/E278:	3BDB                             ;Use Skill: 'Moogle Glare'.

----------------------------------------------------------------------------------------------------------------------------------------------------------------

[05: Snap Dragon/Ton Pole/Biting Lizard]
DC/E27A:	7EDD
DC/E27C:	7CDD
DC/E27E:	80DD
DC/E280:	7ADD
DC/E282:	6DDD
DC/E284:	67DD
DC/E286:	6BDD
DC/E288:	69DD
DC/E28A:	75DD
DC/E28C:	6FDD
DC/E28E:	73DD
DC/E290:	71DD
DC/E292:	77DD
DC/E294:	77DD
DC/E296:	77DD
DC/E298:	77DD
DC/E29A:	8FDD
DC/E29C:	86DD
DC/E29E:	8CDD
DC/E2A0:	89DD
DC/E2A2:	5ADD
DC/E2A4:	5CDD
DC/E2A6:	5EDD

[Why is there a random RTS here....?]
DC/E2A8:	60

----------------------------------------------------------------------------------------------------------------------------------------------------------------

[PointerTable_FrostGigas_Spells]
1CE2A9: CEDF                             ;Cast Spell: 'Ice Saber' On 'All Opponents'.
1CE2AB: D0DF                             ;Cast Spell: 'Acid Storm' On 'All Opponents'.

[PointerTable_FireGigas_Spells]
1CE2AD: CADF                             ;Cast Spell: 'Lava Wave' On 'All Opponents'.
1CE2AF: CCDF                             ;Cast Spell: 'Fireball' On 'All Opponents'.

[PointerTable_ThunderGigas_Spells]
1CE2B1: D2DF                             ;Cast Spell: 'Air Blast' On 'Current Target'.
1CE2B3: D4DF                             ;Cast Spell: 'Silence' On 'Current Target'.
1CE2B5: E5DF                             ;Cast Spell: 'Thunder Saber' On 'Current Target'.

[PointerTable_Gigas_Skills]
1CE2B7: DCDF                             ;Use Skill: Freeze Breath.
1CE2B9: D9DF                             ;Use Skill: Fire Breath.
1CE2BB: D6DF                             ;Use Skill: Blitz Breath.

[PointerTable_Gigas_CloseRangeSpells]
1CE2BD: DFDF                             ;Cast Spell: 'Freeze' On 'All Opponents'.
1CE2BF: E1DF                             ;Cast Spell: 'Exploder' On 'All Opponents'.
1CE2C1: E3DF                             ;Cast Spell: 'Thunderbolt' On 'Current Target'.

DC/E2C3: F5FF DBFF [00: ]
DC/E2C7: 0B00 DBFF [01: ]
DC/E2CB: DBFF 0000 [02: ]
DC/E2CF: 2500 0000 [03: ]
DC/E2D3: F5FF 2500 [04: ]
DC/E2D7: 0B00 2500 [05: ]

DC/E2DB: 8003 [00: ]
DC/E2DD: 8000 [01: ]
DC/E2DF: 0001 [02: ]
DC/E2E1: 8001 [03: ]
DC/E2E3: 8002 [04: ]
DC/E2E4: 0003 [05: ]

DC/E2E7: 8803 [00: ]
DC/E2E9: 7800 [01: ]
DC/E2EB: 1001 [02: ]
DC/E2ED: 7801 [03: ]
DC/E2EF: 8802 [04: ]
DC/E2F1: F002 [05: ]

[X/Y Speeds]
DC/E2F3: 0100 0000 [00: East]
DC/E2F7: 0100 0100 [01: South-East]
DC/E2FB: 0000 0100 [02: South]
DC/E2FF: FFFF 0100 [03: South-West]
DC/E303: FFFF 0000 [04: West]
DC/E307: FFFF FFFF [05: North-West]
DC/E30B: 0000 FFFF [06: North]
DC/E30F: 0100 FFFF [07: North-East]

[Random RTS here....]
DC/E313: 60

----------------------------------------------------------------------------------------------------------------------------------------------------------------

[PointerTable_HexasMovement]
DC/E314: 42E1                             ;Movement: West
DC/E316: 3EE1                             ;Movement: North
DC/E318: 44E1                             ;Movement: East
DC/E31A: 40E1                             ;Movement: South

DC/E31C: 44E1                             ;Movement: East
DC/E31E: 40E1                             ;Movement: South
DC/E320: 42E1                             ;Movement: West
DC/E322: 3EE1                             ;Movement: North

[PointerTable_HexasBarrierChange]
DC/E324: 48E1                             ;Action: Elemental Change: Luna
DC/E326: 4AE1                             ;Action: Elemental Change: Undine
DC/E328: 4CE1                             ;Action: Elemental Change: Gnome
DC/E32A: 4EE1                             ;Action: Elemental Change: Salamando
DC/E32C: 50E1                             ;Action: Elemental Change: Sylphid

[PointerTable_HexasLunaBarrierAbility]
DC/E32E: 52E1                             ;Cast Spell: 'Dispel Magic' On 'Current Target'
DC/E330: 70E1                             ;Use Skill: 'Pygmus Glare'.

[PointerTable_HexasUndineBarrierAbility]
DC/E332: 58E1                             ;Cast Spell: 'Freeze' On 'Current Target'
DC/E334: 60E1                             ;Cast Spell: 'Acid Storm' On 'Current Target'
DC/E336: 6AE1                             ;Double Cast: 'Freeze' And 'Acid Storm' On 'Current Target'

[PointerTable_HexasGnomeBarrierAbility]
DC/E338: 56E1                             ;Cast Spell: 'Earth Slide' On 'Current Target'
DC/E33A: 5EE1                             ;Cast Spell: 'Gem Missile' On 'Current Target'
DC/E33C: 67E1                             ;Double Cast: 'Earth Slide' And 'Gem Missile' On 'Current Target'

[PointerTable_HexasSalamandoBarrierAbility]
DC/E33E: 54E1                             ;Cast Spell: 'Fireball' On 'Current Target'
DC/E340: 5CE1                             ;Cast Spell: 'Lave Wave' On 'Current Target'
DC/E342: 64E1                             ;Double Cast: 'Fireball' And 'Lava Wave' On 'Current Target'

[PointerTable_HexasSylphidBarrierAbility]
DC/E344: 5AE1                             ;Cast Spell: 'Air Blast' On 'Current Target'
DC/E346: 62E1                             ;Cast Spell: 'Silence' On 'Current Target'
DC/E348: 6DE1                             ;Double Cast: 'Air Blast' And 'Silence' On 'Current Target'

[Table_Hexas_SerpentAnimationSyncIds]
DC/E34A: 06                               ;BossAnimationScript_HexasSerpent_Idle_01
DC/E34B: 09                               ;BossAnimationScript_HexasSerpent_Idle_02
DC/E34C: 08                               ;BossAnimationScript_HexasSerpent_Idle_03
DC/E34D: 00                               ;BossAnimationScript_HexasSerpent_Idle_04

[Table_Hexas_SerpentAnimationIds]
DC/E34E: C700                             ;BossAnimationScript_HexasSerpent_Idle_01
DC/E350: C800                             ;BossAnimationScript_HexasSerpent_Idle_02
DC/E352: C900                             ;BossAnimationScript_HexasSerpent_Idle_03
DC/E354: CA00                             ;BossAnimationScript_HexasSerpent_Idle_04

----------------------------------------------------------------------------------------------------------------------------------------------------------------

[PointerTable_BeakFamily_Idle]
1CE356: 15E3                             ;Set Animation: Idle, Right Side View.
1CE358: 15E3                             ;Set Animation: Idle, Right Side View.
1CE35A: 15E3                             ;Set Animation: Idle, Right Side View.
1CE35C: 13E3                             ;Set Animation: Idle, Left Side View.
1CE35E: 13E3                             ;Set Animation: Idle, Left Side View.
1CE360: 13E3                             ;Set Animation: Idle, Left Side View.
1CE362: 13E3                             ;Set Animation: Idle, Left Side View.
1CE364: 15E3                             ;Set Animation: Idle, Right Side View.

[PointerTable_BeakFamily_JumpMovement]
1CE366: 17E3                             ;Movement: Jump North-East.
1CE368: 1BE3                             ;Movement: Jump North.
1CE36A: 1FE3                             ;Movement: Jump North-West.
1CE36C: 23E3                             ;Movement: Jump South-East.
1CE36E: 27E3                             ;Movement: Jump South.
1CE370: 2BE3                             ;Movement: Jump South-West.

[PointerTable_BeakFamily_JumpToCenterMap]
1CE372: 2FE3                             ;Movement: Jump Center Map.
1CE374: 33E3                             ;Movement: Jump Center Map.
1CE376: 37E3                             ;Movement: Jump Center Map.
1CE378: 3BE3                             ;Movement: Jump Center Map.
1CE37A: 3FE3                             ;Movement: Jump Center Map.
1CE37C: 43E3                             ;Movement: Jump Center Map.

[PointerTable_SpringBeak_Attack]
1CE37E: 4BE3                             ;Cast Spell: 'Air Blast' On 'All Opponents'.
1CE380: 51E3                             ;Cast Spell: 'Thunderbolt' On 'All Opponents'.

1CE382: 5DE3                             ;Movement: Jump To West Podium (Spring Beak).
1CE384: 65E3                             ;Movement: Jump To East Podium (Spring Beak).

[PointerTable_SpringBeak_Enfeeble]
1CE386: 4DE3                             ;Cast Spell: 'Silence' On 'All Opponents'.
1CE388: 4FE3                             ;Cast Spell: 'Balloon' On 'Current Target'.

[PointerTable_AxeBeakAttack]
1CE38A: 53E3                             ;Cast Spell: 'Fireball' On 'Current Target'.
1CE38C: 55E3                             ;Cast Spell: 'Fire Bouquet' On 'Current Target'.
1CE38E: 57E3                             ;Cast Spell: 'Lava Wave' On 'Current Target'.
1CE390: 59E3                             ;Use Skill: Sonic Pulse.
1CE392: 5BE3                             ;Use Skill: Sleep Gas.

1CE394: 6DE3                             ;Movement: Jump To West Podium (Axe Beak).
1CE396: 75E3                             ;Movement: Jump To East Podium (Axe Beak).

[Table_BeakFamily_CenterMapCoordinates]
1CE398: F000 E000                        [Spring Beak/Axe Beak X-Coordinate]
1CE39A: 3001 B001                        [Spring Beak/Axe Beak Y-Coordinate]

[Table_SpringBeak_JumpCoordinates]
1CE3A0: 9000 9000                        [00: North-West]
1CE3A4: F000 B000                        [01: North]
1CE3A8: 4001 A000                        [02: North-East]
1CE3AC: 9000 3001                        [03: South-West]
1CE3B0: F000 2001                        [04: South]
1CE3B4: 5001 4001                        [05: South-East]

[Table_AxeBeak_JumpCoordinates]
1CE3B8: B000 4001                        [00: North-West]
1CE3BC: E001 4001                        [01: North]
1CE3C0: C000 A001                        [02: North-East]
1CE3C4: D000 8001                        [03: South-West]
1CE3C8: 9001 9001                        [04: South]
1CE3CC: B001 A001                        [05: South-East]

[Table_SpringBeak_PodiumCoordinates]
1CE3D0: 8000 D000                        [00: West Podium]
1CE3D4: 5001 E000                        [01: East Podium]

[Table_AxeBeak_PodiumCoordinates]
1CE3D8: E800 2001                        [00: West Podium]
1CE3DC: 9801 2001                        [01: East Podium]

----------------------------------------------------------------------------------------------------------------------------------------------------------------

DC/E3E0: D0E5
DC/E3E2: CAE5
DC/E3E4: CDE5
DC/E3E6: D3E5
DC/E3E8: E0E5
DC/E3EA: ECE5
DC/E3EC: DEE5
DC/E3EE: E2E5
DC/E3F0: E4E5
DC/E3F2: F5E5
DC/E3F4: E4E5
DC/E3F6: E6E5
DC/E3F8: F9E5
DC/E3FA: E8E5
DC/E3FC: F7E5
DC/E3FE: EAE5

DC/E400: 0010
DC/E402: 0000
DC/E404: 0000
DC/E406: 0000
DC/E408: 0000
DC/E40A: 0000
DC/E40C: 0010
DC/E40E: 0000
DC/E410: 00F0
DC/E412: FFFF
DC/E414: 0000
DC/E416: 0000
DC/E418: 0000
DC/E41A: 0000
DC/E41C: 00F0
DC/E41E: FFFF
DC/E420: 0200
DC/E422: 0000
DC/E424: 0200
DC/E426: 0200
DC/E428: 0000
DC/E42A: 0200
DC/E42C: FEFF
DC/E42E: 0200
DC/E430: FEFF
DC/E432: 0000
DC/E434: FEFF
DC/E436: FEFF
DC/E438: 0000
DC/E43A: FEFF
DC/E43C: 0200
DC/E43E: FEFF

[]
DC/E440: 0100 0000 [00: East]
DC/E444: 0100 0100 [01: South-East]
DC/E448: 0000 0100 [02: South]
DC/E44C: FFFF 0100 [03: South-West]
DC/E450: FFFF 0000 [04: West]
DC/E454: FFFF FFFF [05: North-West]
DC/E458: 0000 FFFF [06: North]
DC/E45C: 0100 FFFF [07: North-East]

[More random RTS]
DC/E460: 60

----------------------------------------------------------------------------------------------------------------------------------------------------------------

[PointerTable_DarkLichIdle]
1CE461: 52E8                             ;Set Animation: Look East.
1CE463: 4EE8                             ;Set Animation: Idle.
1CE465: 50E8                             ;Set Animation: Look West.
1CE467: 4EE8                             ;Set Animation: Idle.

[PointerTable_DarkLichMovement]
1CE469: 5AE8                             ;Movement: Float East.
1CE46B: 54E8                             ;Movement: Float South.
1CE46D: 58E8                             ;Movement: Float West.
1CE46F: 56E8                             ;Movement: Float North.

[PointerTable_DarkLichHandsNoHeadIdle]
1CE471: 64E8                             ;Set Animation: Idle Hands.
1CE473: 68E8                             ;Set Animation: Head Peak.

[PointerTable_DarkLichHandsHeadIdle]
1CE475: 6AE8                             ;Set Animation: Head Visible.
1CE477: 6EE8                             ;Set Animation: Head Vanishing.

[PointerTable_DarkLichHandsMovement]
1CE479: 0000                             ;Do Nothing.
1CE47B: 66E8                             ;Movement: Hands South.
1CE47D: 0000                             ;Do Nothing.
1CE47F: 70E8                             ;Movement: Hands North.

[PointerTable_DarkLichHandsHeadMovement]
1CE481: 0000                             ;Do Nothing.
1CE483: 6CE8                             ;Movement: Head & Hands South.
1CE485: 0000                             ;Do Nothing.
1CE487: 72E8                             ;Movement: Head & Hands North.

[PointerTable_DarkLichSpellCasting]
1CE489: 74E8                             ;Cast Spell: 'Evil Gate' On 'Current Target'.
1CE48B: 76E8                             ;Cast Spell: 'HP Absorb' On 'Current Target'.
1CE48D: 78E8                             ;Cast Spell: 'Dark Force' On 'Current Target'.
1CE48F: 7AE8                             ;Cast Spell: 'Dispel Magic' On 'Current Target'.
1CE491: 7CE8                             ;Cast Spell: 'Thunderbolt' On 'Current Target'.
1CE493: 7EE8                             ;Cast Spell: 'Earth Slide' On 'Current Target'.
1CE495: 80E8                             ;Cast Spell: 'Freeze' On 'Current Target'.

[PointerTable_DarkLichSkillUse]
1CE497: 82E8                             ;Use Skill: Poison Gas.
1CE499: 84E8                             ;Use Skill: Sleep Gas.
1CE49B: 86E8                             ;Use Skill: Leaden Glare.
1CE49D: 88E8                             ;Use Skill: Petrify Beam.
1CE49F: 8AE8                             ;Use Skill: Pygmus Glare.
1CE4A1: 8CE8                             ;Use Skill: Confuse Hoops.
1CE4A3: 8EE8                             ;Use Skill: Balloon Ring.
1CE4A5: 90E8                             ;Use Skill: Freeze Beam.
1CE4A7: 92E8                             ;Use Skill: Petrify Beam.

[Table_DarkLichBody_AnimationIds]
1CE4A9: FA00                             ;[00: BossAnimationScript_DarkLichBody_Layer2_Idle]
1CE4AB: FA00                             ;[01: BossAnimationScript_DarkLichBody_Layer2_Idle]
1CE4AD: FA00                             ;[02: BossAnimationScript_DarkLichBody_Layer2_Idle]
1CE4AF: FA00                             ;[03: BossAnimationScript_DarkLichBody_Layer2_Idle]
1CE4B1: FA00                             ;[04: BossAnimationScript_DarkLichBody_Layer2_Idle]
1CE4B3: FA00                             ;[05: BossAnimationScript_DarkLichBody_Layer2_Idle]
1CE4B5: FA00                             ;[06: BossAnimationScript_DarkLichBody_Layer2_Idle]
1CE4B7: FA00                             ;[07: BossAnimationScript_DarkLichBody_Layer2_Idle]
1CE4B9: FA00                             ;[08: BossAnimationScript_DarkLichBody_Layer2_Idle]
1CE4BB: FA00                             ;[09: BossAnimationScript_DarkLichBody_Layer2_Idle]
1CE4BD: FA00                             ;[0A: BossAnimationScript_DarkLichBody_Layer2_Idle]
1CE4BF: FA00                             ;[0B: BossAnimationScript_DarkLichBody_Layer2_Idle]
1CE4C1: FA00                             ;[0C: BossAnimationScript_DarkLichBody_Layer2_Idle]
1CE4C3: FA00                             ;[0D: BossAnimationScript_DarkLichBody_Layer2_Idle]
1CE4C5: FA00                             ;[0E: BossAnimationScript_DarkLichBody_Layer2_Idle]
1CE4C7: FA00                             ;[0F: BossAnimationScript_DarkLichBody_Layer2_Idle]
1CE4C9: FA00                             ;[10: BossAnimationScript_DarkLichBody_Layer2_Idle]
1CE4CB: FA00                             ;[11: BossAnimationScript_DarkLichBody_Layer2_Idle]
1CE4CD: FA00                             ;[12: BossAnimationScript_DarkLichBody_Layer2_Idle]
1CE4CF: FA00                             ;[13: BossAnimationScript_DarkLichBody_Layer2_Idle]
1CE4D1: FA00                             ;[14: BossAnimationScript_DarkLichBody_Layer2_Idle]
1CE4D3: FA00                             ;[15: BossAnimationScript_DarkLichBody_Layer2_Idle]
1CE4D5: FA00                             ;[16: BossAnimationScript_DarkLichBody_Layer2_Idle]
1CE4D7: FA00                             ;[17: BossAnimationScript_DarkLichBody_Layer2_Idle]
1CE4D9: FB00                             ;[18: BossAnimationScript_DarkLichBody_Layer2_Fade]
1CE4DB: FC00                             ;[19: BossAnimationScript_SkeletalHands_Layer2_Fade]
1CE4DD: FC00                             ;[1A: BossAnimationScript_SkeletalHands_Layer2_Fade]
1CE4DF: FC00                             ;[1B: BossAnimationScript_SkeletalHands_Layer2_Fade]
1CE4E1: FB00                             ;[1C: BossAnimationScript_DarkLichBody_Layer2_Fade]
1CE4E3: FB00                             ;[1D: BossAnimationScript_DarkLichBody_Layer2_Fade]
1CE4E5: 3301                             ;[1E: BossAnimationScript_DarkLichBody_Layer2_Invisible]
1CE4E7: 3301                             ;[1F: BossAnimationScript_DarkLichBody_Layer2_Invisible]
1CE4E9: 3301                             ;[20: BossAnimationScript_DarkLichBody_Layer2_Invisible]
1CE4EA: 3301                             ;[21: BossAnimationScript_DarkLichBody_Layer2_Invisible]
1CE4ED: 3301                             ;[22: BossAnimationScript_DarkLichBody_Layer2_Invisible]
1CE4EF: 3301                             ;[23: BossAnimationScript_DarkLichBody_Layer2_Invisible]
1CE4F1: 3301                             ;[24: BossAnimationScript_DarkLichBody_Layer2_Invisible]
1CE4F3: 3301                             ;[25: BossAnimationScript_DarkLichBody_Layer2_Invisible]
1CE4F5: 3301                             ;[26: BossAnimationScript_DarkLichBody_Layer2_Invisible]
1CE4F7: 3301                             ;[27: BossAnimationScript_DarkLichBody_Layer2_Invisible]

----------------------------------------------------------------------------------------------------------------------------------------------------------------

[PointerTable_MechRiderIAttacks]
1CE4F9: 7BEB                             ;Attack: Right Bike Impale.
1CE4FB: 7EEB                             ;Attack: Left Bike Impale.
1CE4FD: 81EB                             ;Attack: Right Missile Barrage.
1CE4FF: 88EB                             ;Attack: Left Missile Barrage.

[PointerTable_MechRiderII_EastFacingAttacks]
1CE501: 7BEB                             ;Attack: Right Bike Impale.
1CE503: 8FEB                             ;Attack: Right Psycho Bike Impale.
1CE505: 93EB                             ;Attack: Right Bike Drift.

[PointerTable_MechRiderII_WestFacingAttacks]
1CE507: 7EEB                             ;Attack: Left Bike Impale.
1CE509: 91EB                             ;Attack: Left Psycho Bike Impale.
1CE50B: 96EB                             ;Attack: Left Bike Drift.

[PointerTable_MechRiderII_EastFacingSpecialAttacks]
1CE50D: 81EB                             ;Attack: Right Missile Barrage.
1CE50F: 75EB                             ;Use Skill: Wave Cannon.

[PointerTable_MechRiderII_WestFacingSpecialAttacks]
1CE511: 88EB                             ;Attack: Left Missile Barrage.
1CE513: 75EB                             ;Use Skill: Wave Cannon.

[PointerTable_MechRiderIII_EastFacingAttacks]
1CE515: 8FEB                             ;Attack: Right Psycho Bike Impale.
1CE517: 93EB                             ;Attack: Right Bike Drift.

[PointerTable_MechRiderIII_WestFacingAttacks]
1CE519: 91EB                             ;Attack: Left Psycho Bike Impale.
1CE51B: 96EB                             ;Attack: Left Bike Drift.

[PointerTable_MechRiderIII_EastFacingSpecialAttack]
1CE51D: 75EB                             ;Use Skill: Wave Cannon.
1CE51F: 78EB                             ;Use Skill: Diffuser Cannon.

[PointerTable_MechRiderIII_WestFacingSpecialAttack]
1CE521: 75EB                             ;Use Skill: Wave Cannon.
1CE523: 78EB                             ;Use Skill: Diffuser Cannon.

[PointerTable_MechRider_MissileAnimations]
1CE525: 0601                             ;[00: BossAnimationScript_MechRider_HorizontalMissile (East)]
1CE527: 0501                             ;[01: BossAnimationScript_MechRider_AngledMissile (South-East)]
1CE529: 0401                             ;[02: BossAnimationScript_MechRider_VerticalMissile (South)]
1CE52B: 0501                             ;[03: BossAnimationScript_MechRider_AngledMissile (South-West)]
1CE52D: 0601                             ;[04: BossAnimationScript_MechRider_HorizontalMissile (West)]
1CE52F: 0501                             ;[05: BossAnimationScript_MechRider_AngledMissile (North-West)]
1CE531: 0401                             ;[06: BossAnimationScript_MechRider_VerticalMissile (North)]
1CE533: 0501                             ;[07: BossAnimationScript_MechRider_AngledMissile (North-East)]

[Table_MechRider_MissileFlipFlags]
1CE535: 0000                             ;[00: No Flip (East)]
1CE537: 8000                             ;[01: Vertical Flip (South-East)]
1CE539: 8000                             ;[02: Vertical Flip (South)]
1CE53B: C000                             ;[03: Vertical Flip & Horizontal Flip (South-West)]
1CE53D: 4000                             ;[04: Horizontal Flip (West)]
1CE53F: 4000                             ;[05: Horizontal Flip (North-West)]
1CE541: 0000                             ;[06: No Flip (North)]
1CE543: 0000                             ;[07: No Flip (North-East)]

[Table_MechRider_Missle_XY_Speeds]
1CE545: 0200 0000                        ;[00: East]
1CE549: 0200 0200                        ;[01: South-East]
1CE54D: 0000 0200                        ;[02: South]
1CE551: FEFF 0200                        ;[03: South-West]
1CE555: FEFF 0000                        ;[04: West]
1CE559: FEFF FEFF                        ;[05: North-West]
1CE55D: 0000 FEFF                        ;[06: North]
1CE561: 0200 FEFF                        ;[07: North-East]

----------------------------------------------------------------------------------------------------------------------------------------------------------------

[Snake bosses]
; Tf is this?
DC/E565: 1860

[PointerTable_SnakeFamily_Movement]
DC/E567: 2DED                             ;Movement: South-East.
DC/E569: 2FED                             ;Movement: South-West.
DC/E56B: 31ED                             ;Movement: North-West.
DC/E56D: 33ED                             ;Movement: North-East.

[Movement]
DC/E56F: 35ED                             ;Action: Idle South-East.
DC/E571: 37ED                             ;Action: Idle South-West.
DC/E573: 39ED                             ;Action: Idle North-West.
DC/E575: 3BED                             ;Action: Idle North-East.

[Great Viper]
DC/E577: 3DED                             ;Attack: Lunge South-East.
DC/E579: 3FED                             ;Attack: Lunge South-West.
DC/E57B: 41ED                             ;Attack: Lunge North-West.
DC/E57D: 43ED                             ;Attack: Lunge North-East.

[Dragon Worm]
DC/E57F: 45ED                             ;Use Skill: 'Balloon Ring'.
DC/E581: 47ED                             ;Use Skill: 'Petrify Gas'.
DC/E583: 49ED                             ;Cast Spell: 'Earth Slide'. Target: 'Current Target'.

[Great Viper]
DC/E585: 4BED                             ;
DC/E587: 4EED                             ;
DC/E589: 51ED                             ;
DC/E58B: 54ED                             ;

[Dragon Worm]
DC/E58D: 57ED                             ;
DC/E58F: 5AED                             ;
DC/E591: 5DED                             ;
DC/E583: 60ED                             ;

[]
DC/E595: 0000
DC/E597: 4000
DC/E599: 0000
DC/E59B: 4000

[]
DC/E59D: 4000
DC/E59F: 0000
DC/E5A1: 0000  	
DC/E5A3: 4000

[]
DC/E5A5: 4001
DC/E5A7: 4001
DC/E5A9: 3D01
DC/E5AB: 3D01

[]
DC/E5AD: 4101
DC/E5AF: 4101
DC/E5B1: 3E01
DC/E5B3: 3E01

----------------------------------------------------------------------------------------------------------------------------------------------------------------

[PointerTable_Dragon_IdleAnimationDirection]
DC/E5B5:	2CF0		;Set Animation: Idle.
DC/E5B7:	2CF0		;Set Animation: Idle.
DC/E5B9:	2EF0		;Set Animation: Idle, Right Side View.
DC/E5BB:	2EF0		;Set Animation: Idle, Right Side View.
DC/E5BD:	2EF0		;Set Animation: Idle, Right Side View.
DC/E5BF:	2EF0		;Set Animation: Idle, Right Side View.
DC/E5C1:	2CF0		;Set Animation: Idle.
DC/E5C3:	2CF0		;Set Animation: Idle.

[PointerTable_SnowDragon_Attacks]
DC/E5C5:	3AF0        ;Use Skill: 'Freeze Breath'.
DC/E5C7:	43F0        ;Use Skill: 'Balloon Ring'.
DC/E5C9:	4CF0        ;Cast Spell: 'Freeze' On 'Closest Opponent'.

[PointerTable_RedDragon_Attacks]
DC/E5CB:	3DF0        ;Use Skill: 'Fire Breath'.
DC/E5CD:	46F0        ;Use Skill: 'Sleep Ring'.
DC/E5CF:	4EF0        ;Cast Spell: 'Exploder' On 'Closest Opponent'.

[PointerTable_BlueDragon_Attacks]
DC/E5D1:	40F0        ;Use Skill: 'Blitz Breath'.
DC/E5D3:	49F0        ;Use Skill: 'Confuse Hoops'.
DC/E5D5:	50F0        ;Cast Spell: 'Thunderbolt' On 'Closest Opponent'.

[PointerTable_Dragon_SharedAttacks]
DC/E5D7:	52F0        ;Use Skill: 'Breath Wing'.
DC/E5D9:	54F0        ;Attack: Tail Chain.

[DataTable_DragonSpeedIncrease]
DC/E5DB: 0100 0000 [00: East]
DC/E5DF: 0100 0100 [01: South-East]
DC/E5E3: 0000 0100 [02: South]
DC/E5E7: FFFF 0100 [03: South-West]
DC/E5EB: FFFF 0000 [04: West]
DC/E5EF: FFFF FFFF [05: North-West]
DC/E5F3: 0000 FFFF [06: North]
DC/E5F7: 0100 FFFF [07: North-East]

----------------------------------------------------------------------------------------------------------------------------------------------------------------

[Tropicallo/Brambler use this for something]
DC/E5FB:	000000
DC/E5FE:	0000    	
DC/E600:	0040    	
DC/E602:	0040    	
DC/E604:	0040    	
DC/E606:	0040    	
DC/E608:	0000    	
DC/E60A:	0001    	
DC/E60C:	0000    	
DC/E60E:	0001    	
DC/E610:	0001    	
DC/E612:	0000    	
DC/E614:	0001    	
DC/E616:	00FF    	
DC/E618:	FF0100FF
DC/E61C:	FF0000FF
DC/E620:	FFFFFF00	
DC/E624:	00FF    	
DC/E626:	FF0100FF
DC/E62A:	FF

[]
DC/E62B:	C6C4C2
DC/E62E:	C4C6
DC/E630:	C4C2
DC/E632:	C4

[]
DC/E633:	002426
DC/E636:	C0C6
DC/E638:	22C2C4

[]
DC/E63B:	008080
DC/E63E:	C040
DC/E640:	40      	 
DC/E641:	0000

[]
DC/E643:	0A
DC/E644:	0000    	
DC/E646:	0000    	
DC/E648:	00F6
DC/E64A:	FF0000F6
DC/E64E:	FF0800F8
DC/E652:	FF000000
DC/E656:	00F8
DC/E658:	FFF3FFFC
DC/E65C:	FFF3FFFD
DC/E660:	FFF8FF

[]
DC/E663:	0100 0000 [00: East]
DC/E667:	0100 0100 [01: South-East]
DC/E66B:	0000 0100 [02: South]
DC/E66F:	FFFF 0100 [03: South-West]
DC/E673:	FFFF 0000 [04: West]
DC/E677:	FFFF FFFF [05: North-West]
DC/E67B:	0000 FFFF [06: North]
DC/E67F:	0100 FFFF [07: North-East]

----------------------------------------------------------------------------------------------------------------------------------------------------------------

[DataPointerTable_EnemySkillAI]
1CE683: 4D99                        ;[00: Fire Breath]
1CE685: 4D99                        ;[01: Freeze Breath]
1CE687: 4D99                        ;[02: Blitz Breath]
1CE689: 8D99                        ;[03: Acid Breath]
1CE68B: 4D99                        ;[04: Poison Bubbles (Dummied Out)]
1CE68D: 4D99                        ;[05: Acid Bubbles]
1CE68F: 4D99                        ;[06: Moogle Bubbles (Dummied Out)]
1CE691: 4D99                        ;[07: Petrify Gas]
1CE693: 4D99                        ;[08: Sleep Gas]
1CE695: 4D99                        ;[09: Poison Gas]
1CE697: 5D99                        ;[0A: Flash Beam]
1CE699: 5D99                        ;[0B: Fire Beam]
1CE69B: 5D99                        ;[0C: Thunder Beam (Dummied Out)]
1CE69D: 5D99                        ;[0D: Doom Beam (Dummied Out)]
1CE69F: 5D99                        ;[0E: Freeze Beam]
1CE6A1: 5D99                        ;[0F: Petrify Beam]
1CE6A3: 4D99                        ;[10: Confuse Hoops]
1CE6A5: 4D99                        ;[11: Sonic Pulse]
1CE6A7: 4D99                        ;[12: Balloon Ring]
1CE6A9: 4D99                        ;[13: Sleep Ring]
1CE6AB: 4D99                        ;[14: Sleep Ring]
1CE6AD: 7D99                        ;[15: Moogle Glare]
1CE6AF: 7D99                        ;[16: Pygmus Glare]
1CE6B1: 7D99                        ;[17: Leaden Glare]
1CE6B3: 7D99                        ;[18: Moogle Glare (Dummied Out)]
1CE6B5: 4D99                        ;[19: Wave Cannon]
1CE6B7: 4D99                        ;[1A: Diffuser Cannon]
1CE6B9: 6D99                        ;[1B: Current]
1CE6BB: 9D99                        ;[1C: NoName - Doom's Wall Desperation Attack]
1CE6BD: AD99                        ;[1D: Breath Wing]
1CE6BF: BD99                        ;[1E: Cave-In]

[DataTable_EnemySkillPaletteIds]
1CE6C1: 4A00                        ;[00: Fire Breath]
1CE6C3: 5100                        ;[01: Freeze Breath]
1CE6C5: 4D00                        ;[02: Blitz Breath]
1CE6C7: 4D00                        ;[03: Acid Breath]
1CE6C9: 4D00                        ;[04: Poison Bubbles (Dummied Out)]
1CE6CB: 5000                        ;[05: Acid Bubbles]
1CE6CD: 4D00                        ;[06: Moogle Bubbles (Dummied Out)]
1CE6CF: 5000                        ;[07: Petrify Gas]
1CE6D1: 4B00                        ;[08: Sleep Gas]
1CE6D3: 4D00                        ;[09: Poison Gas]
1CE6D5: 4A00                        ;[0A: Flash Beam]
1CE6D7: 4A00                        ;[0B: Fire Beam]
1CE6D9: 4D00                        ;[0C: Thunder Beam (Dummied Out)]
1CE6DB: 5000                        ;[0D: Doom Beam (Dummied Out)]
1CE6DD: 5100                        ;[0E: Freeze Beam]
1CE6DF: 5000                        ;[0F: Petrify Beam]
1CE6E1: 4D00                        ;[10: Confuse Hoops]
1CE6E3: 4F00                        ;[11: Sonic Pulse]
1CE6E5: 4D00                        ;[12: Balloon Ring]
1CE6E7: 4B00                        ;[13: Sleep Ring]
1CE6E9: 4B00                        ;[14: Sleep Ring]
1CE6EB: 4D00                        ;[15: Moogle Glare]
1CE6ED: 5000                        ;[16: Pygmus Glare]
1CE6EF: 5000                        ;[17: Leaden Glare]
1CE6F1: 4D00                        ;[18: Moogle Glare (Dummied Out)]
1CE6F3: 4B00                        ;[19: Wave Cannon]
1CE6F5: 4D00                        ;[1A: Diffuser Cannon]
1CE6F7: 5100                        ;[1B: Current]
1CE6F9: 6C00                        ;[1C: NoName - Doom's Wall Desperation Attack]
1CE6FB: 7700                        ;[1D: Breath Wing]
1CE6FD: 6C00                        ;[1E: Cave-In]

[DataDataTable_EnemySkillBossAnimationIndexes]
;     An Id of 0000 means there is no animation to be played on the boss for this skill.
1CE6FF: 5D01                        ;[00: Fire Breath]
1CE701: 5D01                        ;[01: Freeze Breath]
1CE703: 6E01                        ;[02: Blitz Breath]
1CE705: 5F01                        ;[03: Acid Breath]
1CE707: 6701                        ;[04: Poison Bubbles (Dummied Out)]
1CE709: 6701                        ;[05: Acid Bubbles]
1CE70B: 6701                        ;[06: Moogle Bubbles (Dummied Out)]
1CE70D: 6101                        ;[07: Petrify Gas]
1CE70F: 6101                        ;[08: Sleep Gas]
1CE711: 6101                        ;[09: Poison Gas]
1CE713: 6A01                        ;[0A: Flash Beam]
1CE715: 6A01                        ;[0B: Fire Beam]
1CE717: 6A01                        ;[0C: Thunder Beam (Dummied Out)]
1CE719: 6A01                        ;[0D: Doom Beam (Dummied Out)]
1CE71B: 6A01                        ;[0E: Freeze Beam]
1CE71D: 6A01                        ;[0F: Petrify Beam]
1CE71F: 6301                        ;[10: Confuse Hoops]
1CE721: 6301                        ;[11: Sonic Pulse]
1CE723: 6301                        ;[12: Balloon Ring]
1CE725: 6301                        ;[13: Sleep Ring]
1CE727: 6301                        ;[14: Sleep Ring]
1CE729: 6601                        ;[15: Moogle Glare]
1CE72B: 6601                        ;[16: Pygmus Glare]
1CE72D: 6601                        ;[17: Leaden Glare]
1CE72F: 6601                        ;[18: Moogle Glare (Dummied Out)]
1CE731: 6C01                        ;[19: Wave Cannon]
1CE733: 6C01                        ;[1A: Diffuser Cannon]
1CE735: 0000                        ;[1B: Current]
1CE737: 0000                        ;[1C: NoName - Doom's Wall Desperation Attack]
1CE739: 0000                        ;[1D: Breath Wing]
1CE73B: 2601                        ;[1E: Cave In]

[DataTable_EnemySkillPlayerAnimations]
;     An Id of 0000 means there is no animation to be played on the player for this skill.
1CE73D: 5E01                        ;[00: Fire Breath]
1CE73F: 6B01                        ;[01: Freeze Breath]
1CE741: 6F01                        ;[02: Blitz Breath]
1CE743: 6001                        ;[03: Acid Breath]
1CE745: 6801                        ;[04: Poison Bubbles (Dummied Out)]
1CE747: 6801                        ;[05: Acid Bubbles]
1CE749: 6801                        ;[06: Moogle Bubbles (Dummied Out)]
1CE74B: 6201                        ;[07: Petrify Gas]
1CE74D: 6201                        ;[08: Sleep Gas]
1CE74F: 6201                        ;[09: Poison Gas]
1CE751: 0000                        ;[0A: Flash Beam]
1CE753: 0000                        ;[0B: Fire Beam]
1CE755: 0000                        ;[0C: Thunder Beam (Dummied Out)]
1CE757: 0000                        ;[0D: Doom Beam (Dummied Out)]
1CE759: 0000                        ;[0E: Freeze Beam]
1CE75B: 0000                        ;[0F: Petrify Beam]
1CE75D: 6401                        ;[10: Confuse Hoops]
1CE75F: 6401                        ;[11: Sonic Pulse]
1CE761: 6401                        ;[12: Balloon Ring]
1CE763: 6401                        ;[13: Sleep Ring]
1CE765: 6401                        ;[14: Sleep Ring]
1CE767: 0000                        ;[15: Moogle Glare]
1CE769: 0000                        ;[16: Pygmus Glare]
1CE76B: 0000                        ;[17: Leaden Glare]
1CE76D: 0000                        ;[18: Moogle Glare (Dummied Out)]
1CE76F: 6D01                        ;[19: Wave Cannon]
1CE771: 6D01                        ;[1A: Diffuser Cannon]
1CE773: 6501                        ;[1B: Current]
1CE775: 2501                        ;[1C: NoName - Doom's Wall Desperation Attack]
1CE777: 7401                        ;[1D: Breath Wing]
1CE779: 2701                        ;[1E: Cave In]

[DataTable_EnemySkillBossSoundEffect]
1CE77B: 8300                        ;[00: Fire Breath]
1CE77D: 8300                        ;[01: Freeze Breath]
1CE77F: 8300                        ;[02: Blitz Breath]
1CE781: 8300                        ;[03: Acid Breath]
1CE783: 8300                        ;[04: Poison Bubbles (Dummied Out)]
1CE785: 8300                        ;[05: Acid Bubbles]
1CE787: 8300                        ;[06: Moogle Bubbles (Dummied Out)]
1CE789: 8300                        ;[07: Petrify Gas]
1CE78B: 8300                        ;[08: Sleep Gas]
1CE78D: 8300                        ;[09: Poison Gas]
1CE78F: 8300                        ;[0A: Flash Beam]
1CE791: 8300                        ;[0B: Fire Beam]
1CE793: 8300                        ;[0C: Thunder Beam (Dummied Out)]
1CE795: 8300                        ;[0D: Doom Beam (Dummied Out)]
1CE797: 8300                        ;[0E: Freeze Beam]
1CE799: 8300                        ;[0F: Petrify Beam]
1CE79B: 8300                        ;[10: Confuse Hoops]
1CE79D: 9A00                        ;[11: Sonic Pulse]
1CE79F: 8300                        ;[12: Balloon Ring]
1CE7A1: 8300                        ;[13: Sleep Ring]
1CE7A3: 8300                        ;[14: Sleep Ring]
1CE7A5: 8300                        ;[15: Moogle Glare]
1CE7A7: 8300                        ;[16: Pygmus Glare]
1CE7A9: 8300                        ;[17: Leaden Glare]
1CE7AB: 8300                        ;[18: Moogle Glare (Dummied Out)]
1CE7AD: 8700                        ;[19: Wave Cannon]
1CE7AF: 8700                        ;[1A: Diffuser Cannon]
1CE7B1: 0000                        ;[1B: Current]
1CE7B3: B300                        ;[1C: NoName - Doom's Wall Desperation Attack]
1CE7B5: 0000                        ;[1D: Breath Wing]
1CE7B7: B000                        ;[1E: Cave In]

[DataTable_EnemySkillPlayerSoundEffect]
1CE7B9: BB00                        ;[00: Fire Breath]
1CE7BB: C000                        ;[01: Freeze Breath]
1CE7BD: BB00                        ;[02: Blitz Breath]
1CE7BF: A900                        ;[03: Acid Breath]
1CE7C1: C500                        ;[04: Poison Bubbles (Dummied Out)]
1CE7C3: C500                        ;[05: Acid Bubbles]
1CE7C5: C500                        ;[06: Moogle Bubbles (Dummied Out)]
1CE7C7: CB00                        ;[07: Petrify Gas]
1CE7C9: CB00                        ;[08: Sleep Gas]
1CE7CB: CB00                        ;[09: Poison Gas]
1CE7CD: 0000                        ;[0A: Flash Beam]
1CE7CF: 0000                        ;[0B: Fire Beam]
1CE7D1: 0000                        ;[0C: Thunder Beam (Dummied Out)]
1CE7D3: 0000                        ;[0D: Doom Beam (Dummied Out)]
1CE7D5: 9000                        ;[0E: Freeze Beam]
1CE7D7: 9B00                        ;[0F: Petrify Beam]
1CE7D9: 1900                        ;[10: Confuse Hoops]
1CE7DB: 1900                        ;[11: Sonic Pulse]
1CE7DD: 1900                        ;[12: Balloon Ring]
1CE7DF: 1900                        ;[13: Sleep Ring]
1CE7E1: BB00                        ;[14: Sleep Ring]
1CE7E3: BB00                        ;[15: Moogle Glare]
1CE7E5: 0000                        ;[16: Pygmus Glare]
1CE7E7: 0000                        ;[17: Leaden Glare]
1CE7E9: 0000                        ;[18: Moogle Glare (Dummied Out)]
1CE7EB: BB00                        ;[19: Wave Cannon]
1CE7ED: BB00                        ;[1A: Diffuser Cannon]
1CE7EF: D500                        ;[1B: Current]
1CE7F1: 0000                        ;[1C: NoName - Doom's Wall Desperation Attack]
1CE7F3: 0000                        ;[1D: Breath Wing]
1CE7F5: 0000                        ;[1E: Cave In]

----------------------------------------------------------------------------------------------------------------------------------------------------------------

DC/E7F7:	FFFFFFFFFF	
DC/E7FC:	FFFFFF00	
DC/E800:	0300    	ora $00,S
DC/E802:	0C0000  	tsb $0000
DC/E805:	008C    	brk $8C
DC/E807:	0008    	brk $08
DC/E809:	0F093810	3809
DC/E80D:	40      	 
DC/E80E:	2A      	rol A
DC/E80F:	44038A  	mvp $03,$8A
DC/E812:	900E    	bcc $E822
DC/E814:	08      	 
DC/E815:	0F303F60	ora $603F30
DC/E819:	7F407FC4	adc $C47F40,X
DC/E81D:	FF901F06	sbc $061F90,X
DC/E821:	8000    	bra $E823
DC/E823:	40      	 
DC/E824:	C000    	cpy #$00
DC/E826:	40      	 
DC/E827:	0084    	brk $84
DC/E829:	0288    	cop $88
DC/E82B:	0E0380  	asl $8003
DC/E82E:	C0C0    	cpy #$C0
DC/E830:	40      	 
DC/E831:	88      	dey 
DC/E832:	0190    	ora ($90,X)
DC/E834:	1FFC00FC	ora $FC00FC,X
DC/E838:	00FC    	brk $FC
DC/E83A:	00FC    	brk $FC
DC/E83C:	00FC    	brk $FC
DC/E83E:	00FC    	brk $FC
DC/E840:	00D4    	brk $D4
DC/E842:	0000    	
DC/E844:	01B0    	ora ($B0,X)
DC/E846:	0EAC0F  	asl $0FAC
DC/E849:	06FC    	asl $FC
DC/E84B:	B486    	ldy $86,X
DC/E84D:	40      	 
DC/E84E:	C602    	dec $02
DC/E850:	44980E  	mvp $98,$0E
DC/E853:	06FC    	asl $FC
DC/E855:	02FE    	cop $FE
DC/E857:	82FE42  	brl $2B58
DC/E85A:	7EA41F  	ror $1FA4,X
DC/E85D:	0388    	ora $88,S
DC/E85F:	8408    	sty $08
DC/E861:	84A4    	sty $A4
DC/E863:	1F0304FC	ora $FC0403,X
DC/E867:	04FC    	tsb $FC
DC/E869:	FC76FC  	jsr ($FC76,X)
DC/E86C:	00FC    	brk $FC
DC/E86E:	00DC    	brk $DC
DC/E870:	0018    	brk $18
DC/E872:	48      	pha 
DC/E873:	CF01C740	cmp $40C701
DC/E877:	8600    	stx $00
DC/E879:	8548    	sta $48
DC/E87B:	8D408D  	sta $8D40
DC/E87E:	08      	 
DC/E87F:	C500    	cmp $00
DC/E881:	C386    	cmp $86,S
DC/E883:	FF8EFF8F	sbc $8FFF8E,X
DC/E887:	FF8DFD85	sbc $85FD8D,X
DC/E88B:	88      	dey 
DC/E88C:	0101    	ora ($01,X)
DC/E88E:	87FF    	sta [$FF]
DC/E890:	81F1    	sta ($F1,X)
DC/E892:	88      	dey 
DC/E893:	0104    	ora ($04,X)
DC/E895:	8040    	bra $E8D7
DC/E897:	00C0    	brk $C0
DC/E899:	8082    	bra $E81D
DC/E89B:	028D    	cop $8D
DC/E89D:	F594    	sbc $94,X
DC/E89F:	0100    	ora ($00,X)
DC/E8A1:	C0FD    	cpy #$FD
DC/E8A3:	FFFC00E8	sbc $E800FC,X
DC/E8A7:	0003    	
DC/E8A9:	50F8    	bvc $E8A3
DC/E8AB:	0070    	brk $70
DC/E8AD:	A40F    	ldy $0F
DC/E8AF:	0288    	cop $88
DC/E8B1:	F8      	sed 
DC/E8B2:	70A8    	bvs $E85C
DC/E8B4:	0F999B06	ora $069B99
DC/E8B8:	0101    	ora ($01,X)
DC/E8BA:	0303    	ora $03,S
DC/E8BC:	0600    	asl $00
DC/E8BE:	0795    	ora [$95]
DC/E8C0:	9B      	txy 
DC/E8C1:	1101    	ora ($01),Y
DC/E8C3:	0102    	ora ($02,X)
DC/E8C5:	0304    	ora $04,S
DC/E8C7:	0707    	ora [$07]
DC/E8C9:	0700    	ora [$00]
DC/E8CB:	9000    	bcc $E8CD
DC/E8CD:	B020    	bcs $E8EF
DC/E8CF:	B080    	bcs $E851
DC/E8D1:	90C0    	bcc $E893
DC/E8D3:	60      	 
DC/E8D4:	80C5    	bra $E89B
DC/E8D6:	0480    	tsb $80
DC/E8D8:	0000    	
DC/E8DA:	90F0    	bcc $E8CC
DC/E8DC:	8401    	sty $01
DC/E8DE:	0630    	asl $30
DC/E8E0:	F020    	beq $E902
DC/E8E2:	E040    	cpx #$40
DC/E8E4:	C080    	cpy #$80
DC/E8E6:	800F    	bra $E8F7
DC/E8E8:	0475    	tsb $75
DC/E8EA:	0227    	cop $27
DC/E8EC:	0025    	brk $25
DC/E8EE:	A048    	ldy #$48
DC/E8F0:	0177    	ora ($77,X)
DC/E8F2:	00AC    	brk $AC
DC/E8F4:	0F900008	ora $080090
DC/E8F8:	1C0C3A  	trb $3A0C
DC/E8FB:	0466    	tsb $66
DC/E8FD:	204604  	jsr $0446
DC/E900:	5290    	eor ($90)
DC/E902:	0E041C  	asl $1C04
DC/E905:	263E    	rol $3E
DC/E907:	427E    	wdm $7E
DC/E909:	8401    	sty $01
DC/E90B:	1606    	asl $06,X
DC/E90D:	40      	 
DC/E90E:	0441    	tsb $41
DC/E910:	0041    	brk $41
DC/E912:	0243    	cop $43
DC/E914:	0243    	cop $43
DC/E916:	0043    	brk $43
DC/E918:	1249    	ora ($49)
DC/E91A:	1A      	inc A
DC/E91B:	48      	pha 
DC/E91C:	427E    	wdm $7E
DC/E91E:	437F    	eor $7F,S
DC/E920:	437F    	eor $7F,S
DC/E922:	4198    	eor ($98,X)
DC/E924:	0106    	ora ($06,X)
DC/E926:	08      	 
DC/E927:	8488    	sty $88
DC/E929:	0488    	tsb $88
DC/E92B:	0408    	tsb $08
DC/E92D:	8C0102  	sty $0201
DC/E930:	444844  	mvp $48,$44
DC/E933:	85F3    	sta $F3
DC/E935:	A401    	ldy $01
DC/E937:	FD01FC  	sbc $FC01,X
DC/E93A:	00FC    	brk $FC
DC/E93C:	00DC    	brk $DC
DC/E93E:	000F    	brk $0F
DC/E940:	44C620  	mvp $C6,$20
DC/E943:	440663  	mvp $06,$63
DC/E946:	2162    	and ($62,X)
DC/E948:	1220    	ora ($20)
DC/E94A:	0331    	ora $31,S
DC/E94C:	193000  	ora $0030,Y
DC/E94F:	18      	 
DC/E950:	86B3    	stx $B3
DC/E952:	84B7    	sty $B7
DC/E954:	0221    	cop $21
DC/E956:	3F208001	and $018020,X
DC/E95A:	1310    	ora ($10,S),Y
DC/E95C:	1F00BF10	BF00,X
DC/E960:	201030  	jsr $3010
DC/E963:	0211    	cop $11
DC/E965:	0291    	cop $91
DC/E967:	821102  	brl $EB7B
DC/E96A:	5182    	eor ($82),Y
DC/E96C:	D1BF    	cmp ($BF),Y
DC/E96E:	BF841724	lda $241784,X
DC/E972:	111F    	ora ($1F),Y
DC/E974:	919F    	sta ($9F),Y
DC/E976:	919F    	sta ($9F),Y
DC/E978:	D1DF    	cmp ($DF),Y
DC/E97A:	51DF    	eor ($DF),Y
DC/E97C:	00F1    	brk $F1
DC/E97E:	0113    	ora ($13,X)
DC/E980:	0016    	brk $16
DC/E982:	44DC05  	mvp $DC,$05
DC/E985:	5008    	bvc $E98F
DC/E987:	592159  	eor $5921,Y
DC/E98A:	08      	 
DC/E98B:	30F1    	bmi $E97E
DC/E98D:	F112    	sbc ($12),Y
DC/E98F:	F314    	sbc ($14,S),Y
DC/E991:	F798    	sbc [$98],Y
DC/E993:	FF587F50	sbc $507F58,X
DC/E997:	8001    	bra $E99A
DC/E999:	1D313F  	ora $3F31,X
DC/E99C:	00F7    	
DC/E99E:	10BC    	bpl $E95C
DC/E9A0:	1006    	bpl $E9A8
DC/E9A2:	88      	dey 
DC/E9A3:	E628    	inc $28
DC/E9A5:	E600    	inc $00
DC/E9A7:	AA      	tax 
DC/E9A8:	00AA    	brk $AA
DC/E9AA:	10AA    	bpl $E956
DC/E9AC:	F7F7    	sbc [$F7],Y
DC/E9AE:	0CFF0E  	tsb $0EFF
DC/E9B1:	FF4EFFCE	sbc $CEFF4E,X
DC/E9B5:	FFAABB84	sbc $84BBAA,X
DC/E9B9:	010F    	ora ($0F,X)
DC/E9BB:	00FC    	brk $FC
DC/E9BD:	040E    	tsb $0E
DC/E9BF:	0003    	
DC/E9C1:	5111    	eor ($11),Y
DC/E9C3:	4930    	eor #$30
DC/E9C5:	48      	pha 
DC/E9C6:	28      	 
DC/E9C7:	40      	 
DC/E9C8:	204120  	jsr $2041
DC/E9CB:	8717    	sta [$17]
DC/E9CD:	08      	 
DC/E9CE:	01FF    	ora ($FF,X)
DC/E9D0:	20FF30  	jsr $30FF
DC/E9D3:	FF20EF28	sbc $28EF20,X
DC/E9D7:	8001    	bra $E9DA
DC/E9D9:	0100    	ora ($00,X)
DC/E9DB:	FF827A04	sbc $047A82,X
DC/E9DF:	C009    	cpy #$09
DC/E9E1:	C708    	cmp [$08]
DC/E9E3:	C588    	cmp $88
DC/E9E5:	0103    	ora ($03,X)
DC/E9E7:	C4FF    	cpy $FF
DC/E9E9:	FF808001	sbc $018080,X
DC/E9ED:	03C6    	ora $C6,S
DC/E9EF:	FFC5FD84	sbc $84FDC5,X
DC/E9F3:	0114    	
DC/E9F5:	C4FC    	cpy $FC
DC/E9F7:	00FF    	
DC/E9F9:	60      	 
DC/E9FA:	0000    	
DC/E9FC:	60      	 
DC/E9FD:	08      	 
DC/E9FE:	6408    	stz $08
DC/EA00:	6C0864  	jmp ($6408)
DC/EA03:	806C    	bra $EA71
DC/EA05:	10EC    	bpl $E9F3
DC/EA07:	FFFF6080	sbc $8060FF,X
DC/EA0B:	0100    	ora ($00,X)
DC/EA0D:	6480    	stz $80
DC/EA0F:	0100    	ora ($00,X)
DC/EA11:	6C8001  	jmp ($0180)
DC/EA14:	14EC    	trb $EC
DC/EA16:	FF00F808	sbc $08F800,X
DC/EA1A:	0000    	
DC/EA1C:	08      	 
DC/EA1D:	A049    	ldy #$49
DC/EA1F:	A06A    	ldy #$6A
DC/EA21:	804B    	bra $EA6E
DC/EA23:	B348    	lda ($48,S),Y
DC/EA25:	9068    	bcc $EA8F
DC/EA27:	F8      	sed 
DC/EA28:	F8      	sed 
DC/EA29:	08      	 
DC/EA2A:	8001    	bra $EA2D
DC/EA2C:	0449    	tsb $49
DC/EA2E:	F94BFB  	sbc $FB4B,Y
DC/EA31:	6A      	ror A
DC/EA32:	88      	dey 
DC/EA33:	0181    	ora ($81,X)
DC/EA35:	020C    	cop $0C
DC/EA37:	7010    	bvs $EA49
DC/EA39:	F8      	sed 
DC/EA3A:	008C    	brk $8C
DC/EA3C:	202330  	jsr $3023
DC/EA3F:	4746    	eor [$46]
DC/EA41:	7140    	adc ($40),Y
DC/EA43:	7180    	adc ($80),Y
DC/EA45:	0E0770  	asl $7007
DC/EA48:	88      	dey 
DC/EA49:	F8      	sed 
DC/EA4A:	04FC    	tsb $FC
DC/EA4C:	07FF    	ora [$FF]
DC/EA4E:	2388    	and $88,S
DC/EA50:	0108    	ora ($08,X)
DC/EA52:	0482    	tsb $82
DC/EA54:	58      	cli 
DC/EA55:	C608    	dec $08
DC/EA57:	DA      	phx 
DC/EA58:	40      	 
DC/EA59:	9C4081  	stz $8140
DC/EA5C:	060B    	asl $0B
DC/EA5E:	A090    	ldy #$90
DC/EA60:	A09C    	ldy #$9C
DC/EA62:	D2FE    	cmp ($FE)
DC/EA64:	92FE    	sta ($FE)
DC/EA66:	96FE    	stx $FE,Y
DC/EA68:	9CFC86  	stz $86FC
DC/EA6B:	450A    	eor $0A
DC/EA6D:	10F0    	bpl $EA5F
DC/EA6F:	1CFC14  	trb $14FC
DC/EA72:	40      	 
DC/EA73:	194511  	ora $1145,Y
DC/EA76:	4D1480  	eor $8014
DC/EA79:	0108    	ora ($08,X)
DC/EA7B:	1148    	ora ($48),Y
DC/EA7D:	1048    	bpl $EAC7
DC/EA7F:	1448    	trb $48
DC/EA81:	497F    	eor #$7F
DC/EA83:	48      	pha 
DC/EA84:	9001    	bcc $EA87
DC/EA86:	004C    	brk $4C
DC/EA88:	88      	dey 
DC/EA89:	0185    	ora ($85,X)
DC/EA8B:	F70D    	sbc [$0D],Y
DC/EA8D:	C8      	iny 
DC/EA8E:	0488    	tsb $88
DC/EA90:	4508    	eor $08
DC/EA92:	C509    	cmp $09
DC/EA94:	C489    	cpy $89
DC/EA96:	C488    	cpy $88
DC/EA98:	C444    	cpy $44
DC/EA9A:	FC8401  	jsr ($0184,X)
DC/EA9D:	0145    	ora ($45,X)
DC/EA9F:	FD9401  	sbc $0194,X
DC/EAA2:	1500    	ora $00,X
DC/EAA4:	790885  	adc $8508,Y
DC/EAA7:	0005    	brk $05
DC/EAA9:	88      	dey 
DC/EAAA:	8C808C  	sty $8C80
DC/EAAD:	08      	 
DC/EAAE:	848C    	sty $8C
DC/EAB0:	00EC    	brk $EC
DC/EAB2:	0079    	brk $79
DC/EAB4:	798DFD  	adc $FD8D,Y
DC/EAB7:	8DFDA2  	sta $A2FD
DC/EABA:	1F13F794	ora $94F713,X
DC/EABE:	1C0A96  	trb $960A
DC/EAC1:	1086    	bpl $EA49
DC/EAC3:	08      	 
DC/EAC4:	8E048A  	stx $8A04
DC/EAC7:	0A      	asl A
DC/EAC8:	8034    	bra $EAFE
DC/EACA:	84F7    	sty $F7
DC/EACC:	F708    	sbc [$08],Y
DC/EACE:	FF8C83A3	sbc $A3838C,X
DC/EAD2:	0086    	brk $86
DC/EAD4:	88      	dey 
DC/EAD5:	011D    	ora ($1D,X)
DC/EAD7:	82FF00  	brl $EBD9
DC/EADA:	F740    	sbc [$40],Y
DC/EADC:	78      	sei 
DC/EADD:	40      	 
DC/EADE:	3008    	bmi $EAE8
DC/EAE0:	58      	cli 
DC/EAE1:	08      	 
DC/EAE2:	58      	cli 
DC/EAE3:	1068    	bpl $EB4D
DC/EAE5:	98      	tya 
DC/EAE6:	60      	 
DC/EAE7:	8E60F7  	stx $F760
DC/EAEA:	F738    	sbc [$38],Y
DC/EAEC:	FF78FF50	sbc $50FF78,X
DC/EAF0:	DF50DF70	cmp $70DF50,X
DC/EAF4:	FF840109	sbc $090184,X
DC/EAF8:	00FE    	brk $FE
DC/EAFA:	BE1506  	ldx $0615,Y
DC/EAFD:	5180    	eor ($80),Y
DC/EAFF:	D500    	cmp $00,X
DC/EB01:	FE8146  	inc $4681,X
DC/EB04:	0C00C0  	tsb $C000
DC/EB07:	20FEFE  	jsr $FEFE
DC/EB0A:	81FF    	sta ($FF,X)
DC/EB0C:	D1FF    	cmp ($FF),Y
DC/EB0E:	55FF    	eor $FF,X
DC/EB10:	7EFE87  	ror $87FE,X
DC/EB13:	BF1B60E0	lda $E0601B,X
DC/EB17:	08      	 
DC/EB18:	18      	 
DC/EB19:	0428    	tsb $28
DC/EB1B:	207C06  	jsr $067C
DC/EB1E:	7C2254  	jmp ($5422,X)
DC/EB21:	40      	 
DC/EB22:	1642    	asl $42,X
DC/EB24:	1600    	asl $00,X
DC/EB26:	9C101F  	stz $1F10
DC/EB29:	28      	 
DC/EB2A:	2F587F58	and $587F58
DC/EB2E:	7F547784	adc $847754,X
DC/EB32:	010A    	ora ($0A,X)
DC/EB34:	DEFFC2  	dec $C2FF,X
DC/EB37:	3102    	and ($02),Y
DC/EB39:	3142    	and ($42),Y
DC/EB3B:	7103    	adc ($03),Y
DC/EB3D:	7142    	adc ($42),Y
DC/EB3F:	8007    	bra $EB48
DC/EB41:	8009    	bra $EB4C
DC/EB43:	0531    	ora $31
DC/EB45:	71FF    	adc ($FF),Y
DC/EB47:	71FF    	adc ($FF),Y
DC/EB49:	3181    	and ($81),Y
DC/EB4B:	9D0031  	sta $3100,X
DC/EB4E:	9001    	bcc $EB51
DC/EB50:	0728    	ora [$28]
DC/EB52:	5000    	bvc $EB54
DC/EB54:	90C0    	bcc $EB16
DC/EB56:	9000    	bcc $EB58
DC/EB58:	1080    	bpl $EADA
DC/EB5A:	0309    	ora $09,S
DC/EB5C:	9028    	bcc $EB86
DC/EB5E:	5008    	bvc $EB68
DC/EB60:	3051    	bmi $EBB3
DC/EB62:	7FD1FF11	adc $11FFD1,X
DC/EB66:	88      	dey 
DC/EB67:	0102    	ora ($02,X)
DC/EB69:	D1FF    	cmp ($FF),Y
DC/EB6B:	5185    	eor ($85),Y
DC/EB6D:	FF06BA10	sbc $10BA06,X
DC/EB71:	BA      	tsx 
DC/EB72:	0092    	brk $92
DC/EB74:	0082    	brk $82
DC/EB76:	8001    	bra $EB79
DC/EB78:	0092    	brk $92
DC/EB7A:	800B    	bra $EB87
DC/EB7C:	00AA    	brk $AA
DC/EB7E:	85F3    	sta $F3
DC/EB80:	0792    	ora [$92]
DC/EB82:	9382    	sta ($82,S),Y
DC/EB84:	8382    	sta $82,S
DC/EB86:	8392    	sta $92,S
DC/EB88:	9384    	sta ($84,S),Y
DC/EB8A:	0B      	phd 
DC/EB8B:	1F41214B	ora $4B2141,X
DC/EB8F:	38      	sec 
DC/EB90:	442140  	mvp $21,$40
DC/EB93:	2664    	rol $64
DC/EB95:	22400260	jsr $600240
DC/EB99:	0152    	ora ($52,X)
DC/EB9B:	2328    	and $28,S
DC/EB9D:	EF31FF33	sbc $33FF31
DC/EBA1:	FF02FE02	sbc $02FE02,X
DC/EBA5:	FE22FE  	inc $FE22,X
DC/EBA8:	23FF    	and $FF,S
DC/EBAA:	21FF    	
DC/EBAC:	81F3    	sta ($F3,X)
DC/EBAE:	22C60B46	jsr $460BC6
DC/EBB2:	0444    	tsb $44
DC/EBB4:	0B      	phd 
DC/EBB5:	4608    	lsr $08
DC/EBB7:	4608    	lsr $08
DC/EBB9:	4508    	eor $08
DC/EBBB:	44C5FD  	mvp $C5,$FD
DC/EBBE:	C7FF    	cmp [$FF]
DC/EBC0:	447F40  	mvp $7F,$40
DC/EBC3:	7F447F47	adc $477F44,X
DC/EBC7:	7F457D44	adc $447D45,X
DC/EBCB:	7C807C  	jmp ($7C80,X)
DC/EBCE:	0074    	brk $74
DC/EBD0:	0044    	brk $44
DC/EBD2:	8C0109  	sty $0901
DC/EBD5:	8044    	bra $EC1B
DC/EBD7:	00C4    	brk $C4
DC/EBD9:	6CFF74  	jmp ($74FF)
DC/EBDC:	F744    	sbc [$44],Y
DC/EBDE:	C794    	cmp [$94]
DC/EBE0:	0107    	ora ($07,X)
DC/EBE2:	C4C7    	cpy $C7
DC/EBE4:	8078    	bra $EC5E
DC/EBE6:	825E82  	brl $6E47
DC/EBE9:	469C    	lsr $9C
DC/EBEB:	0103    	ora ($03,X)
DC/EBED:	6A      	ror A
DC/EBEE:	FB      	xce 
DC/EBEF:	5CDF9C1F	jmp $1F9CDF
DC/EBF3:	0744    	ora [$44]
DC/EBF5:	C710    	cmp [$10]
DC/EBF7:	3112    	and ($12),Y
DC/EBF9:	3342    	and ($42,S),Y
DC/EBFB:	2394    	and $94,S
DC/EBFD:	0102    	ora ($02,X)
DC/EBFF:	1233    	ora ($33)
DC/EC01:	6382    	adc $82,S
DC/EC03:	3D84E3  	and $E384,X
DC/EC06:	8C0108  	sty $0801
DC/EC09:	61FF    	adc ($FF,X)
DC/EC0B:	8C0000  	sty $0000
DC/EC0E:	0C009C  	tsb $9C00
DC/EC11:	0080    	
DC/EC13:	DD8C01  	cmp $018C,X
DC/EC16:	8593    	sta $93
DC/EC18:	8DFD8C  	sta $8CFD
DC/EC1B:	010A    	ora ($0A,X)
DC/EC1D:	1448    	trb $48
DC/EC1F:	124C    	ora ($4C)
DC/EC21:	124C    	ora ($4C)
DC/EC23:	104E    	bpl $EC73
DC/EC25:	104E    	bpl $EC75
DC/EC27:	1280    	ora ($80)
DC/EC29:	0101    	ora ($01,X)
DC/EC2B:	114C    	ora ($4C),Y
DC/EC2D:	8DF594  	sta $94F5
DC/EC30:	0112    	ora ($12,X)
DC/EC32:	4E7F89  	lsr $897F
DC/EC35:	C709    	cmp [$09]
DC/EC37:	4708    	eor [$08]
DC/EC39:	478A    	eor [$8A]
DC/EC3B:	4589    	eor $89
DC/EC3D:	440BC6  	mvp $0B,$C6
DC/EC40:	0A      	asl A
DC/EC41:	C608    	dec $08
DC/EC43:	C646    	dec $46
DC/EC45:	82BB8C  	brl $7903
DC/EC48:	0100    	ora ($00,X)
DC/EC4A:	C488    	cpy $88
DC/EC4C:	0110    	ora ($10,X)
DC/EC4E:	206244  	jsr $4462
DC/EC51:	4624    	lsr $24
DC/EC53:	0642    	asl $42
DC/EC55:	2412    	bit $12
DC/EC57:	6404    	stz $04
DC/EC59:	6104    	adc ($04,X)
DC/EC5B:	0192    	ora ($92,X)
DC/EC5D:	6306    	adc $06,S
DC/EC5F:	80F7    	bra $EC58
DC/EC61:	0062    	brk $62
DC/EC63:	88      	dey 
DC/EC64:	0102    	ora ($02,X)
DC/EC66:	03FF    	ora $FF,S
DC/EC68:	0380    	ora $80,S
DC/EC6A:	7F0F2296	adc $96220F,X
DC/EC6E:	3C9222  	bit $2292,X
DC/EC71:	88      	dey 
DC/EC72:	28      	 
DC/EC73:	98      	tya 
DC/EC74:	A410    	ldy $10
DC/EC76:	A01C    	ldy #$1C
DC/EC78:	A41C    	ldy $1C
DC/EC7A:	221886FD	jsr $FD8618
DC/EC7E:	0090    	brk $90
DC/EC80:	8001    	bra $EC83
DC/EC82:	0098    	brk $98
DC/EC84:	88      	dey 
DC/EC85:	0116    	ora ($16,X)
DC/EC87:	9CFF92  	stz $92FF
DC/EC8A:	7694    	ror $94,X
DC/EC8C:	7482    	stz $82,X
DC/EC8E:	70A4    	bvs $EC34
DC/EC90:	5291    	eor ($91)
DC/EC92:	46B0    	lsr $B0
DC/EC94:	66A0    	ror $A0
DC/EC96:	60      	 
DC/EC97:	8966    	bit #$66
DC/EC99:	60      	 
DC/EC9A:	FF62FF66	sbc $66FF62,X
DC/EC9E:	88      	dey 
DC/EC9F:	0100    	ora ($00,X)
DC/ECA1:	40      	 
DC/ECA2:	8001    	bra $ECA5
DC/ECA4:	0D46FF  	ora $FF46
DC/ECA7:	0020    	
DC/ECA9:	40      	 
DC/ECAA:	60      	 
DC/ECAB:	40      	 
DC/ECAC:	60      	 
DC/ECAD:	204020  	jsr $2040
DC/ECB0:	5040    	bvc $ECF2
DC/ECB2:	1082    	bpl $EC36
DC/ECB4:	C303    	cmp $03,S
DC/ECB6:	3060    	bmi $ED18
DC/ECB8:	E020    	cpx #$20
DC/ECBA:	88      	dey 
DC/ECBB:	0101    	ora ($01,X)
DC/ECBD:	30F0    	bmi $ECAF
DC/ECBF:	8401    	sty $01
DC/ECC1:	1210    	ora ($10)
DC/ECC3:	F050    	beq $ED15
DC/ECC5:	CC42CE  	cpy $CE42
DC/ECC8:	10DA    	bpl $ECA4
DC/ECCA:	18      	 
DC/ECCB:	CC4081  	cpy $8140
DC/ECCE:	28      	 
DC/ECCF:	B500    	lda $00,X
DC/ECD1:	7E0000  	ror $0000,X
DC/ECD4:	9E8053  	stz $5380,X
DC/ECD7:	008C    	brk $8C
DC/ECD9:	8B      	phb 
DC/ECDA:	6302    	adc $02,S
DC/ECDC:	C3FF    	cmp $FF,S
DC/ECDE:	7E800F  	ror $0F80,X
DC/ECE1:	0F027142	ora $427102
DC/ECE5:	7182    	adc ($82),Y
DC/ECE7:	3102    	and ($02),Y
DC/ECE9:	F110    	sbc ($10),Y
DC/ECEB:	B010    	bcs $ECFD
DC/ECED:	20003F  	jsr $3F00
DC/ECF0:	0000    	
DC/ECF2:	85F3    	sta $F3
DC/ECF4:	8519    	sta $19
DC/ECF6:	04A0    	tsb $A0
DC/ECF8:	BF203F3F	lda $3F3F20,X
DC/ECFC:	800F    	bra $ED0D
DC/ECFE:	0F215948	ora $485921
DC/ED02:	190590  	ora $9005,Y
DC/ED05:	44DC00  	mvp $DC,$00
DC/ED08:	1601    	asl $01,X
DC/ED0A:	1300    	ora ($00,S),Y
DC/ED0C:	F100    	sbc ($00),Y
DC/ED0E:	0087    	brk $87
DC/ED10:	F500    	sbc $00,X
DC/ED12:	D8      	cld 
DC/ED13:	8099    	bra $ECAE
DC/ED15:	0414    	tsb $14
DC/ED17:	F712    	sbc [$12],Y
DC/ED19:	F3F1    	sbc ($F1,S),Y
DC/ED1B:	800F    	bra $ED2C
DC/ED1D:	87F5    	sta [$F5]
DC/ED1F:	0920    	ora #$20
DC/ED21:	EE88E6  	inc $E688
DC/ED24:	18      	 
DC/ED25:	06B0    	asl $B0
DC/ED27:	1E00F7  	asl $F700,X
DC/ED2A:	800E    	bra $ED3A
DC/ED2C:	81F3    	sta ($F3,X)
DC/ED2E:	00CE    	brk $CE
DC/ED30:	83FF    	sta $FF,S
DC/ED32:	040E    	tsb $0E
DC/ED34:	FF0CFFF7	sbc $F7FF0C,X
DC/ED38:	800F    	bra $ED49
DC/ED3A:	1040    	bpl $ED7C
DC/ED3C:	335B    	and ($5B,S),Y
DC/ED3E:	3040    	bmi $ED80
DC/ED40:	28      	 
DC/ED41:	4D3940  	eor $4039
DC/ED44:	2D4238  	and $3842
DC/ED47:	01F4    	ora ($F4,X)
DC/ED49:	0002    	
DC/ED4B:	2181    	and ($81,X)
DC/ED4D:	F386    	sbc ($86,S),Y
DC/ED4F:	5F0728EF	eor $EF2807,X
DC/ED53:	1CFFF6  	trb $F6FF
DC/ED56:	F703    	sbc [$03],Y
DC/ED58:	0381    	ora $81,S
DC/ED5A:	F383    	sbc ($83,S),Y
DC/ED5C:	F70B    	sbc [$0B],Y
DC/ED5E:	8947    	bit #$47
DC/ED60:	0040    	
DC/ED62:	C0C0    	cpy #$C0
DC/ED64:	807F    	bra $EDE5
DC/ED66:	60      	 
DC/ED67:	B045    	bcs $EDAE
DC/ED69:	7D87F7  	adc $F787,X
DC/ED6C:	09C6    	ora #$C6
DC/ED6E:	FFC0FF00	sbc $00FFC0,X
DC/ED72:	FF3FFF10	sbc $10FF3F,X
DC/ED76:	F081    	beq $ECF9
DC/ED78:	F388    	sbc ($88,S),Y
DC/ED7A:	0107    	ora ($07,X)
DC/ED7C:	0448    	tsb $48
DC/ED7E:	0C5800  	tsb $0058
DC/ED81:	DF000095	cmp $950000,X
DC/ED85:	D704    	cmp [$04],Y
DC/ED87:	4CCF50  	jmp $50CF
DC/ED8A:	DFDF800F	cmp $0F80DF,X
DC/ED8E:	0080    	
DC/ED90:	821518  	brl $05A8
DC/ED93:	8340    	sta $40,S
DC/ED95:	8043    	bra $EDDA
DC/ED97:	C022    	cpy #$22
DC/ED99:	60      	 
DC/ED9A:	3100    	and ($00),Y
DC/ED9C:	F000    	beq $ED9E
DC/ED9E:	0046    	brk $46
DC/EDA0:	C746    	cmp [$46]
DC/EDA2:	C742    	cmp [$42]
DC/EDA4:	C342    	cmp $42,S
DC/EDA6:	C363    	cmp $63,S
DC/EDA8:	E311    	sbc $11,S
DC/EDAA:	F1F0    	sbc ($F0),Y
DC/EDAC:	800F    	bra $EDBD
DC/EDAE:	1010    	bpl $EDC0
DC/EDB0:	3140    	and ($40),Y
DC/EDB2:	7146    	adc ($46),Y
DC/EDB4:	7030    	bvs $EDE6
DC/EDB6:	4620    	lsr $20
DC/EDB8:	22008C10	jsr $108C00
DC/EDBC:	F8      	sed 
DC/EDBD:	0070    	brk $70
DC/EDBF:	6383    	adc $83,S
DC/EDC1:	F300    	sbc ($00,S),Y
DC/EDC3:	22818307	jsr $078381
DC/EDC7:	06FE    	asl $FE
DC/EDC9:	04FC    	tsb $FC
DC/EDCB:	88      	dey 
DC/EDCC:	F8      	sed 
DC/EDCD:	7070    	bvs $EE3F
DC/EDCF:	99F900  	sta $00F9,Y
DC/EDD2:	9188    	sta ($88),Y
DC/EDD4:	0100    	ora ($00,X)
DC/EDD6:	9095    	bcc $ED6D
DC/EDD8:	F701    	sbc [$01],Y
DC/EDDA:	91F1    	sta ($F1),Y
DC/EDDC:	8401    	sty $01
DC/EDDE:	1290    	ora ($90)
DC/EDE0:	F011    	beq $EDF3
DC/EDE2:	4C134C  	jmp $4C13
DC/EDE5:	124D    	ora ($4D)
DC/EDE7:	104F    	bpl $EE38
DC/EDE9:	5D8384  	eor $8483,X
DC/EDEC:	0200    	cop $00
DC/EDEE:	FF00004E	sbc $4E0000,X
DC/EDF2:	81F3    	sta ($F3,X)
DC/EDF4:	8401    	sty $01
DC/EDF6:	00CE    	brk $CE
DC/EDF8:	81BD    	sta ($BD,X)
DC/EDFA:	00FF    	
DC/EDFC:	800F    	bra $EE0D
DC/EDFE:	0B      	phd 
DC/EDFF:	0A      	asl A
DC/EE00:	C40A    	cpy $0A
DC/EE02:	C40C    	cpy $0C
DC/EE04:	C008    	cpy #$08
DC/EE06:	C04C    	cpy #$4C
DC/EE08:	8444    	sty $44
DC/EE0A:	8484    	sty $84
DC/EE0C:	1F8DF500	ora $00F58D,X
DC/EE10:	C480    	cpy $80
DC/EE12:	BF008088	lda $888000,X
DC/EE16:	1F0B02F3	ora $F3020B,X
DC/EE1A:	90F3    	bcc $EE0F
DC/EE1C:	0063    	brk $63
DC/EE1E:	1360    	ora ($60,S),Y
DC/EE20:	8070    	bra $EE92
DC/EE22:	8020    	bra $EE44
DC/EE24:	841F    	sty $1F
DC/EE26:	0061    	brk $61
DC/EE28:	81F3    	sta ($F3,X)
DC/EE2A:	00F1    	brk $F1
DC/EE2C:	88      	dey 
DC/EE2D:	0100    	ora ($00,X)
DC/EE2F:	60      	 
DC/EE30:	88      	dey 
DC/EE31:	1F1C2016	ora $16201C,X
DC/EE35:	22162114	jsr $142116
DC/EE39:	201331  	jsr $3113
DC/EE3C:	0F988E00	ora $008E98
DC/EE40:	FD0000  	sbc $0000,X
DC/EE43:	94F7    	sty $F7,X
DC/EE45:	94F7    	sty $F7,X
DC/EE47:	96F7    	stx $F7,Y
DC/EE49:	92F3    	sta ($F3)
DC/EE4B:	9EFF07  	stz $07FF,X
DC/EE4E:	FFFD800F	sbc $0F80FD,X
DC/EE52:	0B      	phd 
DC/EE53:	A04F    	ldy #$4F
DC/EE55:	A94F    	lda #$4F
DC/EE57:	8046    	bra $EE9F
DC/EE59:	8146    	sta ($46,X)
DC/EE5B:	C8      	iny 
DC/EE5C:	470C    	eor [$0C]
DC/EE5E:	4684    	lsr $84
DC/EE60:	3F004681	and $814600,X
DC/EE64:	F300    	sbc ($00,S),Y
DC/EE66:	4F800102	eor $020180
DC/EE6A:	0FFF028C	ora $8C02FF
DC/EE6E:	3F0C3000	and $00300C,X
DC/EE72:	38      	sec 
DC/EE73:	3008    	bmi $EE7D
DC/EE75:	200808  	jsr $0808
DC/EE78:	0418    	tsb $18
DC/EE7A:	0C00FC  	tsb $FC00
DC/EE7D:	80EF    	bra $EE6E
DC/EE7F:	02F0    	cop $F0
DC/EE81:	18      	 
DC/EE82:	F8      	sed 
DC/EE83:	8401    	sty $01
DC/EE85:	001C    	brk $1C
DC/EE87:	82C700  	brl $EF51
DC/EE8A:	FC800F  	jsr ($0F80,X)
DC/EE8D:	123C    	ora ($3C)
DC/EE8F:	4262    	wdm $62
DC/EE91:	A5DD    	lda $DD
DC/EE93:	66B1    	ror $B1
DC/EE95:	10B1    	bpl $EE48
DC/EE97:	10DD    	bpl $EE76
DC/EE99:	6662    	ror $62
DC/EE9B:	A53C    	lda $3C
DC/EE9D:	427E    	wdm $7E
DC/EE9F:	00E7    	brk $E7
DC/EEA1:	8046    	bra $EEE9
DC/EEA3:	00B1    	brk $B1
DC/EEA5:	8001    	bra $EEA8
DC/EEA7:	00FF    	
DC/EEA9:	8009    	bra $EEB4
DC/EEAB:	167E    	asl $7E,X
DC/EEAD:	001E    	
DC/EEAF:	223C4471	jsr $71443C
DC/EEB3:	493A    	eor #$3A
DC/EEB5:	270D    	and [$0D]
DC/EEB7:	0247    	cop $47
DC/EEB9:	88      	dey 
DC/EEBA:	CE33B4  	dec $B433
DC/EEBD:	CC3E00  	cpy $003E
DC/EEC0:	7C0079  	jmp ($7900,X)
DC/EEC3:	820802  	brl $F0CE
DC/EEC6:	0F00CF80	ora $80CF00
DC/EECA:	2112    	and ($12,X)
DC/EECC:	FC005D  	jsr ($5D00,X)
DC/EECF:	63F7    	adc $F7,S
DC/EED1:	88      	dey 
DC/EED2:	D734    	cmp [$34],Y
DC/EED4:	A162    	lda ($62,X)
DC/EED6:	8340    	sta $40,S
DC/EED8:	AA      	tax 
DC/EED9:	6DC53B  	adc $3BC5
DC/EEDC:	3FC07F80	and $807FC0,X
DC/EEE0:	1506    	ora $06,X
DC/EEE2:	F700    	sbc [$00],Y
DC/EEE4:	E300    	sbc $00,S
DC/EEE6:	C300    	cmp $00,S
DC/EEE8:	EF800914	sbc $140980
DC/EEEC:	FF003B4A	sbc $4A3B00,X
DC/EEF0:	A1D2    	lda ($D2,X)
DC/EEF2:	21D2    	and ($D2,X)
DC/EEF4:	7192    	adc ($92),Y
DC/EEF6:	7390    	adc ($90,S),Y
DC/EEF8:	E794    	sbc [$94]
DC/EEFA:	3E415D  	rol $5D41,X
DC/EEFD:	627B00  	per $EF7B
DC/EF00:	F390    	sbc ($90,S),Y
DC/EF02:	0102    	ora ($02,X)
DC/EF04:	F700    	sbc [$00],Y
DC/EF06:	7F800110	adc $100180,X
DC/EF0A:	8C0498  	sty $9804
DC/EF0D:	041E    	tsb $1E
DC/EF0F:	A27C    	ldx #$7C
DC/EF11:	C22F    	rep #$2F
DC/EF13:	C966A1  	cmp #$A166
DC/EF16:	C704    	cmp [$04]
DC/EF18:	8102    	sta ($02,X)
DC/EF1A:	8C836C  	sty $6C83
DC/EF1D:	02BE    	cop $BE
DC/EF1F:	00FE    	brk $FE
DC/EF21:	801D    	bra $EF40
DC/EF23:	02DF    	cop $DF
DC/EF25:	00FB    	brk $FB
DC/EF27:	803F    	bra $EF68
DC/EF29:	0F3D4326	ora $26433D
DC/EF2D:	59B3D0  	eor $D0B3,Y
DC/EF30:	F695    	inc $95,X
DC/EF32:	FF81FC82	sbc $82FC81,X
DC/EF36:	6789    	adc [$89]
DC/EF38:	C225    	rep #$25
DC/EF3A:	8433    	sty $33
DC/EF3C:	843B    	sty $3B
DC/EF3E:	00FF    	
DC/EF40:	8023    	bra $EF65
DC/EF42:	00EF    	
DC/EF44:	80A1    	bra $EEE7
DC/EF46:	0F3F40BE	ora $BE403F
DC/EF4A:	C1B0    	cmp ($B0,X)
DC/EF4C:	D0FE    	bne $EF4C
DC/EF4E:	80FC    	bra $EF4C
DC/EF50:	826080  	brl $6FB3
DC/EF53:	7F817C82	adc $827C81,X
DC/EF57:	847F    	sty $7F
DC/EF59:	00F0    	brk $F0
DC/EF5B:	801B    	bra $EF78
DC/EF5D:	02FE    	cop $FE
DC/EF5F:	00E0    	
DC/EF61:	88      	dey 
DC/EF62:	23F4    	and $F4,S
DC/EF64:	BF035C62	lda $625C03,X
DC/EF68:	F689    	inc $89,X
DC/EF6A:	94BF    	sty $BF,X
DC/EF6C:	04CD    	tsb $CD
DC/EF6E:	3334    	and ($34,S),Y
DC/EF70:	CC7EA8  	cpy $A87E
DC/EF73:	BF10FC00	lda $00FC10,X
DC/EF77:	7F403E41	adc $413E40,X
DC/EF7B:	A0D0    	
DC/EF7D:	FC82FC  	jsr ($FC82,X)
DC/EF80:	8070    	bra $EFF2
DC/EF82:	9070    	bcc $EFF4
DC/EF84:	90E0    	bcc $EF66
DC/EF86:	88      	dey 
DC/EF87:	B384    	lda ($84,S),Y
DC/EF89:	5F00FC80	eor $80FC00,X
DC/EF8D:	0500    	ora $00
DC/EF8F:	F084    	beq $EF15
DC/EF91:	630E    	adc $0E,S
DC/EF93:	807E    	bra $F013
DC/EF95:	8114    	sta ($14,X)
DC/EF97:	2C1028  	bit $2810
DC/EF9A:	58      	cli 
DC/EF9B:	68      	pla 
DC/EF9C:	78      	sei 
DC/EF9D:	48      	pha 
DC/EF9E:	3040    	bmi $EFE0
DC/EFA0:	3040    	bmi $EFE2
DC/EFA2:	84F3    	sty $F3
DC/EFA4:	043C    	tsb $3C
DC/EFA6:	0038    	brk $38
DC/EFA8:	0078    	brk $78
DC/EFAA:	8001    	bra $EFAD
DC/EFAC:	0070    	brk $70
DC/EFAE:	8001    	bra $EFB1
DC/EFB0:	1613    	asl $13,X
DC/EFB2:	2A      	rol A
DC/EFB3:	3A      	
DC/EFB4:	491B29  	eor #$291B
DC/EFB7:	1221    	ora ($21)
DC/EFB9:	1322    	ora ($22,S),Y
DC/EFBB:	40      	 
DC/EFBC:	7060    	bvs $F01E
DC/EFBE:	5071    	bvc $F031
DC/EFC0:	513B    	eor ($3B),Y
DC/EFC2:	007B    	brk $7B
DC/EFC4:	003B    	brk $3B
DC/EFC6:	0033    	brk $33
DC/EFC8:	8001    	bra $EFCB
DC/EFCA:	841D    	sty $1D
DC/EFCC:	1171    	ora ($71),Y
DC/EFCE:	00CF    	brk $CF
DC/EFD0:	28      	 
DC/EFD1:	BA      	tsx 
DC/EFD2:	D77D    	cmp [$7D],Y
DC/EFD4:	55BA    	eor $BA,X
DC/EFD6:	D7DF    	cmp [$DF],Y
DC/EFD8:	38      	sec 
DC/EFD9:	C3A2    	cmp $A2,S
DC/EFDB:	20E3C7  	jsr $C7E3
DC/EFDE:	4584    	eor $84
DC/EFE0:	7500    	adc $00,X
DC/EFE2:	7D8939  	adc $3989,X
DC/EFE5:	00E3    	brk $E3
DC/EFE7:	8001    	bra $EFEA
DC/EFE9:	12C7    	ora ($C7)
DC/EFEB:	000C    	brk $0C
DC/EFED:	92FE    	sta ($FE)
DC/EFEF:	6DC645  	adc $45C6
DC/EFF2:	C54B    	cmp $4B
DC/EFF4:	47C5    	eor [$C5]
DC/EFF6:	16B5    	asl $B5,X
DC/EFF8:	AB      	plb 
DC/EFF9:	9D3C22  	sta $223C,X
DC/EFFC:	9E8019  	stz $1980,X
DC/EFFF:	00C7    	brk $C7
DC/F001:	80BB    	bra $EFBE
DC/F003:	0CC700  	tsb $00C7
DC/F006:	B700    	lda [$00],Y
DC/F008:	BF003E00	lda $003E00,X
DC/F00C:	3000    	bmi $F00E
DC/F00E:	3020    	bmi $F030
DC/F010:	208366  	jsr $6683
DC/F013:	9400    	sty $00,X
DC/F015:	800F    	bra $F026
DC/F017:	0000    	
DC/F019:	A40F    	ldy $0F
DC/F01B:	0500    	ora $00
DC/F01D:	0008    	brk $08
DC/F01F:	1008    	bpl $F029
DC/F021:	1084    	bpl $EFA7
DC/F023:	0703    	ora [$03]
DC/F025:	18      	 
DC/F026:	08      	 
DC/F027:	18      	 
DC/F028:	08      	 
DC/F029:	88      	dey 
DC/F02A:	0780    	ora [$80]
DC/F02C:	019C    	ora ($9C,X)
DC/F02E:	0726    	ora [$26]
DC/F030:	625DCC  	per $BC90
DC/F033:	33D8    	and ($D8,S),Y
DC/F035:	A732    	lda [$32]
DC/F037:	CD956A  	cmp $6A95
DC/F03A:	205FE9  	jsr $E95F
DC/F03D:	8010    	bra $F04F
DC/F03F:	3098    	bmi $EFD9
DC/F041:	FD9BA5  	sbc $A59B,X
DC/F044:	1000    	bpl $F046
DC/F046:	FF26D948	sbc $48D926,X
DC/F04A:	B733    	lda [$33],Y
DC/F04C:	CC639C  	cpy $9C63
DC/F04F:	CE31B4  	dec $B431
DC/F052:	4B      	phk 
DC/F053:	00FF    	
DC/F055:	44CA04  	mvp $CA,$04
DC/F058:	9366    	sta ($66,S),Y
DC/F05A:	15E5    	ora $E5,X
DC/F05C:	1A      	inc A
DC/F05D:	D3EC    	cmp ($EC,S),Y
DC/F05F:	C679    	dec $79
DC/F061:	4EF15D  	lsr $5DF1
DC/F064:	E25D    	sep #$5D
DC/F066:	E2C4    	sep #$C4
DC/F068:	7B      	tdc 
DC/F069:	50EF    	bvc $F05A
DC/F06B:	C0E0    	cpy #$E0
DC/F06D:	00E0    	
DC/F06F:	80E0    	bra $F051
DC/F071:	84C5    	sty $C5
DC/F073:	0060    	brk $60
DC/F075:	80A9    	bra $F020
DC/F077:	8005    	bra $F07E
DC/F079:	0F4CB31B	ora $1BB34C
DC/F07D:	E480    	cpx $80
DC/F07F:	40      	 
DC/F080:	BF3F7F80	lda $807F3F,X
DC/F084:	05FA    	ora $FA
DC/F086:	0B      	phd 
DC/F087:	F42ED1  	pea $D12E
DC/F08A:	88      	dey 
DC/F08B:	3400    	bit $00,X
DC/F08D:	40      	 
DC/F08E:	8424    	sty $24
DC/F090:	007F    	brk $7F
DC/F092:	86B9    	stx $B9
DC/F094:	88      	dey 
DC/F095:	000F    	brk $0F
DC/F097:	AC501E  	ldy $1E50
DC/F09A:	E232    	sep #$32
DC/F09C:	CC609C  	cpy $9C60
DC/F09F:	C23E    	rep #$3E
DC/F0A1:	B24C    	lda ($4C)
DC/F0A3:	F00C    	beq $F0B1
DC/F0A5:	C03C89  	cpy #$893C
DC/F0A8:	F389    	sbc ($89,S),Y
DC/F0AA:	0A      	asl A
DC/F0AB:	98      	tya 
DC/F0AC:	050B    	ora $0B
DC/F0AE:	0202    	cop $02
DC/F0B0:	738C    	adc ($8C,S),Y
DC/F0B2:	08      	 
DC/F0B3:	F611    	inc $11,X
DC/F0B5:	AD1CA0  	lda $A01C
DC/F0B8:	101C    	bpl $F0D6
DC/F0BA:	98      	tya 
DC/F0BB:	2F082121	and $212108
DC/F0BF:	0101    	ora ($01,X)
DC/F0C1:	62630A  	per $FB27
DC/F0C4:	BE04A0  	ldx $A004,Y
DC/F0C7:	0F09940B	ora $0B9409
DC/F0CB:	919E    	sta ($9E),Y
DC/F0CD:	0B      	phd 
DC/F0CE:	141D    	trb $1D
DC/F0D0:	0209    	cop $09
DC/F0D2:	0598    	ora $98
DC/F0D4:	0F0840D0	ora $D04008
DC/F0D8:	0090    	brk $90
DC/F0DA:	08      	 
DC/F0DB:	18      	 
DC/F0DC:	141C    	trb $1C
DC/F0DE:	0A      	asl A
DC/F0DF:	A2DF08  	ldx #$08DF
DC/F0E2:	708F    	bvs $F073
DC/F0E4:	D12F    	cmp ($2F),Y
DC/F0E6:	A25C03  	ldx #$035C
DC/F0E9:	FD92AC  	sbc $AC92,X
DC/F0EC:	7F000181	adc $810100,X
DC/F0F0:	1A      	inc A
DC/F0F1:	8179    	sta ($79,X)
DC/F0F3:	0108    	ora ($08,X)
DC/F0F5:	FEA1C9  	inc $C9A1,X
DC/F0F8:	0D00A4  	ora $A400
DC/F0FB:	5B      	tcd 
DC/F0FC:	58      	cli 
DC/F0FD:	A783    	lda [$83]
DC/F0FF:	7C47B8  	jmp ($B847,X)
DC/F102:	9C6331  	stz $3163
DC/F105:	CE18B4  	dec $B418
DC/F108:	3FA8DF0F	and $0FDFA8,X
DC/F10C:	4503    	eor $03
DC/F10E:	35CA    	and $CA,X
DC/F110:	EC12F8  	cpx $F812
DC/F113:	0740    	ora [$40]
DC/F115:	BFA85601	lda $0156A8,X
DC/F119:	FE4503  	inc $0345,X
DC/F11C:	801F    	bra $F13D
DC/F11E:	9041    	bcc $F161
DC/F120:	8707    	sta [$07]
DC/F122:	88      	dey 
DC/F123:	0113    	ora ($13,X)
DC/F125:	FF3C4262	sbc $62423C,X
DC/F129:	A5DD    	lda $DD
DC/F12B:	66B1    	ror $B1
DC/F12D:	10B1    	bpl $F0E0
DC/F12F:	10DD    	bpl $F10E
DC/F131:	6662    	ror $62
DC/F133:	A53C    	lda $3C
DC/F135:	427E    	wdm $7E
DC/F137:	00E7    	brk $E7
DC/F139:	8022    	bra $F15D
DC/F13B:	00B1    	brk $B1
DC/F13D:	8001    	bra $F140
DC/F13F:	00FF    	
DC/F141:	8009    	bra $F14C
DC/F143:	177E    	ora [$7E],Y
DC/F145:	001E    	
DC/F147:	223C4471	jsr $71443C
DC/F14B:	493A27  	eor #$273A
DC/F14E:	0D0247  	ora $4702
DC/F151:	88      	dey 
DC/F152:	CE33B4  	dec $B433
DC/F155:	CC3E00  	cpy $003E
DC/F158:	7C0079  	jmp ($7900,X)
DC/F15B:	008E    	brk $8E
DC/F15D:	FE00CF  	inc $CF00,X
DC/F160:	971F    	sta [$1F],Y
DC/F162:	035D    	ora $5D,S
DC/F164:	63F7    	adc $F7,S
DC/F166:	88      	dey 
DC/F167:	AF3F04C5	lda $C5043F
DC/F16B:	3B      	 
DC/F16C:	3FC07FD7	and $D77FC0,X
DC/F170:	3F14FF00	and $00FF14,X
DC/F174:	3B      	 
DC/F175:	4A      	lsr A
DC/F176:	A1D2    	lda ($D2,X)
DC/F178:	21D2    	and ($D2,X)
DC/F17A:	7192    	adc ($92),Y
DC/F17C:	7390    	adc ($90,S),Y
DC/F17E:	E794    	sbc [$94]
DC/F180:	3E415D  	rol $5D41,X
DC/F183:	627B00  	per $F201
DC/F186:	F3A0    	sbc ($A0,S),Y
DC/F188:	0100    	ora ($00,X)
DC/F18A:	F795    	sbc [$95],Y
DC/F18C:	6B      	 
DC/F18D:	148C    	trb $8C
DC/F18F:	0498    	tsb $98
DC/F191:	041E    	tsb $1E
DC/F193:	A27CC2  	ldx #$C27C
DC/F196:	2FC966A1	and $A166C9
DC/F19A:	C704    	cmp [$04]
DC/F19C:	8102    	sta ($02,X)
DC/F19E:	8C009C  	sty $9C00
DC/F1A1:	00BE    	brk $BE
DC/F1A3:	857F    	sta $7F
DC/F1A5:	04F7    	tsb $F7
DC/F1A7:	00DF    	brk $DF
DC/F1A9:	00FB    	brk $FB
DC/F1AB:	803F    	bra $F1EC
DC/F1AD:	0F3D4326	ora $26433D
DC/F1B1:	59B3D0  	eor $D0B3,Y
DC/F1B4:	F695    	inc $95,X
DC/F1B6:	FF81FC82	sbc $82FC81,X
DC/F1BA:	6789    	adc [$89]
DC/F1BC:	C225    	rep #$25
DC/F1BE:	88      	dey 
DC/F1BF:	3388    	and ($88,S),Y
DC/F1C1:	3B      	 
DC/F1C2:	8720    	sta [$20]
DC/F1C4:	8061    	bra $F227
DC/F1C6:	11E7    	ora ($E7),Y
DC/F1C8:	003F    	
DC/F1CA:	40      	 
DC/F1CB:	BEC1B0  	ldx $B0C1,Y
DC/F1CE:	D0FE    	bne $F1CE
DC/F1D0:	80FC    	bra $F1CE
DC/F1D2:	826080  	brl $7235
DC/F1D5:	7F817C82	adc $827C81,X
DC/F1D9:	88      	dey 
DC/F1DA:	7F8DBF00	adc $00BF8D,X
DC/F1DE:	FE81BE  	inc $BE81,X
DC/F1E1:	88      	dey 
DC/F1E2:	230F    	and $0F,S
DC/F1E4:	FF807E81	sbc $817E80,X
DC/F1E8:	142C    	trb $2C
DC/F1EA:	1028    	bpl $F214
DC/F1EC:	58      	cli 
DC/F1ED:	68      	pla 
DC/F1EE:	78      	sei 
DC/F1EF:	48      	pha 
DC/F1F0:	3040    	bmi $F232
DC/F1F2:	3040    	bmi $F234
DC/F1F4:	88      	dey 
DC/F1F5:	9304    	sta ($04,S),Y
DC/F1F7:	3C0038  	bit $3800,X
DC/F1FA:	0078    	brk $78
DC/F1FC:	8001    	bra $F1FF
DC/F1FE:	0070    	brk $70
DC/F200:	8001    	bra $F203
DC/F202:	63BC    	adc $BC,S
DC/F204:	25BA    	and $BA
DC/F206:	60      	 
DC/F207:	BF2FF021	lda $21F02F,X
DC/F20B:	E110    	sbc ($10,X)
DC/F20D:	801F    	bra $F22E
DC/F20F:	0050    	brk $50
DC/F211:	8003    	bra $F216
DC/F213:	88      	dey 
DC/F214:	0116    	ora ($16,X)
DC/F216:	1F7F88FF	ora $FF887F,X
DC/F21A:	31AE    	and ($AE),Y
DC/F21C:	74EB    	stz $EB,X
DC/F21E:	038C    	ora $8C,S
DC/F220:	01FE    	ora ($FE,X)
DC/F222:	32CD    	and ($CD)
DC/F224:	00FF    	
DC/F226:	FF004EDF	sbc $DF4E00,X
DC/F22A:	40      	 
DC/F22B:	7000    	bvs $F22D
DC/F22D:	A21580  	ldx #$8015
DC/F230:	A28084  	ldx #$8480
DC/F233:	1B      	tcs 
DC/F234:	09C604  	ora #$04C6
DC/F237:	CB      	wai 
DC/F238:	4380    	eor $80,S
DC/F23A:	03C3    	ora $C3,S
DC/F23C:	48      	pha 
DC/F23D:	C740    	cmp [$40]
DC/F23F:	C705    	cmp [$05]
DC/F241:	0020    	
DC/F243:	0000    	
DC/F245:	FFFF008A	sbc $8A00FF,X
DC/F249:	0002    	
DC/F24B:	0080    	
DC/F24D:	0081    	brk $81
DC/F24F:	0008    	brk $08
DC/F251:	8000    	bra $F253
DC/F253:	8080    	bra $F1D5
DC/F255:	E6E6    	inc $E6
DC/F257:	FFFEFF82	sbc $82FFFE,X
DC/F25B:	0D9800  	ora $0098
DC/F25E:	8133    	sta ($33,X)
DC/F260:	053D    	ora $3D
DC/F262:	3D3E3E  	and $3E3E,X
DC/F265:	4C4C87  	jmp $874C
DC/F268:	0F09FEFE	ora $FEFE09
DC/F26C:	7F7F7E7E	adc $7E7E7F,X
DC/F270:	FCFC6C  	jsr ($6CFC,X)
DC/F273:	6C9D3D  	jmp ($3D9D)
DC/F276:	832F    	sta $2F,S
DC/F278:	FF009700	sbc $009700,X
DC/F27C:	0F00C0C0	ora $C0C000
DC/F280:	F0F0    	beq $F272
DC/F282:	F8      	sed 
DC/F283:	E0F0C0  	cpx #$C0F0
DC/F286:	E0E0F0  	cpx #$F0E0
DC/F289:	90E0    	bcc $F26B
DC/F28B:	0080    	
DC/F28D:	9FD1AB00	sta $00ABD1,X
DC/F291:	FFE19B00	sbc $009BE1,X
DC/F295:	08      	 
DC/F296:	80CE    	bra $F266
DC/F298:	CEFF8E  	dec $8EFF
DC/F29B:	DF0F9F9F	cmp $9F9F0F,X
DC/F29F:	840F    	sty $0F
DC/F2A1:	82B409  	brl $FC58
DC/F2A4:	7034    	bvs $F2DA
DC/F2A6:	F8      	sed 
DC/F2A7:	F8      	sed 
DC/F2A8:	FCF8FC  	jsr ($FCF8,X)
DC/F2AB:	F1FA    	sbc ($FA),Y
DC/F2AD:	F283    	sbc ($83)
DC/F2AF:	0FFFFFF6	ora $F6FFFF
DC/F2B3:	000F    	brk $0F
DC/F2B5:	30C0    	bmi $F277
DC/F2B7:	CCF0D4  	cpy $D4F0
DC/F2BA:	E8      	inx 
DC/F2BB:	E8      	inx 
DC/F2BC:	F0A0    	beq $F25E
DC/F2BE:	F018    	beq $F2D8
DC/F2C0:	E0B408  	cpx #$08B4
DC/F2C3:	6C80FF  	jmp ($FF80)
DC/F2C6:	FF8B000E	sbc $0E008B,X
DC/F2CA:	C7FF    	cmp [$FF]
DC/F2CC:	B7CF    	lda [$CF],Y
DC/F2CE:	4B      	phk 
DC/F2CF:	8745    	sta [$45]
DC/F2D1:	83AB    	sta $AB,S
DC/F2D3:	C7D5    	cmp [$D5]
DC/F2D5:	EFEAFDFD	sbc $FDFDEA
DC/F2D9:	A2332B  	ldx #$2B33
DC/F2DC:	FEFFFC  	inc $FCFF,X
DC/F2DF:	FEFEFF  	inc $FFFE,X
DC/F2E2:	A7FF    	lda [$FF]
DC/F2E4:	5B      	tcd 
DC/F2E5:	AFB011F4	lda $F411B0
DC/F2E9:	FF6BF4AD	sbc $ADF46B,X
DC/F2ED:	7156    	adc ($56),Y
DC/F2EF:	3E9C78  	rol $789C,X
DC/F2F2:	68      	pla 
DC/F2F3:	F0E9    	beq $F2DE
DC/F2F5:	F0E5    	beq $F2DC
DC/F2F7:	F8      	sed 
DC/F2F8:	9C7F6D  	stz $6D7F
DC/F2FB:	7ED2BC  	ror $BCD2,X
DC/F2FE:	2C10D0  	bit $D010
DC/F301:	208870  	jsr $7088
DC/F304:	50E0    	bvc $F2E6
DC/F306:	68      	pla 
DC/F307:	F0AD    	beq $F2B6
DC/F309:	EFEDFF91	sbc $91FFED
DC/F30D:	000B    	brk $0B
DC/F30F:	FB      	xce 
DC/F310:	FFF5FBE9	sbc $E9FBF5,X
DC/F314:	F3D5    	sbc ($D5,S),Y
DC/F316:	FB      	xce 
DC/F317:	AA      	tax 
DC/F318:	DDDAFD  	cmp $FDDA,X
DC/F31B:	8D1B0A  	sta $0A1B
DC/F31E:	E120    	sbc ($20,X)
DC/F320:	40      	 
DC/F321:	C0A2C1  	cpy #$C1A2
DC/F324:	5583    	eor $83,X
DC/F326:	A8      	tay 
DC/F327:	D7D7    	cmp [$D7],Y
DC/F329:	923B    	sta ($3B)
DC/F32B:	08      	 
DC/F32C:	B578    	lda $78,X
DC/F32E:	62FDCC  	per $C02E
DC/F331:	FFAFDFDF	sbc $DFDFAF,X
DC/F335:	840F    	sty $0F
DC/F337:	08      	 
DC/F338:	0C0095  	tsb $9500
DC/F33B:	08      	 
DC/F33C:	AA      	tax 
DC/F33D:	1D558B  	ora $8B55,X
DC/F340:	AA      	tax 
DC/F341:	8011    	bra $F354
DC/F343:	23FD    	and $FD,S
DC/F345:	FEF8FF  	inc $FFF8,X
DC/F348:	0100    	ora ($00,X)
DC/F34A:	82018D  	brl $804E
DC/F34D:	0052    	brk $52
DC/F34F:	8DA907  	sta $07A9
DC/F352:	5B      	tcd 
DC/F353:	A7A3    	lda [$A3]
DC/F355:	7FF9FF80	adc $80FFF9,X
DC/F359:	0046    	brk $46
DC/F35B:	8029    	bra $F386
DC/F35D:	C6D6    	dec $D6
DC/F35F:	EFE9F6F2	sbc $F2F6E9
DC/F363:	F8      	sed 
DC/F364:	E8      	inx 
DC/F365:	F0D8    	beq $F33F
DC/F367:	E0EDFF  	cpx #$FFED
DC/F36A:	0A      	asl A
DC/F36B:	FDFFFA  	sbc $FAFF,X
DC/F36E:	FDF4F9  	sbc $F9F4,X
DC/F371:	F5F8    	sbc $F8,X
DC/F373:	F6F9    	inc $F9,X
DC/F375:	FB      	xce 
DC/F376:	820F0E  	brl $0188
DC/F379:	A5DB    	lda $DB
DC/F37B:	32C1    	and ($C1)
DC/F37D:	C8      	iny 
DC/F37E:	F153    	sbc ($53),Y
DC/F380:	E1A3    	sbc ($A3,X)
DC/F382:	C1A5    	cmp ($A5,X)
DC/F384:	C3DA    	cmp $DA,S
DC/F386:	E5E4    	sbc $E4
DC/F388:	DD7E10  	cmp $107E,X
DC/F38B:	FFD4E8CA	sbc $CAE8D4,X
DC/F38F:	FC84F8  	jsr ($F884,X)
DC/F392:	B6F8    	ldx $F8,Y
DC/F394:	FDFEF5  	sbc $F5FE,X
DC/F397:	FE2AF4  	inc $F42A,X
DC/F39A:	D420    	pei ($20)
DC/F39C:	CFFF0DDF	cmp $DF0DFF
DC/F3A0:	FFAFDF57	sbc $57DFAF,X
DC/F3A4:	8F6E9FBA	sta $BA9F6E
DC/F3A8:	FDE4F3  	sbc $F3E4,X
DC/F3AB:	D3E0    	cmp ($E0,S),Y
DC/F3AD:	C5B7    	cmp $B7
DC/F3AF:	07BF    	ora [$BF]
DC/F3B1:	FF57BFAB	sbc $ABBF57,X
DC/F3B5:	1755    	ora [$55],Y
DC/F3B7:	BF911B2A	lda $2A1B91,X
DC/F3BB:	E9FF93  	sbc #$93FF
DC/F3BE:	E96282  	sbc #$8262
DC/F3C1:	BE045D  	ldx $5D04,Y
DC/F3C4:	BA      	tsx 
DC/F3C5:	B2FF    	lda ($FF)
DC/F3C7:	EFFFD7EF	sbc $EFD7FF
DC/F3CB:	8B      	phb 
DC/F3CC:	E76F    	sbc [$6F]
DC/F3CE:	9F2E1F2D	sta $2D1F2E,X
DC/F3D2:	1EDA3C  	asl $3CDA,X
DC/F3D5:	AC1FF4  	ldy $F41F
DC/F3D8:	FB      	xce 
DC/F3D9:	F9FEE6  	sbc $E6FE,Y
DC/F3DC:	F8      	sed 
DC/F3DD:	D8      	cld 
DC/F3DE:	E068F0  	cpx #$F068
DC/F3E1:	98      	tya 
DC/F3E2:	60      	 
DC/F3E3:	60      	 
DC/F3E4:	0080    	
DC/F3E6:	8DEE8E  	sta $8EEE
DC/F3E9:	00AD    	brk $AD
DC/F3EB:	971D    	sta [$1D],Y
DC/F3ED:	C7FF    	cmp [$FF]
DC/F3EF:	BFC74E86	lda $864EC7,X
DC/F3F3:	4C8C18  	jmp $188C
DC/F3F6:	98      	tya 
DC/F3F7:	7EB0E9  	ror $E9B0,X
DC/F3FA:	F7D6    	sbc [$D6],Y
DC/F3FC:	EF828101	sbc $018182
DC/F400:	0001    	
DC/F402:	0106    	ora ($06,X)
DC/F404:	0718    	ora [$18]
DC/F406:	1C6070  	trb $7060
DC/F409:	80C0    	bra $F3CB
DC/F40B:	814F    	sta ($4F,X)
DC/F40D:	0DC7FF  	ora $FFC7
DC/F410:	AB      	plb 
DC/F411:	D757    	cmp [$57],Y
DC/F413:	3F9F7F4F	and $4F7F9F,X
DC/F417:	3EEF1F  	rol $1FEF,X
DC/F41A:	1A      	inc A
DC/F41B:	3C8133  	bit $3381,X
DC/F41E:	0B      	phd 
DC/F41F:	DFFFAFDF	cmp $DFAFFF,X
DC/F423:	178F    	ora [$8F],Y
DC/F425:	3F1FF4EF	and $EFF41F,X
DC/F429:	0B      	phd 
DC/F42A:	058D    	ora $8D
DC/F42C:	4F00DC80	eor $80DC00
DC/F430:	1B      	tcs 
DC/F431:	1B      	tcs 
DC/F432:	8FFFBDFF	sta $FFBDFF
DC/F436:	FA      	plx 
DC/F437:	E5E5    	sbc $E5
DC/F439:	C092E1  	cpy #$E192
DC/F43C:	62801A  	per $0EBF
DC/F43F:	FDADDE  	sbc $DEAD,X
DC/F442:	B2CC    	lda ($CC)
DC/F444:	4986BA  	eor #$BA86
DC/F447:	C757    	cmp [$57]
DC/F449:	E39E    	sbc $9E,S
DC/F44B:	7DE5E3  	adc $E3E5,X
DC/F44E:	8D2F16  	sta $162F
DC/F451:	FEFFFD  	inc $FDFF,X
DC/F454:	FEFAFC  	inc $FCFA,X
DC/F457:	F4F8FA  	pea $FAF8
DC/F45A:	FCFAFC  	jsr ($FCFA,X)
DC/F45D:	F5F8    	sbc $F8,X
DC/F45F:	FA      	plx 
DC/F460:	FD960F  	sbc $0F96,X
DC/F463:	150E    	ora $0E,X
DC/F465:	2A      	rol A
DC/F466:	1414    	trb $14
DC/F468:	80C9    	bra $F433
DC/F46A:	0576    	ora $76
DC/F46C:	000A    	brk $0A
DC/F46E:	F4F5FE  	pea $FEF5
DC/F471:	9EF0BC  	stz $BCF0,X
DC/F474:	FF8D0008	sbc $08008D,X
DC/F478:	A04051  	ldy #$5140
DC/F47B:	E0E6F9  	cpx #$F9E6
DC/F47E:	D1EF    	cmp ($EF),Y
DC/F480:	CF829B18	cmp $189B82
DC/F484:	FEFF34  	inc $34FF,X
DC/F487:	78      	sei 
DC/F488:	6A      	ror A
DC/F489:	E0EDC2  	cpx #$C2ED
DC/F48C:	D5EF    	cmp $EF,X
DC/F48E:	EFFF17EF	sbc $EF17FF
DC/F492:	4FBF3FFF	eor $FF3FBF
DC/F496:	0703    	ora [$03]
DC/F498:	0607    	asl $07
DC/F49A:	BD4EDF  	lda $DF4E,X
DC/F49D:	801D    	bra $F4BC
DC/F49F:	07F9    	ora [$F9]
DC/F4A1:	FFF4FB8A	sbc $8AFBF4,X
DC/F4A5:	F175    	sbc ($75),Y
DC/F4A7:	FA      	plx 
DC/F4A8:	80BD    	bra $F467
DC/F4AA:	12FE    	ora ($FE)
DC/F4AC:	FB      	xce 
DC/F4AD:	FDFFFE  	sbc $FEFF,X
DC/F4B0:	FEF8E8  	inc $E8F8,X
DC/F4B3:	FC7AFC  	jsr ($FC7A,X)
DC/F4B6:	0707    	ora [$07]
DC/F4B8:	18      	 
DC/F4B9:	18      	 
DC/F4BA:	60      	 
DC/F4BB:	60      	 
DC/F4BC:	8080    	bra $F43E
DC/F4BE:	959F    	sta $9F,X
DC/F4C0:	1CBB7F  	trb $7FBB
DC/F4C3:	6B      	 
DC/F4C4:	F796    	sbc [$96],Y
DC/F4C6:	6F6F1F16	adc $161F6F
DC/F4CA:	0F291E56	ora $561E29
DC/F4CE:	08      	 
DC/F4CF:	18      	 
DC/F4D0:	00FD    	brk $FD
DC/F4D2:	FFF3FFAD	sbc $ADFFF3,X
DC/F4D6:	F3D2    	sbc ($D2,S),Y
DC/F4D8:	E152    	sbc ($52,X)
DC/F4DA:	E129    	sbc ($29,X)
DC/F4DC:	D0D1    	bne $F4AF
DC/F4DE:	801F    	bra $F4FF
DC/F4E0:	02F9    	cop $F9
DC/F4E2:	FEFE82  	inc $82FE,X
DC/F4E5:	7916DC  	adc $DC16,Y
DC/F4E8:	FF22DD5D	sbc $5DDD22,X
DC/F4EC:	A2B200  	ldx #$00B2
DC/F4EF:	CC0032  	cpy $3200
DC/F4F2:	CCCDFE  	cpy $FECD
DC/F4F5:	71FE    	adc ($FE),Y
DC/F4F7:	AE7050  	ldx $5070
DC/F4FA:	200830  	jsr $3008
DC/F4FD:	34A8    	bit $A8,X
DC/F4FF:	FF05EFFF	sbc $FFEF05,X
DC/F503:	D5EF    	cmp $EF,X
DC/F505:	D2ED    	cmp ($ED)
DC/F507:	8DDF1D  	sta $1DDF
DC/F50A:	CFFFB7CF	cmp $CFB7FF
DC/F50E:	4A      	lsr A
DC/F50F:	874B    	sta [$4B]
DC/F511:	87D1    	sta [$D1]
DC/F513:	8FBACDE8	sta $E8CDBA
DC/F517:	C794    	cmp [$94]
DC/F519:	E9BFFF  	sbc #$FFBF
DC/F51C:	5FBFAF1F	eor $1FAFBF,X
DC/F520:	5FBFBFFF	eor $FFBFBF,X
DC/F524:	D7FF    	cmp [$FF],Y
DC/F526:	AFDF81D7	lda $D781DF
DC/F52A:	9B      	txy 
DC/F52B:	001F    	brk $1F
DC/F52D:	2FDFFDFE	and $FEFDDF
DC/F531:	A0F050  	ldy #$50F0
DC/F534:	A0A5C2  	ldy #$C2A5
DC/F537:	AA      	tax 
DC/F538:	C7B7    	cmp [$B7]
DC/F53A:	CF5B87E5	cmp $E5875B
DC/F53E:	FE6AF4  	inc $F46A,X
DC/F541:	9660    	stx $60,Y
DC/F543:	60      	 
DC/F544:	0070    	brk $70
DC/F546:	0088    	brk $88
DC/F548:	7076    	bvs $F5C0
DC/F54A:	F8      	sed 
DC/F54B:	F1FE    	sbc ($FE),Y
DC/F54D:	9EA0DC  	stz $DCA0,X
DC/F550:	000F    	brk $0F
DC/F552:	55B8    	eor $B8,X
DC/F554:	AA      	tax 
DC/F555:	D5B5    	cmp $B5,X
DC/F557:	C392    	cmp $92,S
DC/F559:	E161    	sbc ($61,X)
DC/F55B:	80A1    	bra $F4FE
DC/F55D:	0056    	brk $56
DC/F55F:	A1A9    	lda ($A9,X)
DC/F561:	F78D    	sbc [$8D],Y
DC/F563:	BF1FA5D8	lda $D8A51F,X
DC/F567:	DA      	phx 
DC/F568:	E4A4    	cpx $A4
DC/F56A:	C0A0C0  	cpy #$C0A0
DC/F56D:	D1E1    	cmp ($E1),Y
DC/F56F:	53E3    	eor ($E3,S),Y
DC/F571:	27C7    	and [$C7]
DC/F573:	4F8F3FDF	eor $DF3F8F
DC/F577:	BC3F79  	ldy $793F,X
DC/F57A:	78      	sei 
DC/F57B:	F1F0    	sbc ($F0),Y
DC/F57D:	E2E1    	sep #$E1
DC/F57F:	C5C3    	cmp $C3
DC/F581:	8583    	sta $83
DC/F583:	82018F  	brl $8487
DC/F586:	F113    	sbc ($13),Y
DC/F588:	EFFF57EF	sbc $EF57FF
DC/F58C:	AB      	plb 
DC/F58D:	4752    	eor [$52]
DC/F58F:	AFA5FA52	lda $52FAA5
DC/F593:	B8      	clv 
DC/F594:	AF13A4DB	lda $DBA413
DC/F598:	96F9    	stx $F9,Y
DC/F59A:	E9F7    	sbc #$F7
DC/F59C:	8156    	sta ($56,X)
DC/F59E:	007F    	brk $7F
DC/F5A0:	8002    	bra $F5A4
DC/F5A2:	4CD7EF  	jmp $EFD7
DC/F5A5:	FDFEFD  	sbc $FDFE,X
DC/F5A8:	FEFFFE  	inc $FEFF,X
DC/F5AB:	FEFFE5  	inc $E5FF,X
DC/F5AE:	FEEAF4  	inc $F4EA,X
DC/F5B1:	F5FE    	sbc $FE,X
DC/F5B3:	AA      	tax 
DC/F5B4:	F500    	sbc $00,X
DC/F5B6:	0061    	brk $61
DC/F5B8:	009D    	brk $9D
DC/F5BA:	60      	 
DC/F5BB:	62FCBC  	per $B2BA
DC/F5BE:	7E583F  	ror $3F58,X
DC/F5C1:	5439B3  	mvn $39,$B3
DC/F5C4:	7DE000  	adc $00E0,X
DC/F5C7:	1CE064  	trb $64E0
DC/F5CA:	F8      	sed 
DC/F5CB:	68      	pla 
DC/F5CC:	F076    	beq $F644
DC/F5CE:	F8      	sed 
DC/F5CF:	EA      	nop 
DC/F5D0:	F4E9F6  	pea $F6E9
DC/F5D3:	F6FF    	inc $FF,X
DC/F5D5:	0000    	
DC/F5D7:	0300    	ora $00,S
DC/F5D9:	0403    	tsb $03
DC/F5DB:	0603    	asl $03
DC/F5DD:	1B      	tcs 
DC/F5DE:	0727    	ora [$27]
DC/F5E0:	1F970F8B	ora $8B0F97,X
DC/F5E4:	0759    	ora [$59]
DC/F5E6:	00AA    	brk $AA
DC/F5E8:	5155    	eor ($55),Y
DC/F5EA:	23A9    	and $A9,S
DC/F5EC:	7772    	adc [$72],Y
DC/F5EE:	FDFD82  	sbc $82FD,X
DC/F5F1:	6D0F80  	adc $800F
DC/F5F4:	0058    	brk $58
DC/F5F6:	80A4    	bra $F59C
DC/F5F8:	D8      	cld 
DC/F5F9:	C8      	iny 
DC/F5FA:	F0F4    	beq $F5F0
DC/F5FC:	F8      	sed 
DC/F5FD:	F4F888  	pea $88F8
DC/F600:	F030    	beq $F632
DC/F602:	80A5    	bra $F5A9
DC/F604:	F706    	sbc [$06],Y
DC/F606:	4100    	eor ($00,X)
DC/F608:	B241    	lda ($41)
DC/F60A:	46F9    	lsr $F9
DC/F60C:	B98094  	lda $9480,Y
DC/F60F:	9B      	txy 
DC/F610:	0003    	
DC/F612:	BFDE7DBE	lda $BE7DDE,X
DC/F616:	8124    	sta ($24,X)
DC/F618:	2B      	pld 
DC/F619:	FCFFEB  	jsr ($EBFF,X)
DC/F61C:	FCD4E9  	jsr ($E9D4,X)
DC/F61F:	EA      	nop 
DC/F620:	FD0B07  	sbc $070B,X
DC/F623:	5F3FFFFF	eor $FFFF3F,X
DC/F627:	F4F886  	pea $86F8
DC/F62A:	8055    	bra $F681
DC/F62C:	82AAD1  	brl $C7D9
DC/F62F:	CA      	dex 
DC/F630:	F1F9    	sbc ($F9),Y
DC/F632:	FEFFFF  	inc $FFFF,X
DC/F635:	F9FEB4  	sbc $B4FE,Y
DC/F638:	78      	sei 
DC/F639:	4A      	lsr A
DC/F63A:	34F4    	bit $F4,X
DC/F63C:	006C    	brk $6C
DC/F63E:	9090    	bcc $F5D0
DC/F640:	00BE    	brk $BE
DC/F642:	7CE0C0  	jmp ($C0E0,X)
DC/F645:	8967    	bit #$67
DC/F647:	1A      	inc A
DC/F648:	6EFFB7  	ror $B7FF
DC/F64B:	6F062F56	adc $562F06
DC/F64F:	2FAC5FBA	and $BA5FAC
DC/F653:	7D1C3F  	adc $3F1C,X
DC/F656:	2F1F55AF	and $AF551F
DC/F65A:	2A      	rol A
DC/F65B:	C7D6    	cmp [$D6]
DC/F65D:	0F9B0767	ora $67079B
DC/F661:	9F9F9D7A	sta $7A9D9F,X
DC/F665:	82000E  	brl $0468
DC/F668:	5583    	eor $83,X
DC/F66A:	6B      	 
DC/F66B:	9757    	sta [$57],Y
DC/F66D:	BF9FFFCF	lda $CFFF9F,X
DC/F671:	FFD7EFD9	sbc $D9EFD7,X
DC/F675:	E7E7    	sbc [$E7]
DC/F677:	8E1F0C  	stx $0C1F
DC/F67A:	54A0AA  	mvn $A0,$AA
DC/F67D:	F4ECF0  	pea $F0EC
DC/F680:	D6E0    	dec $E0,X
DC/F682:	29C6    	and #$C6
DC/F684:	5A      	phy 
DC/F685:	E7E3    	sbc [$E3]
DC/F687:	800F    	bra $F698
DC/F689:	1500    	ora $00,X
DC/F68B:	0019    	brk $19
DC/F68D:	0022    	brk $22
DC/F68F:	1D2D1F  	ora $1F2D,X
DC/F692:	DD0F2F  	cmp $2F0F,X
DC/F695:	DFDFFFDF	cmp $DFFFDF,X
DC/F699:	FFC00142	sbc $4201C0,X
DC/F69D:	8185    	sta ($85,X)
DC/F69F:	0381    	ora $81,S
DC/F6A1:	4501    	eor $01
DC/F6A3:	53BF    	eor ($BF,S),Y
DC/F6A5:	8111    	sta ($11,X)
DC/F6A7:	9100    	sta ($00),Y
DC/F6A9:	18      	 
DC/F6AA:	FEFFFD  	inc $FDFF,X
DC/F6AD:	FEFAFC  	inc $FCFA,X
DC/F6B0:	FA      	plx 
DC/F6B1:	FCFBFC  	jsr ($FCFB,X)
DC/F6B4:	F0FF    	beq $F6B5
DC/F6B6:	F5FB    	sbc $FB,X
DC/F6B8:	EFFF1BFF	sbc $FF1BFF
DC/F6BC:	C53B    	cmp $3B
DC/F6BE:	9A      	txs 
DC/F6BF:	61A5    	adc ($A5,X)
DC/F6C1:	7B      	tdc 
DC/F6C2:	7B      	tdc 
DC/F6C3:	902B    	bcc $F6F0
DC/F6C5:	05F6    	ora $F6
DC/F6C7:	F9F5FB  	sbc $FBF5,Y
DC/F6CA:	F2FD    	sbc ($FD)
DC/F6CC:	812F    	sta ($2F,X)
DC/F6CE:	22F4F8FB	jsr $FBF8F4
DC/F6D2:	FCFCFF  	jsr ($FFFC,X)
DC/F6D5:	8000    	bra $F6D7
DC/F6D7:	4980    	eor #$80
DC/F6D9:	BD0076  	lda $7600,X
DC/F6DC:	8999    	bit #$99
DC/F6DE:	66AE    	ror $AE
DC/F6E0:	773F    	adc [$3F],Y
DC/F6E2:	FFFBFF64	sbc $64FFFB,X
DC/F6E6:	009A    	brk $9A
DC/F6E8:	6465    	stz $65
DC/F6EA:	FED6EF  	inc $EFD6,X
DC/F6ED:	2B      	pld 
DC/F6EE:	C7D7    	cmp [$D7]
DC/F6F0:	EFEF802F	sbc $2F80EF
DC/F6F4:	0EDF3F  	asl $3FDF
DC/F6F7:	3FFFF7FF	and $FFF7FF,X
DC/F6FB:	CB      	wai 
DC/F6FC:	FFADD3D2	sbc $D2D3AD,X
DC/F700:	E1A2    	sbc ($A2,X)
DC/F702:	C1D5    	cmp ($D5,X)
DC/F704:	81A2    	sta ($A2,X)
DC/F706:	FF008800	sbc $008800,X
DC/F70A:	0000    	
DC/F70C:	FF00FF00	
DC/F710:	FF00FF00	
DC/F714:	FF00FF00	
DC/F718:	FF00FF00	
DC/F71C:	FF00FF00	
DC/F720:	FF00FF00	
DC/F724:	FF00FF00	
DC/F728:	FF00FF00	
DC/F72C:	FF00FF00	
DC/F730:	FF00FF00	
DC/F734:	FF00FF00	
DC/F738:	FF00FF00	
DC/F73C:	FF00CA00	sbc $00CA00,X
DC/F740:	1F010002	ora $020001,X
DC/F744:	0102    	ora ($02,X)
DC/F746:	011D    	ora ($1D,X)
DC/F748:	03D3    	ora $D3,S
DC/F74A:	0F4B87A7	ora $A7874B
DC/F74E:	DF9FFFC0	cmp $C0FF9F,X
DC/F752:	0030    	brk $30
DC/F754:	C0C8F0  	cpy #$F0C8
DC/F757:	D6E0    	dec $E0,X
DC/F759:	E9F6    	sbc #$F6
DC/F75B:	F2FC    	sbc ($FC)
DC/F75D:	F5F8    	sbc $F8,X
DC/F75F:	C6F9    	dec $F9
DC/F761:	8123    	sta ($23,X)
DC/F763:	0B      	phd 
DC/F764:	0400    	tsb $00
DC/F766:	1300    	ora ($00,S),Y
DC/F768:	2D122A  	and $2A12
DC/F76B:	14D4    	trb $D4
DC/F76D:	3E1DFE  	rol $FE1D,X
DC/F770:	FFB1CB00	sbc $00CBB1,X
DC/F774:	00FF    	
DC/F776:	8C0008  	sty $0800
DC/F779:	B1CF    	lda ($CF),Y
DC/F77B:	AB      	plb 
DC/F77C:	C7B7    	cmp [$B7]
DC/F77E:	CFC3FFFB	cmp $FBFFC3
DC/F782:	8D1884  	sta $8418
DC/F785:	000F    	brk $0F
DC/F787:	40      	 
DC/F788:	80A0    	bra $F72A
DC/F78A:	C04080  	cpy #$8040
DC/F78D:	5680    	lsr $80,X
DC/F78F:	AA      	tax 
DC/F790:	D454    	pei ($54)
DC/F792:	B8      	clv 
DC/F793:	AA      	tax 
DC/F794:	F4F4F8  	pea $F8F4
DC/F797:	FFC1BDFF	sbc $FFBDC1,X
DC/F79B:	1CE7FF  	trb $FFE7
DC/F79E:	E0FFED  	cpx #$EDFF
DC/F7A1:	F3EB    	sbc ($EB,S),Y
DC/F7A3:	F79A    	sbc [$9A],Y
DC/F7A5:	E758    	sbc [$58]
DC/F7A7:	A76F    	lda [$6F]
DC/F7A9:	90B3    	bcc $F75E
DC/F7AB:	FF4DB3B1	sbc $B1B34D,X
DC/F7AF:	1B      	tcs 
DC/F7B0:	43BF    	eor $BF,S
DC/F7B2:	17EF    	ora [$EF],Y
DC/F7B4:	F60F    	inc $0F,X
DC/F7B6:	A946    	lda #$46
DC/F7B8:	4780    	eor [$80]
DC/F7BA:	1F8B002F	ora $2F008B,X
DC/F7BE:	DCFFAD  	jmp [$ADFF]
DC/F7C1:	DE548F  	dec $8F54,X
DC/F7C4:	6B      	 
DC/F7C5:	9C84F8  	stz $F884
DC/F7C8:	FB      	xce 
DC/F7C9:	C0D1E0  	cpy #$E0D1
DC/F7CC:	EA      	nop 
DC/F7CD:	F180    	sbc ($80),Y
DC/F7CF:	000A    	brk $0A
DC/F7D1:	0095    	brk $95
DC/F7D3:	0A      	asl A
DC/F7D4:	4986    	eor #$86
DC/F7D6:	B64F    	ldx $4F,Y
DC/F7D8:	46FF    	lsr $FF
DC/F7DA:	6FFFD3EF	adc $EFD3FF
DC/F7DE:	0000    	
DC/F7E0:	60      	 
DC/F7E1:	00A0    	brk $A0
DC/F7E3:	40      	 
DC/F7E4:	50E0    	bvc $F7C6
DC/F7E6:	10E0    	bpl $F7C8
DC/F7E8:	EB      	xba 
DC/F7E9:	0015    	brk $15
DC/F7EB:	EA      	nop 
DC/F7EC:	EA      	nop 
DC/F7ED:	FCFFE1  	jsr ($E1FF,X)
DC/F7F0:	FF00FF00	
DC/F7F4:	FF00FF00	
DC/F7F8:	9300    	sta ($00,S),Y
DC/F7FA:	46B9    	lsr $B9
DC/F7FC:	B8      	clv 
DC/F7FD:	47D1    	eor [$D1]
DC/F7FF:	2E

[]
DC/F800:	0000  	rol $0000
DC/F802:	0210    	cop $10
DC/F804:	0202    	cop $02
DC/F806:	0204    	cop $04
DC/F808:	0212    	cop $12
DC/F80A:	0602    	asl $02
DC/F80C:	0408    	tsb $08
DC/F80E:	0214    	cop $14
DC/F810:	0A      	asl A
DC/F811:	0206    	cop $06
DC/F813:	0C0216  	tsb $1602
DC/F816:	0E0208  	asl $0802
DC/F819:	1002    	bpl $F81D
DC/F81B:	18      	 
DC/F81C:	1202    	ora ($02)
DC/F81E:	1458    	trb $58
DC/F820:	A70A    	lda [$0A]
DC/F822:	00F8    	brk $F8
DC/F824:	2102    	and ($02,X)
DC/F826:	0EFC1E  	asl $1EFC
DC/F829:	20C220  	jsr $20C2
DC/F82C:	1001    	bpl $F82F
DC/F82E:	0066    	brk $66
DC/F830:	0266    	cop $66
DC/F832:	0466    	tsb $66
DC/F834:	0666    	asl $66
DC/F836:	08      	 
DC/F837:	6601    	ror $01
DC/F839:	0000    	
DC/F83B:	0000    	
DC/F83D:	8000    	bra $F83F
DC/F83F:	0000    	
DC/F841:	0018    	brk $18
DC/F843:	2280042C	jsr $2C0480
DC/F847:	0000    	
DC/F849:	291D    	and #$1D
DC/F84B:	FF0329FF	sbc $FF2903,X
DC/F84F:	1536    	ora $36,X
DC/F851:	2903    	and #$03
DC/F853:	2A      	rol A
DC/F854:	1D033A  	ora $3A03,X
DC/F857:	2D034A  	and $4A03
DC/F85A:	674C    	adc [$4C]
DC/F85C:	63FF    	adc $FF,S
DC/F85E:	FF4E556A	sbc $6A554E,X
DC/F862:	776C    	adc [$6C],Y
DC/F864:	7300    	adc ($00,S),Y
DC/F866:	5620    	lsr $20,X
DC/F868:	96FF    	stx $FF,Y
DC/F86A:	FF0E572A	sbc $2A570E,X
DC/F86E:	752C    	adc $2C,X
DC/F870:	790A65  	adc $650A,Y
DC/F873:	0C69FF  	tsb $FF69
DC/F876:	FF245526	sbc $265524,X
DC/F87A:	7528    	adc $28,X
DC/F87C:	790256  	adc $5602,Y
DC/F87F:	2296FFFF	jsr $FFFF96
DC/F883:	6457    	stz $57
DC/F885:	6677    	ror $77
DC/F887:	68      	pla 
DC/F888:	7304    	adc ($04,S),Y
DC/F88A:	6606    	ror $06
DC/F88C:	6608    	ror $08
DC/F88E:	6600    	ror $00
DC/F890:	0102    	ora ($02,X)
DC/F892:	0000    	
DC/F894:	0001    	
DC/F896:	0102    	ora ($02,X)
DC/F898:	0200    	cop $00
DC/F89A:	0000    	
DC/F89C:	FCF9F6  	jsr ($F6F9,X)
DC/F89F:	F3F0    	sbc ($F0,S),Y
DC/F8A1:	EEEB30  	inc $30EB
DC/F8A4:	806D    	bra $F913
DC/F8A6:	0647    	asl $47
DC/F8A8:	F8      	sed 
DC/F8A9:	1103    	ora ($03),Y
DC/F8AB:	80FD    	bra $F8AA
DC/F8AD:	0360    	ora $60,S
DC/F8AF:	78      	sei 
DC/F8B0:	1F520000	ora $000052,X
DC/F8B4:	FF080200	sbc $000208,X
DC/F8B8:	0210    	cop $10
DC/F8BA:	FF081102	sbc $021108,X
DC/F8BE:	0320    	ora $20,S
DC/F8C0:	FF082105	sbc $052108,X
DC/F8C4:	0330    	ora $30,S
DC/F8C6:	FF083108	sbc $083108,X
DC/F8CA:	0305    	ora $05,S
DC/F8CC:	0B      	phd 
DC/F8CD:	0315    	ora $15,S
DC/F8CF:	0E0325  	asl $2503
DC/F8D2:	1103    	ora ($03),Y
DC/F8D4:	3614    	rol $14,X
DC/F8D6:	0216    	cop $16
DC/F8D8:	B8      	clv 
DC/F8D9:	7D0CB3  	adc $B30C,X
DC/F8DC:	F8      	sed 
DC/F8DD:	5204    	eor ($04)
DC/F8DF:	E6FB    	inc $FB
DC/F8E1:	0420    	tsb $20
DC/F8E3:	C220    	rep #$20
DC/F8E5:	B301    	lda ($01,S),Y
DC/F8E7:	0000    	
DC/F8E9:	0204    	cop $04
DC/F8EB:	204022  	jsr $2240
DC/F8EE:	440480  	mvp $04,$80
DC/F8F1:	0684    	asl $84
DC/F8F3:	24C0    	bit $C0
DC/F8F5:	26C4    	rol $C4
DC/F8F7:	C0CCC2  	cpy #$C2CC
DC/F8FA:	C8      	iny 
DC/F8FB:	E08CE2  	cpx #$E28C
DC/F8FE:	88      	dey 
DC/F8FF:	C44C    	cpy $4C
DC/F901:	C648    	dec $48
DC/F903:	E40C    	cpx $0C
DC/F905:	E608    	inc $08
DC/F907:	FFFFFFFF	
DC/F90B:	FFFFFFFF	
DC/F90F:	FFFFFFFF	
DC/F913:	FFFFFFFF	
DC/F917:	FFFFFFFF	
DC/F91B:	FFFFFFFF	
DC/F91F:	FFFFFFFF	
DC/F923:	FFFFFFFF	
DC/F927:	202BF9  	jsr $F92B
DC/F92A:	6B      	 
DC/F92B:	0B      	phd 
DC/F92C:	08      	 
DC/F92D:	C220    	rep #$20
DC/F92F:	3B      	 
DC/F930:	38      	sec 
DC/F931:	E90800  	sbc #$0008
DC/F934:	5B      	tcd 
DC/F935:	1B      	tcs 
DC/F936:	E220    	sep #$20
DC/F938:	8B      	phb 
DC/F939:	A97E    	lda #$7E
DC/F93B:	48      	pha 
DC/F93C:	AB      	plb 
DC/F93D:	C220    	rep #$20
DC/F93F:	8402    	sty $02
DC/F941:	A94000  	lda #$0040
DC/F944:	22D12EC1	jsr $C12ED1
DC/F948:	A402    	ldy $02
DC/F94A:	AA      	tax 
DC/F94B:	D006    	bne $F953
DC/F94D:	223FFDD3	jsr $D3FD3F
DC/F951:	8052    	bra $F9A5
DC/F953:	A2D7F8  	ldx #$F8D7
DC/F956:	22902EC1	jsr $C12E90
DC/F95A:	8607    	stx $07
DC/F95C:	8A      	 
DC/F95D:	A602    	ldx $02
DC/F95F:	9D1A00  	sta $001A,X
DC/F962:	A90E01  	lda #$010E
DC/F965:	9D2A00  	sta $002A,X
DC/F968:	A91137  	lda #$3711
DC/F96B:	9D1C00  	sta $001C,X
DC/F96E:	A95A34  	lda #$345A
DC/F971:	9D1E00  	sta $001E,X
DC/F974:	E220    	sep #$20
DC/F976:	BD2700  	lda $0027,X
DC/F979:	8501    	sta $01
DC/F97B:	8604    	stx $04
DC/F97D:	BD0000  	lda $0000,X
DC/F980:	A607    	ldx $07
DC/F982:	20B1F9  	jsr $F9B1
DC/F985:	C220    	rep #$20
DC/F987:	8A      	 
DC/F988:	A604    	ldx $04
DC/F98A:	9D0200  	sta $0002,X
DC/F98D:	A9012C  	lda #$2C01
DC/F990:	9D0400  	sta $0004,X
DC/F993:	A9FC2B  	lda #$2BFC
DC/F996:	9D0600  	sta $0006,X
DC/F999:	18      	 
DC/F99A:	8A      	 
DC/F99B:	690800  	adc #$0008
DC/F99E:	AA      	tax 
DC/F99F:	E220    	sep #$20
DC/F9A1:	C601    	dec $01
DC/F9A3:	D0D6    	bne $F97B
DC/F9A5:	AB      	plb 
DC/F9A6:	C220    	rep #$20
DC/F9A8:	3B      	 
DC/F9A9:	18      	 
DC/F9AA:	690800  	adc #$0008
DC/F9AD:	1B      	tcs 
DC/F9AE:	28      	 
DC/F9AF:	2B      	pld 
DC/F9B0:	60      	 
DC/F9B1:	0B      	phd 
DC/F9B2:	08      	 
DC/F9B3:	C230    	rep #$30
DC/F9B5:	48      	pha 
DC/F9B6:	3B      	 
DC/F9B7:	38      	sec 
DC/F9B8:	E90200  	sbc #$0002
DC/F9BB:	5B      	tcd 
DC/F9BC:	1B      	tcs 
DC/F9BD:	A303    	lda $03,S
DC/F9BF:	E220    	sep #$20
DC/F9C1:	8501    	sta $01
DC/F9C3:	BD1800  	lda $0018,X
DC/F9C6:	4A      	lsr A
DC/F9C7:	4A      	lsr A
DC/F9C8:	4A      	lsr A
DC/F9C9:	4A      	lsr A
DC/F9CA:	2907    	and #$07
DC/F9CC:	8504    	sta $04
DC/F9CE:	A22600  	ldx #$0026
DC/F9D1:	A900    	lda #$00
DC/F9D3:	22782EC1	jsr $C12E78
DC/F9D7:	8602    	stx $02
DC/F9D9:	18      	 
DC/F9DA:	C220    	rep #$20
DC/F9DC:	8A      	 
DC/F9DD:	692000  	adc #$0020
DC/F9E0:	AA      	tax 
DC/F9E1:	E220    	sep #$20
DC/F9E3:	A501    	lda $01
DC/F9E5:	22B12EC1	jsr $C12EB1
DC/F9E9:	A602    	ldx $02
DC/F9EB:	A501    	lda $01
DC/F9ED:	2901    	and #$01
DC/F9EF:	9D2400  	sta $0024,X
DC/F9F2:	A504    	lda $04
DC/F9F4:	EB      	xba 
DC/F9F5:	A910    	lda #$10
DC/F9F7:	22B52EC1	jsr $C12EB5
DC/F9FB:	A602    	ldx $02
DC/F9FD:	68      	pla 
DC/F9FE:	68      	pla 
DC/F9FF:	68      	pla 
DC/FA00:	68      	pla 
DC/FA01:	28      	 
DC/FA02:	2B      	pld 
DC/FA03:	60      	 
DC/FA04:	2008FA  	jsr $FA08
DC/FA07:	6B      	 
DC/FA08:	0B      	phd 
DC/FA09:	08      	 
DC/FA0A:	C220    	rep #$20
DC/FA0C:	DA      	phx 
DC/FA0D:	3B      	 
DC/FA0E:	5B      	tcd 
DC/FA0F:	8601    	stx $01
DC/FA11:	A91000  	lda #$0010
DC/FA14:	22B92EC1	jsr $C12EB9
DC/FA18:	A601    	ldx $01
DC/FA1A:	227C2EC1	jsr $C12E7C
DC/FA1E:	E220    	sep #$20
DC/FA20:	68      	pla 
DC/FA21:	68      	pla 
DC/FA22:	28      	 
DC/FA23:	2B      	pld 
DC/FA24:	60      	 
DC/FA25:	0B      	phd 
DC/FA26:	08      	 
DC/FA27:	C220    	rep #$20
DC/FA29:	8B      	phb 
DC/FA2A:	DA      	phx 
DC/FA2B:	3B      	 
DC/FA2C:	5B      	tcd 
DC/FA2D:	E220    	sep #$20
DC/FA2F:	BD2400  	lda $0024,X
DC/FA32:	0A      	asl A
DC/FA33:	0A      	asl A
DC/FA34:	0A      	asl A
DC/FA35:	0A      	asl A
DC/FA36:	0A      	asl A
DC/FA37:	C220    	rep #$20
DC/FA39:	29FF00  	and #$00FF
DC/FA3C:	18      	 
DC/FA3D:	69E7F8  	adc #$F8E7
DC/FA40:	38      	sec 
DC/FA41:	E900F8  	sbc #$F800
DC/FA44:	9B      	txy 
DC/FA45:	AA      	tax 
DC/FA46:	B92000  	lda $0020,Y
DC/FA49:	48      	pha 
DC/FA4A:	B92200  	lda $0022,Y
DC/FA4D:	48      	pha 
DC/FA4E:	E220    	sep #$20
DC/FA50:	A910    	lda #$10
DC/FA52:	8501    	sta $01
DC/FA54:	8402    	sty $02
DC/FA56:	22942EC1	jsr $C12E94
DC/FA5A:	A402    	ldy $02
DC/FA5C:	C8      	iny 
DC/FA5D:	C8      	iny 
DC/FA5E:	C601    	dec $01
DC/FA60:	D0F2    	bne $FA54
DC/FA62:	7A      	ply 
DC/FA63:	7A      	ply 
DC/FA64:	68      	pla 
DC/FA65:	68      	pla 
DC/FA66:	68      	pla 
DC/FA67:	28      	 
DC/FA68:	2B      	pld 
DC/FA69:	60      	 
DC/FA6A:	206EFA  	jsr $FA6E
DC/FA6D:	6B      	 
DC/FA6E:	0B      	phd 
DC/FA6F:	08      	 
DC/FA70:	C220    	rep #$20
DC/FA72:	E220    	sep #$20
DC/FA74:	DA      	phx 
DC/FA75:	2025FA  	jsr $FA25
DC/FA78:	FA      	plx 
DC/FA79:	BD2400  	lda $0024,X
DC/FA7C:	1A      	inc A
DC/FA7D:	C902    	cmp #$02
DC/FA7F:	9002    	bcc $FA83
DC/FA81:	A900    	lda #$00
DC/FA83:	9D2400  	sta $0024,X
DC/FA86:	A9FF    	lda #$FF
DC/FA88:	28      	 
DC/FA89:	2B      	pld 
DC/FA8A:	60      	 
DC/FA8B:	00FF    	
DC/FA8D:	40      	 
DC/FA8E:	40      	 
DC/FA8F:	0002    	
DC/FA91:	5002    	bvc $FA95
DC/FA93:	0220    	cop $20
DC/FA95:	0402    	tsb $02
DC/FA97:	3006    	bmi $FA9F
DC/FA99:	0242    	cop $42
DC/FA9B:	08      	 
DC/FA9C:	0252    	cop $52
DC/FA9E:	0A      	asl A
DC/FA9F:	0153    	ora ($53,X)
DC/FAA1:	0701    	ora [$01]
DC/FAA3:	160B    	asl $0B,X
DC/FAA5:	0225    	cop $25
DC/FAA7:	0D0227  	ora $2702
DC/FAAA:	0701    	ora [$01]
DC/FAAC:	350F    	and $0F,X
DC/FAAE:	0136    	ora ($36,X)
DC/FAB0:	0701    	ora [$01]
DC/FAB2:	3707    	and [$07],Y
DC/FAB4:	011A    	ora ($1A,X)
DC/FAB6:	1002    	bpl $FABA
DC/FAB8:	2912    	and #$12
DC/FABA:	022B    	cop $2B
DC/FABC:	0701    	ora [$01]
DC/FABE:	391401  	and $0114,Y
DC/FAC1:	3A      	
DC/FAC2:	0701    	ora [$01]
DC/FAC4:	3B      	 
DC/FAC5:	0701    	ora [$01]
DC/FAC7:	440701  	mvp $07,$01
DC/FACA:	4507    	eor $07
DC/FACC:	0154    	ora ($54,X)
DC/FACE:	0701    	ora [$01]
DC/FAD0:	5507    	eor $07,X
DC/FAD2:	011D    	ora ($1D,X)
DC/FAD4:	1503    	ora $03,X
DC/FAD6:	2D1802  	and $0218
DC/FAD9:	2F19013D	and $3D0119
DC/FADD:	1A      	inc A
DC/FADE:	013E    	ora ($3E,X)
DC/FAE0:	19013F  	ora $3F01,Y
DC/FAE3:	190146  	ora $4601,Y
DC/FAE6:	1B      	tcs 
DC/FAE7:	0256    	cop $56
DC/FAE9:	1D0157  	ora $5701,X
DC/FAEC:	2301    	and $01,S
DC/FAEE:	221E0232	jsr $32021E
DC/FAF2:	200133  	jsr $3301
DC/FAF5:	2401    	bit $01
DC/FAF7:	48      	pha 
DC/FAF8:	FF025821	sbc $215802,X
DC/FAFC:	0225    	cop $25
DC/FAFE:	38      	sec 
DC/FAFF:	A926    	lda #$26
DC/FB01:	8B      	phb 
DC/FB02:	FA      	plx 
DC/FB03:	2000DC  	jsr $DC00
DC/FB06:	FB      	xce 
DC/FB07:	04A0    	tsb $A0
DC/FB09:	78      	sei 
DC/FB0A:	1FD10125	ora $2501D1,X
DC/FB0E:	38      	sec 
DC/FB0F:	A926    	lda #$26
DC/FB11:	8B      	phb 
DC/FB12:	FA      	plx 
DC/FB13:	0000    	
DC/FB15:	1EFB00  	asl $00FB,X
DC/FB18:	2FC220D1	and $D120C2
DC/FB1C:	0125    	ora ($25,X)
DC/FB1E:	38      	sec 
DC/FB1F:	A926    	lda #$26
DC/FB21:	8B      	phb 
DC/FB22:	FA      	plx 
DC/FB23:	60      	 
DC/FB24:	00CC    	brk $CC
DC/FB26:	FC04A0  	jsr ($A004,X)
DC/FB29:	0000    	
DC/FB2B:	D100    	cmp ($00),Y
DC/FB2D:	2538    	and $38
DC/FB2F:	A926    	lda #$26
DC/FB31:	8B      	phb 
DC/FB32:	FA      	plx 
DC/FB33:	7000    	bvs $FB35
DC/FB35:	CCFC01  	cpy $01FC
DC/FB38:	A0781F  	ldy #$1F78
DC/FB3B:	D101    	cmp ($01),Y
DC/FB3D:	3066    	bmi $FBA5
DC/FB3F:	FFFFFFFF	
DC/FB43:	FFFFFFFF	
DC/FB47:	FFFFFFFF	
DC/FB4B:	FFFFFFFF	
DC/FB4F:	FFFF2055	sbc $5520FF,X
DC/FB53:	60      	 
DC/FB54:	5790    	eor [$90],Y
DC/FB56:	95D0    	sta $D0,X
DC/FB58:	97FF    	sta [$FF],Y
DC/FB5A:	FFFFFFFF	
DC/FB5E:	FFFFFFFF	
DC/FB62:	FFFFFF32	sbc $32FFFF,X
DC/FB66:	447248  	mvp $72,$48
DC/FB69:	B284    	lda ($84)
DC/FB6B:	F288    	sbc ($88)
DC/FB6D:	FFFFFFFF	
DC/FB71:	FFFFFFFF	
DC/FB75:	FFFFFFFF	
DC/FB79:	1533    	ora $33,X
DC/FB7B:	5637    	lsr $37,X
DC/FB7D:	543BA5  	mvn $3B,$A5
DC/FB80:	73E6    	adc ($E6,S),Y
DC/FB82:	77E4    	adc [$E4],Y
DC/FB84:	7B      	tdc 
DC/FB85:	85B3    	sta $B3
DC/FB87:	C6B7    	dec $B7
DC/FB89:	C4BB    	cpy $BB
DC/FB8B:	FFFF0A04	sbc $040AFF,X
DC/FB8F:	4A      	lsr A
DC/FB90:	08      	 
DC/FB91:	2942    	and #$42
DC/FB93:	3446    	bit $46,X
DC/FB95:	694A    	adc #$4A
DC/FB97:	A982    	lda #$82
DC/FB99:	B486    	ldy $86,X
DC/FB9B:	E98A    	sbc #$8A
DC/FB9D:	8A      	 
DC/FB9E:	C4CA    	cpy $CA
DC/FBA0:	C8      	iny 
DC/FBA1:	1D335E  	ora $5E33,X
DC/FBA4:	375C    	and [$5C],Y
DC/FBA6:	3B      	 
DC/FBA7:	AD73EE  	lda $EE73
DC/FBAA:	77EC    	adc [$EC],Y
DC/FBAC:	7B      	tdc 
DC/FBAD:	8DB3CE  	sta $CEB3
DC/FBB0:	B7CC    	lda [$CC],Y
DC/FBB2:	BB      	tyx 
DC/FBB3:	FFFF3644	sbc $4436FF,X
DC/FBB7:	7648    	ror $48,X
DC/FBB9:	B684    	ldx $84,Y
DC/FBBB:	F688    	inc $88,X
DC/FBBD:	FFFFFFFF	
DC/FBC1:	FFFFFFFF	
DC/FBC5:	FFFFFFFF	
DC/FBC9:	22556257	jsr $576255
DC/FBCD:	9295    	sta ($95)
DC/FBCF:	D297    	cmp ($97)
DC/FBD1:	FFFFFFFF	
DC/FBD5:	FFFFFFFF	
DC/FBD9:	FFFFFFFF	
DC/FBDD:	38      	sec 
DC/FBDE:	46B8    	lsr $B8
DC/FBE0:	86FF    	stx $FF
DC/FBE2:	FFFFFFFF	
DC/FBE6:	FFFFFFFF	
DC/FBEA:	FFFFFFFF	
DC/FBEE:	FFFFFFFF	
DC/FBF2:	FFFFFFFF	
DC/FBF6:	FFFFFFFF	
DC/FBFA:	FFFFFFFF	
DC/FBFE:	FFFFFFFF	
DC/FC02:	FFFFFF00	
DC/FC06:	FF400000	sbc $000040,X
DC/FC0A:	0210    	cop $10
DC/FC0C:	0202    	cop $02
DC/FC0E:	200402  	jsr $0204
DC/FC11:	0414    	tsb $14
DC/FC13:	0314    	,S
DC/FC15:	1703    	ora [$03],Y
DC/FC17:	241A    	bit $1A
DC/FC19:	0334    	ora $34,S
DC/FC1B:	1D0308  	ora $0803,X
DC/FC1E:	200318  	jsr $1803
DC/FC21:	2303    	and $03,S
DC/FC23:	28      	 
DC/FC24:	2603    	rol $03
DC/FC26:	38      	sec 
DC/FC27:	2903    	and #$03
DC/FC29:	0C2C03  	tsb $032C
DC/FC2C:	1C2F03  	trb $032F
DC/FC2F:	2C3203  	bit $0332
DC/FC32:	3548    	and $48,X
DC/FC34:	810F    	sta ($0F,X)
DC/FC36:	05FC    	ora $FC
DC/FC38:	0304    	ora $04,S
DC/FC3A:	50FB    	bvc $FC37
DC/FC3C:	04A0    	tsb $A0
DC/FC3E:	78      	sei 
DC/FC3F:	1F490100	ora $000149,X
DC/FC43:	5620    	lsr $20,X
DC/FC45:	96FF    	stx $FF,Y
DC/FC47:	FFFFFF04	sbc $04FFFF,X
DC/FC4B:	5506    	eor $06,X
DC/FC4D:	592495  	eor $9524,Y
DC/FC50:	2699    	rol $99
DC/FC52:	08      	 
DC/FC53:	550A    	eor $0A,X
DC/FC55:	592895  	eor $9528,Y
DC/FC58:	2A      	rol A
DC/FC59:	990C55  	sta $550C,Y
DC/FC5C:	0E592C  	asl $2C59
DC/FC5F:	952E    	sta $2E,X
DC/FC61:	99FFFF  	sta $FFFF,Y
DC/FC64:	FFFFFFFF	
DC/FC68:	FFFF0000	sbc $0000FF,X
DC/FC6C:	821002  	brl $FE7F
DC/FC6F:	822004  	brl $0092
DC/FC72:	8630    	stx $30
DC/FC74:	0A      	asl A
DC/FC75:	8644    	stx $44
DC/FC77:	1086    	bpl $FBFF
DC/FC79:	541686  	mvn $16,$86
DC/FC7C:	0000    	
DC/FC7E:	0210    	cop $10
DC/FC80:	0202    	cop $02
DC/FC82:	200406  	jsr $0604
DC/FC85:	300A    	bmi $FC91
DC/FC87:	0644    	asl $44
DC/FC89:	1006    	bpl $FC91
DC/FC8B:	541606  	mvn $16,$06
DC/FC8E:	0000    	
DC/FC90:	0100    	ora ($00,X)
DC/FC92:	5C000000	jmp $000000
DC/FC96:	0000    	
DC/FC98:	0000    	
DC/FC9A:	0040    	
DC/FC9C:	4244    	wdm $44
DC/FC9E:	4648    	lsr $48
DC/FCA0:	4A      	lsr A
DC/FCA1:	4C4E00  	jmp $004E
DC/FCA4:	0100    	ora ($00,X)
DC/FCA6:	0100    	ora ($00,X)
DC/FCA8:	0050    	brk $50
DC/FCAA:	5254    	eor ($54)
DC/FCAC:	5658    	lsr $58,X
DC/FCAE:	5A      	phy 
DC/FCAF:	005E    	brk $5E
DC/FCB1:	0000    	
DC/FCB3:	0000    	
DC/FCB5:	0000    	
DC/FCB7:	0000    	
DC/FCB9:	0000    	
DC/FCBB:	0000    	
DC/FCBD:	0000    	
DC/FCBF:	0000    	
DC/FCC1:	0000    	
DC/FCC3:	8F010002	sta $020001
DC/FCC7:	0005    	brk $05
DC/FCC9:	0906    	ora #$06
DC/FCCB:	0007    	brk $07
DC/FCCD:	0008    	brk $08
DC/FCCF:	0009    	brk $09
DC/FCD1:	000A    	brk $0A
DC/FCD3:	000B    	brk $0B
DC/FCD5:	000C    	brk $0C
DC/FCD7:	000D    	brk $0D
DC/FCD9:	000E    	brk $0E
DC/FCDB:	000F    	brk $0F
DC/FCDD:	0010    	
DC/FCDF:	0011    	brk $11
DC/FCE1:	0012    	brk $12
DC/FCE3:	0013    	brk $13
DC/FCE5:	0014    	brk $14
DC/FCE7:	0015    	brk $15
DC/FCE9:	801A    	bra $FD05
DC/FCEB:	0023    	brk $23
DC/FCED:	0024    	brk $24
DC/FCEF:	0025    	brk $25
DC/FCF1:	0026    	brk $26
DC/FCF3:	0027    	brk $27
DC/FCF5:	0028    	brk $28
DC/FCF7:	0029    	brk $29
DC/FCF9:	002A    	brk $2A
DC/FCFB:	002B    	brk $2B
DC/FCFD:	002C    	brk $2C
DC/FCFF:	002D    	brk $2D
DC/FD01:	002E    	brk $2E
DC/FD03:	002F    	brk $2F
DC/FD05:	0030    	brk $30
DC/FD07:	3031    	bmi $FD3A
DC/FD09:	0032    	brk $32
DC/FD0B:	E03300  	cpx #$0033
DC/FD0E:	0001    	
DC/FD10:	0110    	ora ($10,X)
DC/FD12:	0301    	ora $01,S
DC/FD14:	01FF    	ora ($FF,X)
DC/FD16:	0311    	ora $11,S
DC/FD18:	FF011204	sbc $041201,X
DC/FD1C:	0404    	tsb $04
DC/FD1E:	0404    	tsb $04
DC/FD20:	0600    	asl $00
DC/FD22:	0216    	cop $16
DC/FD24:	0202    	cop $02
DC/FD26:	08      	 
DC/FD27:	0602    	asl $02
DC/FD29:	18      	 
DC/FD2A:	0602    	asl $02
DC/FD2C:	0A      	asl A
DC/FD2D:	0001    	
DC/FD2F:	0B      	phd 
DC/FD30:	0001    	
DC/FD32:	1A      	inc A
DC/FD33:	0201    	cop $01
DC/FD35:	1B      	tcs 
DC/FD36:	0201    	cop $01
DC/FD38:	0C0802  	tsb $0208
DC/FD3B:	1C0A02  	trb $020A
DC/FD3E:	0E0C02  	asl $020C
DC/FD41:	1E0E02  	asl $020E,X
DC/FD44:	201002  	jsr $0210
DC/FD47:	3012    	bmi $FD5B
DC/FD49:	0214    	cop $14
DC/FD4B:	309F    	bmi $FCEC
DC/FD4D:	140E    	trb $0E
DC/FD4F:	FD2103  	sbc $0321,X
DC/FD52:	90FC    	bcc $FD50
DC/FD54:	03A0    	ora $A0,S
DC/FD56:	A420    	ldy $20
DC/FD58:	C00000  	cpy #$0000
DC/FD5B:	6606    	ror $06
DC/FD5D:	660A    	ror $0A
DC/FD5F:	6646    	ror $46
DC/FD61:	6640    	ror $40
DC/FD63:	66FF    	ror $FF
DC/FD65:	FF0066CE	sbc $CE6600,X
DC/FD69:	66CC    	ror $CC
DC/FD6B:	6660    	ror $60
DC/FD6D:	6642    	ror $42
DC/FD6F:	66FF    	ror $FF
DC/FD71:	FFFFFFFF	
DC/FD75:	FFFFFFFF	
DC/FD79:	FFFFFFFF	
DC/FD7D:	FF00664E	sbc $4E6600,X
DC/FD81:	664C    	ror $4C
DC/FD83:	66E0    	ror $E0
DC/FD85:	6682    	ror $82
DC/FD87:	66FF    	ror $FF
DC/FD89:	FF8266A0	sbc $A06682,X
DC/FD8D:	660C    	ror $0C
DC/FD8F:	660E    	ror $0E
DC/FD91:	6640    	ror $40
DC/FD93:	66FF    	ror $FF
DC/FD95:	FF826684	sbc $846682,X
DC/FD99:	6608    	ror $08
DC/FD9B:	6604    	ror $04
DC/FD9D:	6602    	ror $02
DC/FD9F:	66FF    	ror $FF
DC/FDA1:	FF8266E0	sbc $E06682,X
DC/FDA5:	664C    	ror $4C
DC/FDA7:	664E    	ror $4E
DC/FDA9:	6600    	ror $00
DC/FDAB:	66FF    	ror $FF
DC/FDAD:	FFFFFFFF	
DC/FDB1:	FFFFFFFF	
DC/FDB5:	FFFFFFFF	
DC/FDB9:	FFFFFFFF	
DC/FDBD:	FFFFFFFF	
DC/FDC1:	FFFFFFFF	
DC/FDC5:	FF40668E	sbc $8E6640,X
DC/FDC9:	668C    	ror $8C
DC/FDCB:	6620    	ror $20
DC/FDCD:	6602    	ror $02
DC/FDCF:	66FF    	ror $FF
DC/FDD1:	FF406646	sbc $466640,X
DC/FDD5:	664A    	ror $4A
DC/FDD7:	6606    	ror $06
DC/FDD9:	6600    	ror $00
DC/FDDB:	66FF    	ror $FF
DC/FDDD:	FF40660E	sbc $0E6640,X
DC/FDE1:	660C    	ror $0C
DC/FDE3:	66A0    	ror $A0
DC/FDE5:	66C2    	ror $C2
DC/FDE7:	66FF    	ror $FF
DC/FDE9:	FF026620	sbc $206602,X
DC/FDED:	668C    	ror $8C
DC/FDEF:	668E    	ror $8E
DC/FDF1:	6640    	ror $40
DC/FDF3:	66FF    	ror $FF
DC/FDF5:	FFFFFFFF	
DC/FDF9:	FFFFFFFF	
DC/FDFD:	FFFFFFFF	
DC/FE01:	FF426620	sbc $206642,X
DC/FE05:	66CC    	ror $CC
DC/FE07:	66CE    	ror $CE
DC/FE09:	6600    	ror $00
DC/FE0B:	66FF    	ror $FF
DC/FE0D:	FF026604	sbc $046602,X
DC/FE11:	6608    	ror $08
DC/FE13:	6684    	ror $84
DC/FE15:	6682    	ror $82
DC/FE17:	66FF    	ror $FF
DC/FE19:	FF006600	sbc $006600,X
DC/FE1D:	6600    	ror $00
DC/FE1F:	66FF    	ror $FF
DC/FE21:	FF826682	sbc $826682,X
DC/FE25:	6682    	ror $82
DC/FE27:	66FF    	ror $FF
DC/FE29:	FF406640	sbc $406640,X
DC/FE2D:	6640    	ror $40
DC/FE2F:	66FF    	ror $FF
DC/FE31:	FF026602	sbc $026602,X
DC/FE35:	6602    	ror $02
DC/FE37:	66FF    	ror $FF
DC/FE39:	FF066606	sbc $066606,X
DC/FE3D:	6606    	ror $06
DC/FE3F:	66FF    	ror $FF
DC/FE41:	FF846684	sbc $846684,X
DC/FE45:	6684    	ror $84
DC/FE47:	66FF    	ror $FF
DC/FE49:	FF466646	sbc $466646,X
DC/FE4D:	6646    	ror $46
DC/FE4F:	66FF    	ror $FF
DC/FE51:	FF046604	sbc $046604,X
DC/FE55:	6604    	ror $04
DC/FE57:	66FF    	ror $FF
DC/FE59:	FF000002	sbc $020000,X
DC/FE5D:	1002    	bpl $FE61
DC/FE5F:	0202    	cop $02
DC/FE61:	0002    	
DC/FE63:	1204    	ora ($04)
DC/FE65:	0204    	cop $04
DC/FE67:	0002    	
DC/FE69:	1406    	trb $06
DC/FE6B:	0206    	cop $06
DC/FE6D:	0002    	
DC/FE6F:	1608    	asl $08,X
DC/FE71:	020A    	cop $0A
DC/FE73:	38      	sec 
DC/FE74:	5208    	eor ($08)
DC/FE76:	5A      	phy 
DC/FE77:	FE0304  	inc $0403,X
DC/FE7A:	30FD    	bmi $FE79
DC/FE7C:	0400    	tsb $00
DC/FE7E:	C220    	rep #$20
DC/FE80:	DB      	stp 
DC/FE81:	0100    	ora ($00,X)
DC/FE83:	6602    	ror $02
DC/FE85:	6604    	ror $04
DC/FE87:	6606    	ror $06
DC/FE89:	66FF    	ror $FF
DC/FE8B:	FF380034	sbc $340038,X
DC/FE8F:	0030    	brk $30
DC/FE91:	002C    	brk $2C
DC/FE93:	0028    	brk $28
DC/FE95:	0024    	brk $24
DC/FE97:	0020    	
DC/FE99:	001C    	brk $1C
DC/FE9B:	0018    	brk $18
DC/FE9D:	0014    	brk $14
DC/FE9F:	0010    	
DC/FEA1:	000C    	brk $0C
DC/FEA3:	0008    	brk $08
DC/FEA5:	0004    	
DC/FEA7:	0000    	
DC/FEA9:	0006    	brk $06
DC/FEAB:	000D    	brk $0D
DC/FEAD:	0013    	brk $13
DC/FEAF:	0019    	brk $19
DC/FEB1:	001F    	brk $1F
DC/FEB3:	0026    	brk $26
DC/FEB5:	002C    	brk $2C
DC/FEB7:	0032    	brk $32
DC/FEB9:	0038    	brk $38
DC/FEBB:	003E    	
DC/FEBD:	0044    	brk $44
DC/FEBF:	004A    	brk $4A
DC/FEC1:	0050    	brk $50
DC/FEC3:	0056    	brk $56
DC/FEC5:	005C    	brk $5C
DC/FEC7:	0062    	brk $62
DC/FEC9:	0068    	brk $68
DC/FECB:	006D    	brk $6D
DC/FECD:	0073    	brk $73
DC/FECF:	0079    	brk $79
DC/FED1:	007E    	brk $7E
DC/FED3:	0084    	brk $84
DC/FED5:	0089    	brk $89
DC/FED7:	008E    	brk $8E
DC/FED9:	0093    	brk $93
DC/FEDB:	0098    	brk $98
DC/FEDD:	009D    	brk $9D
DC/FEDF:	00A2    	brk $A2
DC/FEE1:	00A7    	brk $A7
DC/FEE3:	00AC    	brk $AC
DC/FEE5:	00B1    	brk $B1
DC/FEE7:	00B5    	brk $B5
DC/FEE9:	00B9    	brk $B9
DC/FEEB:	00BE    	brk $BE
DC/FEED:	00C2    	brk $C2
DC/FEEF:	00C6    	brk $C6
DC/FEF1:	00CA    	brk $CA
DC/FEF3:	00CE    	brk $CE
DC/FEF5:	00D1    	brk $D1
DC/FEF7:	00D5    	brk $D5
DC/FEF9:	00D8    	brk $D8
DC/FEFB:	00DC    	brk $DC
DC/FEFD:	00DF    	brk $DF
DC/FEFF:	00E2    	brk $E2
DC/FF01:	00E5    	brk $E5
DC/FF03:	00E7    	brk $E7
DC/FF05:	00EA    	brk $EA
DC/FF07:	00ED    	brk $ED
DC/FF09:	00EF    	
DC/FF0B:	00F1    	brk $F1
DC/FF0D:	00F3    	brk $F3
DC/FF0F:	00F5    	brk $F5
DC/FF11:	00F7    	
DC/FF13:	00F8    	brk $F8
DC/FF15:	00FA    	
DC/FF17:	00FB    	brk $FB
DC/FF19:	00FC    	brk $FC
DC/FF1B:	00FD    	brk $FD
DC/FF1D:	00FE    	brk $FE
DC/FF1F:	00FF    	
DC/FF21:	00FF    	
DC/FF23:	0000    	
DC/FF25:	0100    	ora ($00,X)
DC/FF27:	0100    	ora ($00,X)
DC/FF29:	01FF    	ora ($FF,X)
DC/FF2B:	00FF    	
DC/FF2D:	00FF    	
DC/FF2F:	00FF    	
DC/FF31:	00FF    	
DC/FF33:	00FF    	
DC/FF35:	00FF    	
DC/FF37:	00FF    	
DC/FF39:	00FF    	
DC/FF3B:	00FF    	
DC/FF3D:	00CA    	brk $CA
DC/FF3F:	001F    	brk $1F
DC/FF41:	0100    	ora ($00,X)
DC/FF43:	0201    	cop $01
DC/FF45:	0201    	cop $01
DC/FF47:	1D03D3  	ora $D303,X
DC/FF4A:	0F4B87A7	ora $A7874B
DC/FF4E:	DF9FFFC0	cmp $C0FF9F,X
DC/FF52:	0030    	brk $30
DC/FF54:	C0C8F0  	cpy #$F0C8
DC/FF57:	D6E0    	dec $E0,X
DC/FF59:	E9F6F2  	sbc #$F2F6
DC/FF5C:	FCF5F8  	jsr ($F8F5,X)
DC/FF5F:	C6F9    	dec $F9
DC/FF61:	8123    	sta ($23,X)
DC/FF63:	0B      	phd 
DC/FF64:	0400    	tsb $00
DC/FF66:	1300    	ora ($00,S),Y
DC/FF68:	2D122A  	and $2A12
DC/FF6B:	14D4    	trb $D4
DC/FF6D:	3E1DFE  	rol $FE1D,X
DC/FF70:	FFB1CB00	sbc $00CBB1,X
DC/FF74:	00FF    	
DC/FF76:	8C0008  	sty $0800
DC/FF79:	B1CF    	lda ($CF),Y
DC/FF7B:	AB      	plb 
DC/FF7C:	C7B7    	cmp [$B7]
DC/FF7E:	CFC30000	cmp $0000C3
DC/FF82:	0000    	
DC/FF84:	243C    	bit $3C
DC/FF86:	18      	 
DC/FF87:	2418    	bit $18
DC/FF89:	2424    	bit $24
DC/FF8B:	3C0000  	bit $0000,X
DC/FF8E:	0000    	
DC/FF90:	0000    	
DC/FF92:	18      	 
DC/FF93:	0000    	
DC/FF95:	0042    	brk $42
DC/FF97:	0042    	brk $42
DC/FF99:	0000    	
DC/FF9B:	0018    	brk $18
DC/FF9D:	0000    	
DC/FF9F:	0000    	
DC/FFA1:	0000    	
DC/FFA3:	0000    	
DC/FFA5:	0028    	brk $28
DC/FFA7:	38      	sec 
DC/FFA8:	1028    	bpl $FFD2
DC/FFAA:	28      	 
DC/FFAB:	38      	sec 
DC/FFAC:	0000    	
DC/FFAE:	0000    	
DC/FFB0:	0000    	
DC/FFB2:	0000    	
DC/FFB4:	0000    	
DC/FFB6:	0000    	
DC/FFB8:	0000    	
DC/FFBA:	0000    	
DC/FFBC:	0000    	
DC/FFBE:	0000    	
DC/FFC0:	0000    	
DC/FFC2:	0000    	
DC/FFC4:	0000    	
DC/FFC6:	28      	 
DC/FFC7:	0010    	
DC/FFC9:	1028    	bpl $FFF3
DC/FFCB:	0000    	
DC/FFCD:	0000    	
DC/FFCF:	0000    	
DC/FFD1:	0000    	
DC/FFD3:	0000    	
DC/FFD5:	0038    	brk $38
DC/FFD7:	0028    	brk $28
DC/FFD9:	0038    	brk $38
DC/FFDB:	0000    	
DC/FFDD:	0000    	
DC/FFDF:	0000    	
DC/FFE1:	0000    	
DC/FFE3:	0000    	
DC/FFE5:	0010    	
DC/FFE7:	0038    	brk $38
DC/FFE9:	0010    	
DC/FFEB:	0000    	
DC/FFED:	0000    	
DC/FFEF:	0000    	
DC/FFF1:	0000    	
DC/FFF3:	0000    	
DC/FFF5:	0010    	
DC/FFF7:	0028    	brk $28
DC/FFF9:	0010    	
DC/FFFB:	0000    	
DC/FFFD:	0000    	
DC/FFFF:	00